City_Name,K_Resolution,Centroid_Longitude,Centroid_Latitude,Aggregated_Population,Population_Center_ID
Roma,4400,12.444112374062207,41.90652757723648,592.8559265136719,432
Roma,4400,12.596209364121796,41.80167737759457,483.0084934234619,432
Roma,4400,12.555169709478484,41.86293366405889,678.9739761352539,432
Roma,4400,12.672890628588716,41.92450333806216,114.87831115722656,432
Roma,4400,12.52592065592579,41.943912001179235,767.6960563659668,432
Roma,4400,12.697143451756055,41.7772350748688,244.763916015625,432
Roma,4400,12.649607691031727,41.86636910090014,740.4650115966797,432
Roma,4400,12.42874434322615,41.843754223762204,843.8787460327148,432
Roma,4400,12.487860486962948,41.89712390419621,874.5378875732422,432
Roma,4400,12.601281125743576,41.9109472267585,262.6095600128174,432
Roma,4400,12.491698877953972,41.84683642258894,462.87146759033203,432
Roma,4400,12.646357825923497,41.977584601114664,290.8578357696533,432
Roma,4400,12.51710008240623,41.90865765546494,999.7301177978516,432
Roma,4400,12.5332304871827,41.79105375307872,311.43405532836914,432
Roma,4400,12.592319895508952,41.87008553880239,703.0132293701172,432
Roma,4400,12.441073958306443,41.84459197942417,461.81722259521484,432
Roma,4400,12.555059365265489,41.97311536316336,236.53482627868652,432
Roma,4400,12.691599150499938,41.85732163701285,368.16439628601074,432
Roma,4400,12.425999466346973,41.97949670694894,95.57712364196777,432
Roma,4400,12.430813472681528,41.948140905814746,242.38168144226074,432
Roma,4400,12.642284104694328,41.81878684599623,204.26887321472168,432
Roma,4400,12.547711341728931,41.91427252871404,906.8523941040039,432
Roma,4400,12.400548033696152,41.93017345066107,197.9546604156494,432
Roma,4400,12.622749376360352,41.852215295330936,438.3073196411133,432
Roma,4400,12.36190179369267,41.784531977047116,1038.1082038879395,432
Roma,4400,12.444242963654624,41.78720525074819,385.261905670166,432
Roma,4400,12.391306473966482,41.78585505571189,331.4973735809326,432
Roma,4400,12.617091932535246,41.82503265560939,456.30875968933105,432
Roma,4400,12.506689271753077,41.98333350139999,136.60466766357422,432
Roma,4400,12.526926227447127,41.87782244304741,1068.2792358398438,432
Roma,4400,12.545045078153484,41.85456908215927,382.9468460083008,432
Roma,4400,12.463606557003425,41.86255420353459,695.3152236938477,432
Roma,4400,12.558402181164562,41.82991644919036,493.7510452270508,432
Roma,4400,12.618644560831465,41.811089376096035,750.5831317901611,432
Roma,4400,12.361038627080719,41.868787495153256,454.910120010376,432
Roma,4400,12.375741224178874,41.93449414363989,235.49471282958984,432
Roma,4400,12.478324509674586,41.89245113588811,772.1678695678711,432
Roma,4400,12.422793672017233,41.88481994933376,592.4534950256348,432
Roma,4400,12.54308081775479,41.96017987158477,454.8994083404541,432
Roma,4400,12.687116736610932,41.81368870504947,270.7820167541504,432
Roma,4400,12.562693757390871,41.89722696458194,719.1873016357422,432
Roma,4400,12.552863884657206,41.910218799791025,763.4624786376953,432
Roma,4400,12.413333370803256,41.91143330869808,554.8426208496094,432
Roma,4400,12.60271732540062,41.834001100443885,365.3152275085449,432
Roma,4400,12.505546879501535,41.935915500513424,113.71850967407227,432
Roma,4400,12.547824895874195,41.93678200527073,609.9856605529785,432
Roma,4400,12.532294512427328,41.92314744525189,954.0972290039062,432
Roma,4400,12.641842578844429,41.874241785376604,533.057300567627,432
Roma,4400,12.683900664071887,41.875420335594775,303.1955509185791,432
Roma,4400,12.64475366784355,41.94038666639762,356.71744537353516,432
Roma,4400,12.6691210428648,41.79361760176184,461.9066352844238,432
Roma,4400,12.522438285435138,41.930338512041395,877.2240905761719,432
Roma,4400,12.476120009150812,41.82421896779105,920.3389511108398,432
Roma,4400,12.39130144195045,41.914271122349454,676.6571273803711,432
Roma,4400,12.585681367640804,41.936820996281654,703.2359237670898,432
Roma,4400,12.583748358839049,41.82166451771645,234.97000312805176,432
Roma,4400,12.515675353898173,41.834258694722266,427.8048343658447,432
Roma,4400,12.683577335898258,41.906388683843495,485.61284255981445,432
Roma,4400,12.56989259922193,41.85563945325078,463.0856742858887,432
Roma,4400,12.465829298397617,41.877917216820215,499.52732849121094,432
Roma,4400,12.648337242928065,41.931843304709595,1036.919521331787,432
Roma,4400,12.486960082358891,41.86654792782996,690.8524017333984,432
Roma,4400,12.412971668580717,41.87241700207523,378.257661819458,432
Roma,4400,12.412868018416962,41.90267479791758,1140.7339096069336,432
Roma,4400,12.39723315685292,41.81920347646358,166.90802574157715,432
Roma,4400,12.536818291430874,41.9005235354446,591.2235794067383,432
Roma,4400,12.396751465370485,41.95528035531203,435.651762008667,432
Roma,4400,12.484973325130495,41.84850128368094,723.4734268188477,432
Roma,4400,12.453173589135412,41.91160600605634,1082.9884033203125,432
Roma,4400,12.459707980023243,41.90535915967911,1314.206069946289,432
Roma,4400,12.377563767305798,41.79353378600898,459.5348434448242,432
Roma,4400,12.484164669183585,41.922665990665145,832.9243545532227,432
Roma,4400,12.453654190877531,41.823930282461326,985.419059753418,432
Roma,4400,12.463132370735602,41.920505234591126,547.067943572998,432
Roma,4400,12.434338805197864,41.81576738532788,350.575590133667,432
Roma,4400,12.689816276898323,41.949369655926304,256.1119575500488,432
Roma,4400,12.41008981660384,41.9234852153345,733.1774673461914,432
Roma,4400,12.616640946101759,41.97987073535265,247.11859321594238,432
Roma,4400,12.606495317769893,41.94432453843076,181.0149211883545,432
Roma,4400,12.487520168856026,41.85641703872403,478.84847259521484,432
Roma,4400,12.617108342852955,41.93332939216457,251.8688144683838,432
Roma,4400,12.475959839486938,41.78933022140345,291.5005931854248,432
Roma,4400,12.381667105193145,41.88198346638379,239.54750061035156,432
Roma,4400,12.479273887948295,41.958427320575545,148.37496948242188,432
Roma,4400,12.455911811021352,41.95771041805377,314.895055770874,432
Roma,4400,12.467550509725974,41.85606589784926,652.0219554901123,432
Roma,4400,12.548945678465985,41.90889488250873,972.4490280151367,432
Roma,4400,12.626375665693924,41.86953713499072,791.4532699584961,432
Roma,4400,12.57947659963323,41.91471254613881,543.8770408630371,432
Roma,4400,12.695591477873553,41.88238994030745,584.6514644622803,432
Roma,4400,12.419990878783599,41.927890080928854,886.5461196899414,432
Roma,4400,12.67896013088118,41.89247843112947,624.55246925354,432
Roma,4400,12.444196214202908,41.85659537052602,520.9000663757324,432
Roma,4400,12.492220383008949,41.7890533692429,201.8689365386963,432
Roma,4400,12.366200593713923,41.921189467531796,487.89835357666016,432
Roma,4400,12.570239393896907,41.870248666558446,406.9337387084961,432
Roma,4400,12.523414211384571,41.783016026139286,305.5463809967041,432
Roma,4400,12.676638656261726,41.86225929508476,1328.0304641723633,432
Roma,4400,12.518816482023423,41.951552355459015,851.7610473632812,432
Roma,4400,12.454605123435849,41.7854166870382,79.7742977142334,432
Roma,4400,12.445418558829227,41.80898264917834,512.8477325439453,432
Roma,4400,12.565422294061896,41.93059411815779,613.3032569885254,432
Roma,4400,12.456701437453427,41.829683589641874,521.9705200195312,432
Roma,4400,12.614011052007601,41.88406021337598,309.9499053955078,432
Roma,4400,12.581873140887438,41.83625204398897,384.3165473937988,432
Roma,4400,12.445213148402047,41.967149242585734,754.301923751831,432
Roma,4400,12.50895106206483,41.825304106681195,708.9579219818115,432
Roma,4400,12.670685098361815,41.89726487443634,446.56749534606934,432
Roma,4400,12.436316879652814,41.799547134009785,533.0105571746826,432
Roma,4400,12.585251958112906,41.90308668454506,540.327112197876,432
Roma,4400,12.574081916652002,41.95534885140564,337.14585876464844,432
Roma,4400,12.527297086396041,41.95043448987271,939.9276847839355,432
Roma,4400,12.555754341806635,41.85435506554146,455.94782638549805,432
Roma,4400,12.439921629210378,41.925165497343386,512.8061180114746,432
Roma,4400,12.377438377778876,41.77658884901851,423.00574111938477,432
Roma,4400,12.590225569687716,41.799511713851906,133.30431365966797,432
Roma,4400,12.56563521362186,41.97786492049975,198.87265014648438,432
Roma,4400,12.608689919562869,41.776615384344275,341.39794540405273,432
Roma,4400,12.39094143892842,41.94642302536156,322.01815605163574,432
Roma,4400,12.450008184856017,41.87648809053514,760.2309875488281,432
Roma,4400,12.468407195735546,41.869689566755596,814.1763763427734,432
Roma,4400,12.453786329789999,41.863090228432114,447.95435523986816,432
Roma,4400,12.448431817292567,41.94406369776885,250.25578498840332,432
Roma,4400,12.482222493026535,41.84987383098066,169.96126556396484,432
Roma,4400,12.48272698922641,41.83536731796321,619.2933292388916,432
Roma,4400,12.451409891163374,41.80286974745532,344.3067817687988,432
Roma,4400,12.607389565816954,41.778301562369485,234.54232597351074,432
Roma,4400,12.471033113219404,41.85193752829199,481.9844608306885,432
Roma,4400,12.555893135956195,41.93813545356888,821.4144992828369,432
Roma,4400,12.59021317724718,41.77702740187786,298.3627414703369,432
Roma,4400,12.423705967373987,41.79394234996444,808.8374137878418,432
Roma,4400,12.45719266299497,41.858988186784245,653.7489929199219,432
Roma,4400,12.41373924587756,41.850821748252564,190.41081047058105,432
Roma,4400,12.493525398462687,41.91264778015307,545.2426242828369,432
Roma,4400,12.67425640352178,41.8716844647497,468.13514709472656,432
Roma,4400,12.499623959955839,41.864981161147675,564.5447750091553,432
Roma,4400,12.37841928746336,41.95342318130903,455.98397636413574,432
Roma,4400,12.445173417316756,41.80483448224074,505.11281967163086,432
Roma,4400,12.576148106708992,41.88386813062322,997.5591430664062,432
Roma,4400,12.625873332533768,41.81631005569678,429.0307502746582,432
Roma,4400,12.5138105972019,41.96637732381325,450.8562545776367,432
Roma,4400,12.58516152954014,41.88305498889297,284.36364936828613,432
Roma,4400,12.544131524361925,41.9708321669306,370.2768039703369,432
Roma,4400,12.549499514343365,41.97265085888141,442.66845893859863,432
Roma,4400,12.63423372543852,41.808684208271806,181.74802207946777,432
Roma,4400,12.484493167562698,41.809338533425965,724.5933055877686,432
Roma,4400,12.56966811773546,41.945081372313005,738.5250396728516,432
Roma,4400,12.462767523410104,41.81616132410607,336.55056953430176,432
Roma,4400,12.605818095608749,41.859573050856696,853.7493667602539,432
Roma,4400,12.578130474179112,41.87749899231878,665.6775016784668,432
Roma,4400,12.597514227545753,41.814871693251305,572.3414192199707,432
Roma,4400,12.470016812129773,41.79009303926632,388.99036598205566,432
Roma,4400,12.416344193191382,41.93519267617363,583.8000068664551,432
Roma,4400,12.519944080930388,41.98039457838996,162.4458465576172,432
Roma,4400,12.541455990436962,41.87122579127085,627.2726020812988,432
Roma,4400,12.360124791252563,41.83125426988167,129.3681640625,432
Roma,4400,12.663731106981826,41.96379881749783,172.68059921264648,432
Roma,4400,12.654559365659285,41.84818574687582,190.8602752685547,432
Roma,4400,12.633353645559176,41.83583693722996,131.81532669067383,432
Roma,4400,12.386095416722828,41.90186689048544,865.9988689422607,432
Roma,4400,12.674841966926063,41.85295549037581,665.0150279998779,432
Roma,4400,12.547591875234419,41.94540199084615,630.7957000732422,432
Roma,4400,12.413397786354874,41.960601198128224,293.8074703216553,432
Roma,4400,12.418473433831277,41.85375592858421,366.2545852661133,432
Roma,4400,12.411665897019997,41.83120483561271,47.70074272155762,432
Roma,4400,12.453982928771785,41.795603197649996,629.2213954925537,432
Roma,4400,12.614896451219767,41.793138168036414,655.9069862365723,432
Roma,4400,12.406219771549418,41.925985175078154,496.4873924255371,432
Roma,4400,12.363732491402294,41.90923640496095,326.3448543548584,432
Roma,4400,12.616954139014231,41.977866313012534,131.03099822998047,432
Roma,4400,12.596760226708499,41.86425716573231,720.9470062255859,432
Roma,4400,12.528497337263051,41.91101429032399,894.7636871337891,432
Roma,4400,12.52041258176431,41.88955711424656,1095.2264099121094,432
Roma,4400,12.468781960611402,41.88527477141955,356.5562286376953,432
Roma,4400,12.431343427600305,41.8526708326365,333.37132453918457,432
Roma,4400,12.41762933572362,41.8934830270387,649.128662109375,432
Roma,4400,12.532617154572774,41.86908191933279,599.9762115478516,432
Roma,4400,12.555747926718812,41.887344061428685,636.5508861541748,432
Roma,4400,12.6086542769575,41.850212057048644,379.93804931640625,432
Roma,4400,12.485900824353733,41.81839276968668,436.50022888183594,432
Roma,4400,12.47315544767025,41.83466355453006,630.3180351257324,432
Roma,4400,12.551981394730172,41.95808754448124,422.4511241912842,432
Roma,4400,12.62486271405878,41.93095404152675,293.75756454467773,432
Roma,4400,12.5916980177345,41.90992945938329,331.0052146911621,432
Roma,4400,12.436386472517624,41.85591125621127,406.08069801330566,432
Roma,4400,12.429584272785327,41.9040416829344,433.69722747802734,432
Roma,4400,12.559473812870344,41.946706417396136,775.107551574707,432
Roma,4400,12.513713390561325,41.89382467435831,715.0186576843262,432
Roma,4400,12.44238591087413,41.950389686834306,347.4599952697754,432
Roma,4400,12.605685066888498,41.86254135386273,614.6891574859619,432
Roma,4400,12.68079531904237,41.80955575723305,410.2220935821533,432
Roma,4400,12.625947070123201,41.945339026348925,174.94608688354492,432
Roma,4400,12.551673124897855,41.92138207942837,542.9642105102539,432
Roma,4400,12.673318835480444,41.82648006202079,77.43867683410645,432
Roma,4400,12.630560350409707,41.89003460913981,293.6649856567383,432
Roma,4400,12.465013347226506,41.936843947247326,549.9703216552734,432
Roma,4400,12.594064683927447,41.80635229166152,482.58873748779297,432
Roma,4400,12.497594455510617,41.9039611879822,792.2796440124512,432
Roma,4400,12.550731196269446,41.875040116323,648.6592063903809,432
Roma,4400,12.529833553641234,41.80904649041055,258.79162788391113,432
Roma,4400,12.515281036099843,41.86970188386566,590.4791297912598,432
Roma,4400,12.373347936158956,41.924954886360354,515.3979930877686,432
Roma,4400,12.64102256275272,41.93000851168885,645.9166603088379,432
Roma,4400,12.47176719693459,41.81623667762069,592.0730285644531,432
Roma,4400,12.46651902728271,41.824416113859755,525.1270179748535,432
Roma,4400,12.578346066245238,41.811316169749595,94.58389663696289,432
Roma,4400,12.610446449749618,41.89643287141242,222.5393295288086,432
Roma,4400,12.549038094980446,41.978848959598686,253.3658504486084,432
Roma,4400,12.473625655466426,41.843865905661694,298.16470527648926,432
Roma,4400,12.52750026035975,41.886235699923006,708.8554725646973,432
Roma,4400,12.50581360493941,41.840092397000966,531.3261699676514,432
Roma,4400,12.50081031589217,41.88424347051657,820.5638618469238,432
Roma,4400,12.606808658401578,41.80566920937461,652.0039482116699,432
Roma,4400,12.440327198059283,41.97195076508021,803.3974151611328,432
Roma,4400,12.39581159210515,41.96133559632728,203.02377700805664,432
Roma,4400,12.544878359653307,41.87080057410653,1098.340175628662,432
Roma,4400,12.679523291940702,41.91277502665356,236.8526268005371,432
Roma,4400,12.491774225261082,41.87922603983818,230.04727935791016,432
Roma,4400,12.572211044547688,41.81584312361636,249.26612663269043,432
Roma,4400,12.488164759843878,41.97554547391026,100.86446762084961,432
Roma,4400,12.548274207775302,41.8893386047564,825.2183799743652,432
Roma,4400,12.47579461259592,41.93870533997815,689.7707271575928,432
Roma,4400,12.476726038522632,41.90484603296196,1082.876121520996,432
Roma,4400,12.483821189547779,41.93561871934368,115.68927192687988,432
Roma,4400,12.496666838976783,41.82340687643936,500.02709197998047,432
Roma,4400,12.362766107149552,41.93288923414277,338.3810577392578,432
Roma,4400,12.692247313918493,41.88757149968847,212.94330024719238,432
Roma,4400,12.384777535487725,41.95507393969143,270.1598701477051,432
Roma,4400,12.631805454369832,41.97263557761467,398.3821334838867,432
Roma,4400,12.644838070199656,41.95303413486888,473.49298667907715,432
Roma,4400,12.549878441788888,41.840747427976346,534.7353630065918,432
Roma,4400,12.66139609734511,41.882093717059064,608.8784408569336,432
Roma,4400,12.53434911508906,41.88406206174447,772.7628936767578,432
Roma,4400,12.45502983559878,41.931893620037485,283.7971382141113,432
Roma,4400,12.647383332021846,41.88960138588354,201.95066833496094,432
Roma,4400,12.43578179818667,41.93515640661651,450.5512218475342,432
Roma,4400,12.459787643403933,41.93737206461022,190.17568016052246,432
Roma,4400,12.666597204912156,41.82076534672812,371.7097682952881,432
Roma,4400,12.418159310326427,41.84754677131569,368.6893768310547,432
Roma,4400,12.464674669161633,41.925663533159366,798.8863067626953,432
Roma,4400,12.690693650359416,41.903358478907855,474.4626064300537,432
Roma,4400,12.643631944804701,41.935175004362534,597.1116485595703,432
Roma,4400,12.636237176352202,41.93347274720507,309.22261238098145,432
Roma,4400,12.514526881192403,41.87785833106672,560.8373184204102,432
Roma,4400,12.667229068510014,41.91818165144281,412.4733371734619,432
Roma,4400,12.439641893099644,41.94812257060302,566.9578399658203,432
Roma,4400,12.439594894204209,41.89016846440391,358.3897399902344,432
Roma,4400,12.518698051280653,41.89634188083284,1140.2810134887695,432
Roma,4400,12.564196257362301,41.905885275577994,547.5064315795898,432
Roma,4400,12.440834778448203,41.807484082481494,678.4190673828125,432
Roma,4400,12.454887696909307,41.85028203756457,536.1716899871826,432
Roma,4400,12.563882887299076,41.88424210716798,954.7173080444336,432
Roma,4400,12.473767891980438,41.92377192575462,642.9432582855225,432
Roma,4400,12.681937776346146,41.7838273033626,431.90890884399414,432
Roma,4400,12.508414918112898,41.97322344242627,549.5218086242676,432
Roma,4400,12.603372515518585,41.91953607128556,316.9200134277344,432
Roma,4400,12.446974332552672,41.85618588380002,900.4477462768555,432
Roma,4400,12.586603606115983,41.88911660055803,338.14040756225586,432
Roma,4400,12.576527945974128,41.916485679183566,445.6582374572754,432
Roma,4400,12.573961612704977,41.92662797403461,553.7833099365234,432
Roma,4400,12.688207495183187,41.911780953267005,562.9615135192871,432
Roma,4400,12.498999919620276,41.91957139513967,809.3114776611328,432
Roma,4400,12.482297660918581,41.873629028399996,848.396764755249,432
Roma,4400,12.412985566957639,41.82151169722013,309.24667167663574,432
Roma,4400,12.60578829664964,41.8242820809823,241.89833450317383,432
Roma,4400,12.601026211805761,41.801057760615684,443.24549102783203,432
Roma,4400,12.556665896439997,41.80916683542999,16.405380249023438,432
Roma,4400,12.501711481760504,41.891675273661484,746.8791427612305,432
Roma,4400,12.61105930021591,41.91429292604929,466.33934020996094,432
Roma,4400,12.534051136966479,41.94925593903528,649.5880279541016,432
Roma,4400,12.454457079945346,41.88314284155535,665.7944087982178,432
Roma,4400,12.59792415613763,41.825389076754895,71.54158020019531,432
Roma,4400,12.517163249689359,41.889803431410655,915.2699813842773,432
Roma,4400,12.488341207095532,41.825186959532566,568.1705741882324,432
Roma,4400,12.658094669120795,41.82251165881765,77.23970222473145,432
Roma,4400,12.647541817119384,41.96792110042111,341.92757415771484,432
Roma,4400,12.468631368505303,41.94227308970015,943.3577117919922,432
Roma,4400,12.389963369282793,41.898550698168535,693.7147750854492,432
Roma,4400,12.614838072608311,41.77743956259454,231.71624183654785,432
Roma,4400,12.494619227857608,41.79996309071616,143.78592109680176,432
Roma,4400,12.42373883825619,41.94181317068748,726.6697387695312,432
Roma,4400,12.498945182437094,41.83234209007766,393.0747947692871,432
Roma,4400,12.476772054591127,41.91481525984663,410.2773914337158,432
Roma,4400,12.360601262001143,41.79228694677758,204.05122566223145,432
Roma,4400,12.507557727922876,41.854890340344674,684.7178840637207,432
Roma,4400,12.528491261817706,41.96082194719286,473.23639488220215,432
Roma,4400,12.377921197724575,41.91958299138248,659.1431865692139,432
Roma,4400,12.517184047922203,41.92106571986849,506.6392517089844,432
Roma,4400,12.688335252731436,41.87124535048718,402.39954376220703,432
Roma,4400,12.388733669687843,41.92698902660488,608.9048519134521,432
Roma,4400,12.476482727053737,41.87281648828864,471.7369327545166,432
Roma,4400,12.583769201660038,41.82931253142088,731.050609588623,432
Roma,4400,12.580608347381848,41.86371085467572,631.7026977539062,432
Roma,4400,12.540803286865481,41.90917233716828,650.5113258361816,432
Roma,4400,12.618467732199594,41.8917880473961,119.63142013549805,432
Roma,4400,12.634165896129998,41.91500016833999,17.243005752563477,432
Roma,4400,12.453293345020446,41.952839746163946,437.9309730529785,432
Roma,4400,12.663608552477505,41.908624903117,54.66415596008301,432
Roma,4400,12.525724661335412,41.906078739686336,620.8526420593262,432
Roma,4400,12.6838695823063,41.86950996150186,733.5275115966797,432
Roma,4400,12.572852298535185,41.93836197676253,348.2824172973633,432
Roma,4400,12.40611309599922,41.9655039600595,386.7619209289551,432
Roma,4400,12.494590646526516,41.906663925235534,866.0185012817383,432
Roma,4400,12.66249474781946,41.863345261835164,318.6752166748047,432
Roma,4400,12.401539708189924,41.88922423969668,270.48240089416504,432
Roma,4400,12.569067457732952,41.895858912151255,382.0222854614258,432
Roma,4400,12.604785589157084,41.84437890301695,363.0969524383545,432
Roma,4400,12.487359970481833,41.78994575812096,431.4536933898926,432
Roma,4400,12.412712030063869,41.78924672888357,427.4495391845703,432
Roma,4400,12.520599449155025,41.92771319488999,731.8740234375,432
Roma,4400,12.386028132093694,41.918836339588346,716.6371879577637,432
Roma,4400,12.588058077337731,41.85012737193784,911.5592918395996,432
Roma,4400,12.522023171830542,41.895418272660805,775.2902488708496,432
Roma,4400,12.41238679447937,41.97701848793678,316.115571975708,432
Roma,4400,12.462158971065115,41.792749971889556,348.11341285705566,432
Roma,4400,12.381929914087193,41.89084243506195,236.87386894226074,432
Roma,4400,12.545988185298805,41.77605630762231,131.6767635345459,432
Roma,4400,12.63314172416467,41.86223277228744,946.1177139282227,432
Roma,4400,12.608340033934857,41.81497731207505,617.1056289672852,432
Roma,4400,12.468919087536587,41.83072982937073,399.0308952331543,432
Roma,4400,12.42872338478225,41.8353764162552,564.1436233520508,432
Roma,4400,12.417337458244981,41.93299413091036,749.9175567626953,432
Roma,4400,12.596596138641287,41.897453343786374,253.84729766845703,432
Roma,4400,12.603336686940635,41.79380032832257,436.4205951690674,432
Roma,4400,12.623946431449646,41.86132568753465,766.6119995117188,432
Roma,4400,12.51834605455613,41.94240248259503,564.44602394104,432
Roma,4400,12.605410742441562,41.8108276016863,627.015739440918,432
Roma,4400,12.544688145258219,41.915864745952625,694.2211456298828,432
Roma,4400,12.66525616519786,41.93804764422906,213.02622413635254,432
Roma,4400,12.550546266955193,41.93990022639178,665.9969005584717,432
Roma,4400,12.44210251738672,41.8336853465542,89.85416221618652,432
Roma,4400,12.51292483220032,41.929969654161496,761.5923767089844,432
Roma,4400,12.685602318461276,41.91666910165688,375.0648956298828,432
Roma,4400,12.416552591652648,41.91322875438155,609.3585205078125,432
Roma,4400,12.36746285036592,41.923394061186094,439.3750591278076,432
Roma,4400,12.61943270435199,41.87740481573704,573.2822856903076,432
Roma,4400,12.373790326857478,41.94625661290879,288.09213638305664,432
Roma,4400,12.485067794686634,41.945552510993046,326.6472969055176,432
Roma,4400,12.422150874855589,41.87644759414179,767.1877212524414,432
Roma,4400,12.451365513491194,41.81291177358869,421.8495674133301,432
Roma,4400,12.541271980445394,41.864163789816516,879.5196189880371,432
Roma,4400,12.381057341083883,41.95436677186409,686.3050785064697,432
Roma,4400,12.627115910098318,41.892100145661274,208.03234481811523,432
Roma,4400,12.56388829741449,41.89184318564341,724.5772476196289,432
Roma,4400,12.559028078221601,41.94385731173342,694.8741607666016,432
Roma,4400,12.376446125660042,41.785265321885205,1079.0993843078613,432
Roma,4400,12.421545333819031,41.91458311535026,579.4050254821777,432
Roma,4400,12.605449579717034,41.908239792372655,757.977222442627,432
Roma,4400,12.536660393337375,41.93653709059829,727.8623199462891,432
Roma,4400,12.657499229369998,41.81833350205999,18.733301162719727,432
Roma,4400,12.470250570867105,41.92632275570455,686.2099723815918,432
Roma,4400,12.475206162405337,41.94615512554946,710.9551811218262,432
Roma,4400,12.414934279376098,41.9492700050395,134.49699020385742,432
Roma,4400,12.629910436767377,41.97969896595408,306.6461696624756,432
Roma,4400,12.386341931286045,41.87926235928887,184.8692398071289,432
Roma,4400,12.563402972302697,41.8760839232643,382.6092109680176,432
Roma,4400,12.506936768543984,41.93505739402781,204.85540962219238,432
Roma,4400,12.455570633400807,41.86143081999248,893.5227584838867,432
Roma,4400,12.588743689591265,41.8575874700614,279.1596260070801,432
Roma,4400,12.60604966984638,41.94637546530953,103.27952575683594,432
Roma,4400,12.380313107676084,41.9598406775578,234.05341911315918,432
Roma,4400,12.65054037659779,41.941710223978625,295.2103385925293,432
Roma,4400,12.428439143194815,41.861345478326804,262.60929107666016,432
Roma,4400,12.49541349522596,41.921838286591964,759.1003723144531,432
Roma,4400,12.4630194261387,41.838444364751425,241.83112716674805,432
Roma,4400,12.37971326963352,41.77713064948429,424.01595878601074,432
Roma,4400,12.465011287484886,41.946258918363974,801.5570602416992,432
Roma,4400,12.595837358766135,41.84065906402063,693.1492156982422,432
Roma,4400,12.596904548934987,41.8067333855437,601.7380332946777,432
Roma,4400,12.503105544489413,41.87581658673745,611.8621196746826,432
Roma,4400,12.562644811883244,41.91798849732518,552.3928260803223,432
Roma,4400,12.428740288755979,41.938328298237195,745.1121444702148,432
Roma,4400,12.444888140884544,41.91796147154197,474.0222358703613,432
Roma,4400,12.42495394839056,41.85407627912162,326.55133628845215,432
Roma,4400,12.496777753350772,41.83170942908096,317.3372402191162,432
Roma,4400,12.571244612019699,41.86196175396282,488.88224029541016,432
Roma,4400,12.682950032790023,41.859487723488,884.1226348876953,432
Roma,4400,12.416422521795939,41.9796329992955,134.25088500976562,432
Roma,4400,12.64958138589756,41.96099282718714,397.14366149902344,432
Roma,4400,12.412490044927292,41.89819930461809,1113.0709953308105,432
Roma,4400,12.470380036261586,41.94408531915418,684.6219635009766,432
Roma,4400,12.619698137042377,41.78197467448974,226.6990203857422,432
Roma,4400,12.426468910249628,41.92875298496664,503.7656192779541,432
Roma,4400,12.475650299835722,41.85127442095141,773.7246170043945,432
Roma,4400,12.551165211747197,41.978775979189535,99.19651222229004,432
Roma,4400,12.678398542466772,41.88131505459569,464.517484664917,432
Roma,4400,12.492347121488502,41.922243761054375,716.371639251709,432
Roma,4400,12.639105886840449,41.85561051756937,632.3818874359131,432
Roma,4400,12.576533311077144,41.849450276297205,449.6291160583496,432
Roma,4400,12.604415827799471,41.93105522127322,155.31507873535156,432
Roma,4400,12.619940234122907,41.79454727400814,386.98874282836914,432
Roma,4400,12.384638103553446,41.916529314152044,614.8051147460938,432
Roma,4400,12.553535503992684,41.87947860924111,564.3140468597412,432
Roma,4400,12.585348609793174,41.84150986370699,332.9000301361084,432
Roma,4400,12.621566442746618,41.86703457775631,882.1656875610352,432
Roma,4400,12.510323586518709,41.80653081176956,95.46095657348633,432
Roma,4400,12.534162155159297,41.90941634636403,559.8217926025391,432
Roma,4400,12.438385301736814,41.974120749206975,479.78137016296387,432
Roma,4400,12.525049564373123,41.918641682276615,920.1460342407227,432
Roma,4400,12.504074396245342,41.85711657958513,652.2880058288574,432
Roma,4400,12.65485576455236,41.91015006875508,138.40444564819336,432
Roma,4400,12.441815386162922,41.805249594033114,478.7258129119873,432
Roma,4400,12.435067372879834,41.79003585704056,820.1062641143799,432
Roma,4400,12.439126835252596,41.84075981425619,585.7705268859863,432
Roma,4400,12.673956417780259,41.86111854004192,945.0785903930664,432
Roma,4400,12.48307698334892,41.92694286897168,881.6541881561279,432
Roma,4400,12.514890287304333,41.78887744438751,417.8059825897217,432
Roma,4400,12.463902094766183,41.88571951686384,598.4418048858643,432
Roma,4400,12.487408191987194,41.91874743859991,356.2812671661377,432
Roma,4400,12.612154996238196,41.84377903963273,303.8999652862549,432
Roma,4400,12.550731111411666,41.93755252824639,585.6580047607422,432
Roma,4400,12.49594662023453,41.85902181059382,554.7470264434814,432
Roma,4400,12.426824807346616,41.891233856678014,301.327112197876,432
Roma,4400,12.439881622131697,41.873808134787986,468.83581161499023,432
Roma,4400,12.436738837612056,41.77993706496113,535.1654624938965,432
Roma,4400,12.57721138435185,41.89554253742089,242.46656227111816,432
Roma,4400,12.510994017390917,41.97679200135324,551.798490524292,432
Roma,4400,12.520345767788902,41.82937342112716,197.71152687072754,432
Roma,4400,12.540958642192336,41.9480406296835,828.3942947387695,432
Roma,4400,12.466111086063712,41.89937631335968,1046.6133995056152,432
Roma,4400,12.46601697809996,41.8677372897303,1054.550277709961,432
Roma,4400,12.51861003943344,41.81771810791774,147.99465942382812,432
Roma,4400,12.690571727668413,41.780309324247,363.5290412902832,432
Roma,4400,12.666899173716729,41.92404100757149,166.03661727905273,432
Roma,4400,12.537061716550488,41.95117460596421,545.8044414520264,432
Roma,4400,12.57047395984533,41.83089916815793,366.3380012512207,432
Roma,4400,12.64581628683234,41.94902254603496,318.7477397918701,432
Roma,4400,12.618123943047605,41.87478939666667,755.655460357666,432
Roma,4400,12.420876219858041,41.79555114309678,672.9721870422363,432
Roma,4400,12.44390195941366,41.86609624349295,982.6947288513184,432
Roma,4400,12.493966611922794,41.840709303917144,419.1956901550293,432
Roma,4400,12.566430995037281,41.94759088134014,526.7390098571777,432
Roma,4400,12.583716834159464,41.85299389029757,348.38287353515625,432
Roma,4400,12.429385104354028,41.77932147051459,228.41108894348145,432
Roma,4400,12.604997353972253,41.91290115504223,614.8282470703125,432
Roma,4400,12.545648698736562,41.94888736339925,690.1154403686523,432
Roma,4400,12.46984105221381,41.98285407557908,90.84376525878906,432
Roma,4400,12.670091191752826,41.858082847327445,623.8490371704102,432
Roma,4400,12.544384539061676,41.98192616479612,237.95910835266113,432
Roma,4400,12.486611060345796,41.887080028424464,210.33204650878906,432
Roma,4400,12.606490287615525,41.87656842788249,208.62214851379395,432
Roma,4400,12.447907425219704,41.834166835329995,33.54140663146973,432
Roma,4400,12.407499666056696,41.793400763793805,369.68685150146484,432
Roma,4400,12.392773147123417,41.90458908609735,833.3735580444336,432
Roma,4400,12.626433005522438,41.938473245442,617.9107475280762,432
Roma,4400,12.511164891877522,41.8405971054214,455.75457763671875,432
Roma,4400,12.452355643040027,41.78971593137278,123.85753631591797,432
Roma,4400,12.506235072582262,41.91378468264677,1002.5088653564453,432
Roma,4400,12.662402785032548,41.85361546912669,159.65468406677246,432
Roma,4400,12.493637548751973,41.86676907114253,452.3916473388672,432
Roma,4400,12.418544739147166,41.93091884345723,805.3056564331055,432
Roma,4400,12.601679681821487,41.812728610098844,729.3836669921875,432
Roma,4400,12.4355932901726,41.91969132043319,540.867769241333,432
Roma,4400,12.55801676857143,41.917590760525506,835.2549667358398,432
Roma,4400,12.676618692020634,41.8021886667819,149.27818298339844,432
Roma,4400,12.489208453631093,41.929260015153396,912.7741775512695,432
Roma,4400,12.465315399809134,41.91452083744322,890.4867477416992,432
Roma,4400,12.602239253039828,41.8702000868768,268.82610511779785,432
Roma,4400,12.437049699031942,41.94203873573464,355.1788444519043,432
Roma,4400,12.420371595532297,41.83231782901594,163.91197204589844,432
Roma,4400,12.44057998740343,41.940277961048615,692.6223087310791,432
Roma,4400,12.434024055132344,41.94075724922471,716.8483657836914,432
Roma,4400,12.699968974263212,41.864182548051204,547.6890048980713,432
Roma,4400,12.37886146952763,41.82784934323577,88.75258255004883,432
Roma,4400,12.477684098430537,41.80772873783679,688.2607688903809,432
Roma,4400,12.39803936580717,41.92071115051361,283.066951751709,432
Roma,4400,12.52559754129394,41.87260071509635,671.6754035949707,432
Roma,4400,12.606169385618927,41.78746198037439,385.27824211120605,432
Roma,4400,12.471207244366578,41.89706175300849,992.4204483032227,432
Roma,4400,12.584152800839867,41.95000671594506,33.65177917480469,432
Roma,4400,12.441916579712485,41.78824320375345,498.06454277038574,432
Roma,4400,12.597156853181744,41.83100112642051,252.90130233764648,432
Roma,4400,12.435011954280561,41.84736448055524,670.3950824737549,432
Roma,4400,12.571428151903515,41.891949840960145,797.5236549377441,432
Roma,4400,12.634687588403374,41.920159386340664,94.57560539245605,432
Roma,4400,12.397727238348871,41.8726836965373,76.747314453125,432
Roma,4400,12.674144482720052,41.94274685341843,143.67447471618652,432
Roma,4400,12.642824004500717,41.980744680626266,228.65966987609863,432
Roma,4400,12.619311314830263,41.91179179295293,241.02818870544434,432
Roma,4400,12.536338885953045,41.86790365859378,564.0877685546875,432
Roma,4400,12.679636587506241,41.91995980531511,320.1944046020508,432
Roma,4400,12.568894293128974,41.85045119246723,428.46460723876953,432
Roma,4400,12.473697040677992,41.932269213997685,340.67526054382324,432
Roma,4400,12.461731052818438,41.94243797509415,840.1274299621582,432
Roma,4400,12.483960434456371,41.83000725136852,454.5441551208496,432
Roma,4400,12.650987627435219,41.81761994325922,195.88617706298828,432
Roma,4400,12.4756243814008,41.835246912417304,436.3873481750488,432
Roma,4400,12.644319489658253,41.82447464215906,491.8793754577637,432
Roma,4400,12.453479364506736,41.966504066186154,367.444637298584,432
Roma,4400,12.44079224500322,41.819134150276724,463.62250900268555,432
Roma,4400,12.634232272019135,41.94291654260455,190.67040634155273,432
Roma,4400,12.408965839221322,41.91573849314636,684.7292900085449,432
Roma,4400,12.691551256551463,41.866860749377025,475.13931465148926,432
Roma,4400,12.36621899995071,41.87054648509043,432.88161277770996,432
Roma,4400,12.552263157480208,41.90504100335116,772.074031829834,432
Roma,4400,12.431624586094811,41.89477586723726,825.3787269592285,432
Roma,4400,12.560559684312484,41.863785669752914,338.92398262023926,432
Roma,4400,12.512933265501083,41.88682606802866,858.3233547210693,432
Roma,4400,12.40405240101648,41.88643517329036,311.873140335083,432
Roma,4400,12.421328713483339,41.911212504663084,710.0667724609375,432
Roma,4400,12.547487291224623,41.9224726949703,499.0997009277344,432
Roma,4400,12.431392128138103,41.87523910464099,455.151403427124,432
Roma,4400,12.61873723366213,41.81935932562051,459.66531562805176,432
Roma,4400,12.629205092286186,41.92711587824041,309.84554862976074,432
Roma,4400,12.531626496536992,41.9463247130375,815.5035438537598,432
Roma,4400,12.38239623109098,41.94150491157809,657.7011032104492,432
Roma,4400,12.410285766434004,41.82091315350995,379.80076789855957,432
Roma,4400,12.417128983290818,41.890835479615575,658.8565273284912,432
Roma,4400,12.521010101537485,41.86930097132147,646.4362354278564,432
Roma,4400,12.567813556519047,41.92506610232174,511.97065925598145,432
Roma,4400,12.551541769525155,41.85493528326661,449.47312355041504,432
Roma,4400,12.432851629662547,41.8049803191641,906.950611114502,432
Roma,4400,12.438486052387145,41.93516313401378,580.3844108581543,432
Roma,4400,12.414272306449543,41.913435226450176,624.000129699707,432
Roma,4400,12.482104264500395,41.95425446434031,360.531925201416,432
Roma,4400,12.573177598984795,41.91379661054773,473.39730072021484,432
Roma,4400,12.662389910913125,41.802803683548845,124.7003116607666,432
Roma,4400,12.373319958299282,41.927580734621515,489.9759101867676,432
Roma,4400,12.532223043624414,41.96740292024873,481.4181880950928,432
Roma,4400,12.46741664573601,41.79260234363888,394.3641300201416,432
Roma,4400,12.550836848350384,41.86498040594811,692.4736328125,432
Roma,4400,12.483620415131147,41.89935395353115,767.3495559692383,432
Roma,4400,12.472413348567734,41.929651921410596,278.7113838195801,432
Roma,4400,12.436663958683324,41.92694322861896,160.77799034118652,432
Roma,4400,12.6142653399112,41.87222720617251,336.56428718566895,432
Roma,4400,12.468946931045423,41.90974141340278,1259.5750732421875,432
Roma,4400,12.645457341038002,41.87412651727847,469.0201244354248,432
Roma,4400,12.539444554008321,41.919962216121206,467.82226753234863,432
Roma,4400,12.384350868991511,41.949525926206995,596.7527179718018,432
Roma,4400,12.530005111539301,41.94083584902717,691.8879318237305,432
Roma,4400,12.458602657611763,41.94061045995935,467.7612018585205,432
Roma,4400,12.439928301406203,41.80078140682558,300.09075355529785,432
Roma,4400,12.540144518030411,41.983009476086565,90.63692474365234,432
Roma,4400,12.382217477174468,41.7851486582103,592.4962921142578,432
Roma,4400,12.642992306258405,41.92867180981407,700.6874256134033,432
Roma,4400,12.446328490821251,41.787301716177154,283.00792694091797,432
Roma,4400,12.383661261405983,41.88078917239063,337.8778820037842,432
Roma,4400,12.598570918779203,41.88590930465671,262.93798446655273,432
Roma,4400,12.69681105991654,41.94912082069547,275.8892250061035,432
Roma,4400,12.616058335100977,41.83294802207593,391.8139820098877,432
Roma,4400,12.566839284788243,41.89802147036889,282.1175136566162,432
Roma,4400,12.421414711550996,41.83790409129089,303.3883762359619,432
Roma,4400,12.368742805336673,41.78310355703352,899.3198108673096,432
Roma,4400,12.385085826053718,41.94593485615726,594.9193115234375,432
Roma,4400,12.579437448995089,41.84966168568999,515.0813331604004,432
Roma,4400,12.49795026765654,41.85640845121857,553.5758972167969,432
Roma,4400,12.539690052651903,41.840147870668126,451.3925189971924,432
Roma,4400,12.555967575874737,41.92318129643334,334.1975269317627,432
Roma,4400,12.458779933582475,41.86616786083321,1003.4184494018555,432
Roma,4400,12.525955062859289,41.95969163717735,746.2825622558594,432
Roma,4400,12.479028957036132,41.86256555980826,630.5907974243164,432
Roma,4400,12.57660500669933,41.8297437897209,525.0518245697021,432
Roma,4400,12.448490551102172,41.86954963495161,812.3776550292969,432
Roma,4400,12.634557250576144,41.864896668813444,996.310962677002,432
Roma,4400,12.485878335354936,41.905410275586256,794.8761959075928,432
Roma,4400,12.4339905596853,41.8337120585732,309.2031059265137,432
Roma,4400,12.642796637533483,41.9700169081617,213.35542106628418,432
Roma,4400,12.630866426603488,41.80839388191995,272.71649742126465,432
Roma,4400,12.599218957019287,41.94607615657452,721.6326694488525,432
Roma,4400,12.569147721465077,41.94751250552966,548.1907005310059,432
Roma,4400,12.527356924024017,41.940446151272525,634.0738334655762,432
Roma,4400,12.59610718760566,41.846567725566466,575.1082000732422,432
Roma,4400,12.613972370150393,41.88098879549896,717.9887084960938,432
Roma,4400,12.665021632755163,41.88907774962868,486.43143463134766,432
Roma,4400,12.539130870880768,41.915086862388584,358.8856792449951,432
Roma,4400,12.394402861859733,41.92664058007865,563.4911212921143,432
Roma,4400,12.479793798789347,41.85533691828105,723.974437713623,432
Roma,4400,12.53069163014102,41.85267723491217,196.74740600585938,432
Roma,4400,12.407459221073493,41.89501397735554,415.55458068847656,432
Roma,4400,12.431294425463227,41.94009266317552,618.7924137115479,432
Roma,4400,12.557583725735713,41.83825817752897,961.0087299346924,432
Roma,4400,12.506784470032835,41.95670676161472,416.5062561035156,432
Roma,4400,12.393175340672263,41.929847161868004,233.1276340484619,432
Roma,4400,12.656685384886183,41.872814386946814,170.69521713256836,432
Roma,4400,12.669864595086239,41.90523957144579,359.87136459350586,432
Roma,4400,12.416710293383083,41.92171182993905,1030.697883605957,432
Roma,4400,12.421472356227495,41.792067921333796,541.0019092559814,432
Roma,4400,12.699426438459358,41.900602663579264,440.853178024292,432
Roma,4400,12.555554583844547,41.89840017046355,539.2753849029541,432
Roma,4400,12.410308309586414,41.824889120546224,115.13191604614258,432
Roma,4400,12.415924223217724,41.87618138904816,445.6150703430176,432
Roma,4400,12.443293013580844,41.965341413011835,621.7774124145508,432
Roma,4400,12.450719999263656,41.893544544688055,706.4137134552002,432
Roma,4400,12.563849491851057,41.85275424758851,645.8429412841797,432
Roma,4400,12.677849123716193,41.870184423270146,798.3220367431641,432
Roma,4400,12.366995496618813,41.788441944373275,806.2471084594727,432
Roma,4400,12.521271601049342,41.88581139293486,985.2021865844727,432
Roma,4400,12.475221684630803,41.89863236980656,729.2111282348633,432
Roma,4400,12.559078238326403,41.83459602031577,760.9216384887695,432
Roma,4400,12.671709194762641,41.91504650687306,287.5245170593262,432
Roma,4400,12.653696153216298,41.85915569744382,529.6303462982178,432
Roma,4400,12.44008192309376,41.915126371670674,810.5060043334961,432
Roma,4400,12.443787999749352,41.972018616650494,668.1671714782715,432
Roma,4400,12.360710980824493,41.778095293536865,603.068359375,432
Roma,4400,12.652624321802525,41.85342009215168,417.7636299133301,432
Roma,4400,12.6961839198745,41.90819234531219,271.638822555542,432
Roma,4400,12.640497218740832,41.85839491136489,763.9207458496094,432
Roma,4400,12.632404983853199,41.81252988276181,366.71449089050293,432
Roma,4400,12.455552413810919,41.91707410021478,512.2979602813721,432
Roma,4400,12.475440139004046,41.78308358809034,266.09406089782715,432
Roma,4400,12.683463102963705,41.9257684059591,178.52263641357422,432
Roma,4400,12.529513725855749,41.95573923681041,686.5392055511475,432
Roma,4400,12.406947029453649,41.892070336362885,508.74767303466797,432
Roma,4400,12.407534426733376,41.98277017190373,440.6271152496338,432
Roma,4400,12.425794018913283,41.80163461906124,546.6729621887207,432
Roma,4400,12.562819028841771,41.85614138090817,579.5686111450195,432
Roma,4400,12.451544562377503,41.82736598699037,632.0465507507324,432
Roma,4400,12.447564007788754,41.82784403930226,308.25460052490234,432
Roma,4400,12.556275432535024,41.892989763338115,974.6118698120117,432
Roma,4400,12.57353021429216,41.86004374201178,630.016242980957,432
Roma,4400,12.690255179945684,41.90722825523017,378.766845703125,432
Roma,4400,12.429994557765596,41.94313488953197,542.3956184387207,432
Roma,4400,12.376668448215023,41.852087563445934,67.67788887023926,432
Roma,4400,12.575112766463915,41.94443859863444,468.37903785705566,432
Roma,4400,12.444893155595206,41.92583541222042,520.2050075531006,432
Roma,4400,12.425410618612412,41.94861312316635,431.33143615722656,432
Roma,4400,12.615158637000231,41.80203579033501,190.7252082824707,432
Roma,4400,12.593163896123086,41.8464358956088,641.983959197998,432
Roma,4400,12.480805098668796,41.861370042852066,524.1117935180664,432
Roma,4400,12.68267256233854,41.78075688663545,371.07616806030273,432
Roma,4400,12.48210537177284,41.79299053508601,205.6873073577881,432
Roma,4400,12.545851313174914,41.84286818059259,476.06188583374023,432
Roma,4400,12.692000926244475,41.951925548282844,312.3371868133545,432
Roma,4400,12.522582821865111,41.91358450243465,1052.5830307006836,432
Roma,4400,12.489462339363294,41.93583350158999,83.67089080810547,432
Roma,4400,12.617375010027201,41.90920689508056,241.69768905639648,432
Roma,4400,12.394021001483315,41.91504361688592,351.9194641113281,432
Roma,4400,12.439204908996508,41.94313547211194,589.6796493530273,432
Roma,4400,12.62317076683289,41.94145647240617,411.24424743652344,432
Roma,4400,12.411999955518148,41.85977445306325,440.80124855041504,432
Roma,4400,12.407764401767437,41.95842225930395,484.2747287750244,432
Roma,4400,12.372162485685648,41.77798061341346,504.85317611694336,432
Roma,4400,12.500732769322207,41.863273575598065,727.8062000274658,432
Roma,4400,12.501655561383815,41.911255041595254,645.6785430908203,432
Roma,4400,12.63726971719298,41.8631862635331,900.8116359710693,432
Roma,4400,12.492251722676487,41.81803517835923,587.2052059173584,432
Roma,4400,12.363887149470143,41.922595975092,303.3651523590088,432
Roma,4400,12.393343429149768,41.89718433536012,317.61247634887695,432
Roma,4400,12.409045848549452,41.91865489846039,791.7731819152832,432
Roma,4400,12.601679334157463,41.84696028232811,428.91506576538086,432
Roma,4400,12.420556169614747,41.882921724184705,807.1785583496094,432
Roma,4400,12.529038395800729,41.87493022724437,644.3466491699219,432
Roma,4400,12.422951738503428,41.84729075775446,558.1408977508545,432
Roma,4400,12.655077493776538,41.98151466419117,262.47622871398926,432
Roma,4400,12.41970415677413,41.89882268398705,1027.878993988037,432
Roma,4400,12.423618319161578,41.946643258925825,603.5727977752686,432
Roma,4400,12.6295039598503,41.87798562946229,475.9022750854492,432
Roma,4400,12.498046104868848,41.89994548651588,844.9832992553711,432
Roma,4400,12.535195294823668,41.87391388033499,671.7389831542969,432
Roma,4400,12.617856794300959,41.788449440039464,279.5961513519287,432
Roma,4400,12.556684423580917,41.834594750738056,759.7465209960938,432
Roma,4400,12.50849786893547,41.81472568959596,294.0151901245117,432
Roma,4400,12.532285893721353,41.89695250353361,750.3611335754395,432
Roma,4400,12.509534613244435,41.911473078355314,1064.1760330200195,432
Roma,4400,12.517701309320417,41.82194710416451,76.61806106567383,432
Roma,4400,12.537896340027437,41.89125222398148,931.7762546539307,432
Roma,4400,12.536589272151007,41.97479394589865,237.26877975463867,432
Roma,4400,12.672378428151102,41.77583350222999,130.13346672058105,432
Roma,4400,12.510945258134116,41.93490370678492,591.841926574707,432
Roma,4400,12.59331552607626,41.90415595644633,620.7051334381104,432
Roma,4400,12.481616165830983,41.944184759079846,369.6167984008789,432
Roma,4400,12.617540435141263,41.86119846243495,706.8222637176514,432
Roma,4400,12.49651022876001,41.88489918698945,567.9059791564941,432
Roma,4400,12.65374496889381,41.96954502854645,370.8548355102539,432
Roma,4400,12.45286412911878,41.846167918284046,483.66136360168457,432
Roma,4400,12.653703647048518,41.86162523031864,415.341028213501,432
Roma,4400,12.587678589066556,41.89662588341498,250.14225006103516,432
Roma,4400,12.698360097039567,41.891449349192534,93.85131645202637,432
Roma,4400,12.434928717356648,41.89840514550446,1160.9213027954102,432
Roma,4400,12.533309790142901,41.96541419007863,557.1088962554932,432
Roma,4400,12.44128347283269,41.936703998402734,849.9283409118652,432
Roma,4400,12.52563243558857,41.79241067773947,299.2570400238037,432
Roma,4400,12.45948425827456,41.910532697828906,842.4360961914062,432
Roma,4400,12.531248450137136,41.88750280615523,847.1271133422852,432
Roma,4400,12.615691786688572,41.81050663567187,684.2107810974121,432
Roma,4400,12.465165044027549,41.904547761014854,926.2490158081055,432
Roma,4400,12.40464789165794,41.911494029693955,699.1039924621582,432
Roma,4400,12.59734240711547,41.81741184963219,348.1256523132324,432
Roma,4400,12.610004726088423,41.84451358370728,285.6606903076172,432
Roma,4400,12.484412148656261,41.91801359436614,572.4499626159668,432
Roma,4400,12.593902624125661,41.93049040513727,434.27769470214844,432
Roma,4400,12.513309383740838,41.93498459265357,591.824275970459,432
Roma,4400,12.63246116649825,41.97992389760128,230.13472175598145,432
Roma,4400,12.6292821574704,41.805988746686566,285.25576400756836,432
Roma,4400,12.587918015914603,41.866258286198395,950.4004898071289,432
Roma,4400,12.518658288689094,41.877988425237895,903.3547019958496,432
Roma,4400,12.66048015654745,41.95381899031071,231.091703414917,432
Roma,4400,12.628029449379275,41.940871888403336,536.3285026550293,432
Roma,4400,12.444474884102894,41.89937584989422,932.7801322937012,432
Roma,4400,12.384721424082326,41.9404785579151,568.0349731445312,432
Roma,4400,12.692464359331927,41.78427965594267,402.84142112731934,432
Roma,4400,12.697538360155935,41.95369283264835,294.94807052612305,432
Roma,4400,12.554789949529074,41.83722697230585,622.661808013916,432
Roma,4400,12.631634549201738,41.84659860872353,309.06862449645996,432
Roma,4400,12.360711227569505,41.92704614982636,472.00754165649414,432
Roma,4400,12.64517564735771,41.96020879798033,332.78648376464844,432
Roma,4400,12.677094978314123,41.82833350201999,35.45976257324219,432
Roma,4400,12.535796468890243,41.785438035701056,124.54324531555176,432
Roma,4400,12.668684485922245,41.90983487317185,232.00260734558105,432
Roma,4400,12.69900338693664,41.847179494349895,91.84740257263184,432
Roma,4400,12.42429285922967,41.87779100815858,666.8879852294922,432
Roma,4400,12.548067545750312,41.95720936225712,845.3304901123047,432
Roma,4400,12.42668175882984,41.80900442654886,378.3291873931885,432
Roma,4400,12.579578433017232,41.93957358979384,528.5910148620605,432
Roma,4400,12.669690526704652,41.86528175924251,876.1343421936035,432
Roma,4400,12.606822700210934,41.79580236597436,764.8719291687012,432
Roma,4400,12.658359961859736,41.868469009396456,364.73110580444336,432
Roma,4400,12.520385208574403,41.89298396370508,896.75830078125,432
Roma,4400,12.49729351928158,41.94032127916982,152.1113796234131,432
Roma,4400,12.69090321516864,41.91199714597586,397.1345672607422,432
Roma,4400,12.44375996448106,41.851507759659384,1043.6444702148438,432
Roma,4400,12.580887476225245,41.831216615744694,577.6612358093262,432
Roma,4400,12.6276638398679,41.8082316506463,468.9582099914551,432
Roma,4400,12.510303688367635,41.92614083972043,839.6238899230957,432
Roma,4400,12.45843616258472,41.84643862913663,618.3150482177734,432
Roma,4400,12.515984174346054,41.96228147791714,459.92848777770996,432
Roma,4400,12.508598517999484,41.94144501908582,235.8925666809082,432
Roma,4400,12.538987474426168,41.9384524451707,767.7030067443848,432
Roma,4400,12.421869056007608,41.9439162365484,511.99776458740234,432
Roma,4400,12.495145692268762,41.89604749886942,980.1072845458984,432
Roma,4400,12.491913619150745,41.83590460610311,500.14073944091797,432
Roma,4400,12.516152012631782,41.83809610043695,603.0109901428223,432
Roma,4400,12.548628002928835,41.88649093390461,815.8036231994629,432
Roma,4400,12.50374384188105,41.83265475970372,285.43982315063477,432
Roma,4400,12.564890145474594,41.896944896494155,840.3508071899414,432
Roma,4400,12.585411720719794,41.851309990796345,669.5248889923096,432
Roma,4400,12.55559069962815,41.920691448746574,659.897045135498,432
Roma,4400,12.462424761815047,41.87006035772163,685.8184928894043,432
Roma,4400,12.434642538431685,41.90880594641671,149.95670318603516,432
Roma,4400,12.604412851354278,41.85207992855696,212.47047996520996,432
Roma,4400,12.47127162562309,41.78624818315888,428.0416488647461,432
Roma,4400,12.656563558501203,41.96536109146317,286.2763557434082,432
Roma,4400,12.380619031129728,41.906748455937546,149.46807098388672,432
Roma,4400,12.520291760347337,41.78974759363172,589.1655654907227,432
Roma,4400,12.364720312903046,41.867133004525336,278.69574546813965,432
Roma,4400,12.612315313796731,41.89189957571332,263.1500816345215,432
Roma,4400,12.688084030699484,41.86483990991782,859.2929763793945,432
Roma,4400,12.468595853748813,41.890914819273625,641.376766204834,432
Roma,4400,12.56254934139231,41.908549157986215,669.5256843566895,432
Roma,4400,12.658782308726002,41.88932684331781,362.2021026611328,432
Roma,4400,12.432306981118863,41.78479079500323,745.7794494628906,432
Roma,4400,12.4806611647112,41.895401520102595,738.9773254394531,432
Roma,4400,12.383630474418137,41.82385695810006,121.6614990234375,432
Roma,4400,12.51052810704277,41.94243985843284,223.1742706298828,432
Roma,4400,12.590073063925747,41.8918727160874,160.17847061157227,432
Roma,4400,12.36374799434599,41.77835438776477,818.3409576416016,432
Roma,4400,12.373647499237046,41.94197564178501,452.0115852355957,432
Roma,4400,12.451421313444575,41.858083657162204,893.0455932617188,432
Roma,4400,12.650368336546583,41.85392813484987,207.3819980621338,432
Roma,4400,12.579011137746138,41.91954550675657,248.33991050720215,432
Roma,4400,12.49400278523491,41.793047352793,228.9220848083496,432
Roma,4400,12.640806601750995,41.86221813711372,896.8571586608887,432
Roma,4400,12.457234665043368,41.820995662974106,350.6920871734619,432
Roma,4400,12.434092150687373,41.96824031139446,535.6942138671875,432
Roma,4400,12.500557026001124,41.893953404613804,669.9736480712891,432
Roma,4400,12.593120905654244,41.864587802510066,640.1676406860352,432
Roma,4400,12.494457629336349,41.90422859340855,866.7248039245605,432
Roma,4400,12.526567226974857,41.88400185220011,699.0284099578857,432
Roma,4400,12.50335554093546,41.87836074848956,700.5064926147461,432
Roma,4400,12.556248294336607,41.96370773547229,80.91558074951172,432
Roma,4400,12.501998983631825,41.85283593464075,661.6823883056641,432
Roma,4400,12.447189267290076,41.87780739836225,990.6164245605469,432
Roma,4400,12.517428287705448,41.979866597697665,271.4279365539551,432
Roma,4400,12.538738059761055,41.93199091931471,385.5893840789795,432
Roma,4400,12.602090589390052,41.80379004763548,671.3883323669434,432
Roma,4400,12.438230105255192,41.862931859888505,522.8653926849365,432
Roma,4400,12.649595447933631,41.93470909654615,873.9660606384277,432
Roma,4400,12.570834082110112,41.87500338745263,664.6221199035645,432
Roma,4400,12.450312873426686,41.79774402718508,504.749813079834,432
Roma,4400,12.697777692333663,41.876530287191116,480.06370735168457,432
Roma,4400,12.593527705324272,41.79209062759514,181.59260749816895,432
Roma,4400,12.45724454353146,41.921484320693686,589.7950172424316,432
Roma,4400,12.559631965856518,41.949173476271255,587.7122974395752,432
Roma,4400,12.53545299054534,41.859043336447385,485.19640922546387,432
Roma,4400,12.411041640030852,41.84832113718882,176.21116828918457,432
Roma,4400,12.44073300017124,41.90103196264649,671.9067420959473,432
Roma,4400,12.480095992605728,41.818626344824246,835.5118103027344,432
Roma,4400,12.450521837565635,41.795088228068735,389.3160591125488,432
Roma,4400,12.667097475953412,41.85813392123196,725.1870880126953,432
Roma,4400,12.534472717975941,41.946588622124125,907.3373336791992,432
Roma,4400,12.618977149813986,41.86467459744789,717.0498790740967,432
Roma,4400,12.660055739673114,41.93612303167667,301.4529628753662,432
Roma,4400,12.41854948309923,41.87097669830264,665.4345664978027,432
Roma,4400,12.487457587099515,41.943982934569604,330.2430534362793,432
Roma,4400,12.471345981680084,41.900953326871196,742.1703491210938,432
Roma,4400,12.596416046154426,41.857310191326526,527.3373146057129,432
Roma,4400,12.43081448321904,41.78241186330247,538.1191387176514,432
Roma,4400,12.535892250778662,41.90548606426284,613.5056762695312,432
Roma,4400,12.491088402336281,41.80821107676073,311.8577117919922,432
Roma,4400,12.679652006989102,41.86020763286387,1104.0346221923828,432
Roma,4400,12.59942296287987,41.79721216606732,200.67571258544922,432
Roma,4400,12.436201743652541,41.92305874761231,428.189266204834,432
Roma,4400,12.485087407931397,41.84011361470136,475.30715560913086,432
Roma,4400,12.418925149486661,41.92509461880059,805.736930847168,432
Roma,4400,12.65532452766884,41.864901875980415,568.8554229736328,432
Roma,4400,12.640982056056266,41.87704141342062,336.9968452453613,432
Roma,4400,12.44984475347494,41.961157745120396,321.9793758392334,432
Roma,4400,12.503656286123162,41.920884132990025,855.7305526733398,432
Roma,4400,12.476656143020003,41.87992429114975,917.1461334228516,432
Roma,4400,12.635851525496982,41.97463720019288,151.11953926086426,432
Roma,4400,12.606896978550385,41.93345805895455,119.15050506591797,432
Roma,4400,12.43902702494409,41.87019561972065,482.435604095459,432
Roma,4400,12.63686337162002,41.8219992520097,90.65345001220703,432
Roma,4400,12.414666470842654,41.95607661948994,359.7030735015869,432
Roma,4400,12.443156029305513,41.91630178547085,779.6926422119141,432
Roma,4400,12.53391496209276,41.79376527221904,393.987247467041,432
Roma,4400,12.399610816046122,41.879997402689895,256.9507141113281,432
Roma,4400,12.422919170426827,41.905430069729164,750.4960632324219,432
Roma,4400,12.490414176942581,41.860155115698525,777.6153450012207,432
Roma,4400,12.548234633832323,41.838355757887555,481.2906494140625,432
Roma,4400,12.512943510334646,41.9725064985711,849.4439811706543,432
Roma,4400,12.674708606563938,41.89946295014654,669.9111976623535,432
Roma,4400,12.383050913260758,41.92707489129426,475.60694885253906,432
Roma,4400,12.53426596227122,41.915207768276744,259.9798355102539,432
Roma,4400,12.578417857144705,41.91240981003524,369.0220775604248,432
Roma,4400,12.672975323491833,41.88543117815585,238.18967056274414,432
Roma,4400,12.62381736027515,41.97693783921728,396.1325798034668,432
Roma,4400,12.466149027160146,41.86124937060528,681.5555839538574,432
Roma,4400,12.563368365970112,41.937959781766295,224.33594703674316,432
Roma,4400,12.560024041872149,41.82554099905628,331.5680980682373,432
Roma,4400,12.431758318957504,41.79553660042517,664.2791290283203,432
Roma,4400,12.402800189744175,41.90960661511931,761.2634658813477,432
Roma,4400,12.493081359242687,41.8280113277035,465.82861709594727,432
Roma,4400,12.500447198136271,41.96790724131218,78.35051345825195,432
Roma,4400,12.484364149657015,41.888768338993806,561.7224407196045,432
Roma,4400,12.422466059104119,41.865785556239956,175.88139533996582,432
Roma,4400,12.542959778623436,41.894836343530635,572.3396110534668,432
Roma,4400,12.688255826597302,41.873136864416274,426.3091011047363,432
Roma,4400,12.374669416019648,41.919404983753616,605.8202037811279,432
Roma,4400,12.394999230419998,41.831666835339995,16.847660064697266,432
Roma,4400,12.61972510129582,41.78974284076053,382.1143264770508,432
Roma,4400,12.47198056640695,41.88767584622508,395.53936767578125,432
Roma,4400,12.624323004904658,41.83083592062415,363.17694664001465,432
Roma,4400,12.612648905444189,41.89981642637783,221.5466651916504,432
Roma,4400,12.487405783955417,41.84801990288718,804.3667831420898,432
Roma,4400,12.472900375351667,41.8133607794128,714.3645629882812,432
Roma,4400,12.518162983551862,41.959482146409,619.86940574646,432
Roma,4400,12.376400861611433,41.930825207312935,136.54642295837402,432
Roma,4400,12.686272470504147,41.895854827568336,203.30974769592285,432
Roma,4400,12.537140802505125,41.96076510349592,527.7972240447998,432
Roma,4400,12.429257436330392,41.89416377154778,514.9583568572998,432
Roma,4400,12.446945135075373,41.85242188838923,737.0877227783203,432
Roma,4400,12.540410756089686,41.87599138652549,841.7227401733398,432
Roma,4400,12.403577784302362,41.79351760639948,276.09896659851074,432
Roma,4400,12.538591807636045,41.796059208962156,218.84756469726562,432
Roma,4400,12.60288288953163,41.837568086262216,617.9362640380859,432
Roma,4400,12.383243430233165,41.94694469131165,606.7844982147217,432
Roma,4400,12.486569524912968,41.80091358113704,163.48655128479004,432
Roma,4400,12.48394982242591,41.806591538970025,475.83057975769043,432
Roma,4400,12.515363142131406,41.92764991542102,1081.147605895996,432
Roma,4400,12.424397547994147,41.926027487411204,556.97216796875,432
Roma,4400,12.637073009600941,41.80250653757936,33.382450103759766,432
Roma,4400,12.420162241690507,41.87347512480252,488.7097473144531,432
Roma,4400,12.516904766531994,41.946908852681524,590.3684577941895,432
Roma,4400,12.453671879762844,41.879190307008976,833.0254859924316,432
Roma,4400,12.367021537716393,41.913218612108274,547.5147590637207,432
Roma,4400,12.628681513174877,41.94332390738481,273.2713088989258,432
Roma,4400,12.59572477426023,41.91071697200538,331.548490524292,432
Roma,4400,12.550439096348716,41.955085647555336,756.2945823669434,432
Roma,4400,12.466570373783986,41.88590653123842,710.1071472167969,432
Roma,4400,12.37298930239294,41.78511126888964,824.4137115478516,432
Roma,4400,12.462447814076215,41.84539369399248,423.29379653930664,432
Roma,4400,12.62670456445127,41.879544759907745,519.5166301727295,432
Roma,4400,12.674717503357174,41.81743102408139,149.48655891418457,432
Roma,4400,12.602962840900009,41.8582846161733,833.1426734924316,432
Roma,4400,12.57372475133017,41.830950055307085,525.3042449951172,432
Roma,4400,12.692426755391551,41.871518496938634,306.267879486084,432
Roma,4400,12.360680799104491,41.87155701364914,377.13929748535156,432
Roma,4400,12.58570465519953,41.904845661777145,550.1434631347656,432
Roma,4400,12.438283320277822,41.91913415340889,714.5238075256348,432
Roma,4400,12.529645854520695,41.894984004649814,518.472297668457,432
Roma,4400,12.483574821289109,41.88356369552412,679.025032043457,432
Roma,4400,12.483091635222959,41.94105037827412,435.45069694519043,432
Roma,4400,12.450290278381164,41.896988204828176,740.8908462524414,432
Roma,4400,12.658332562699998,41.89916683506999,17.627872467041016,432
Roma,4400,12.398026407725824,41.82199958541998,266.5294303894043,432
Roma,4400,12.669538133697632,41.788452562475506,535.7382049560547,432
Roma,4400,12.58532488404592,41.870323003965595,680.6234703063965,432
Roma,4400,12.684243425417908,41.7896606057571,243.02241325378418,432
Roma,4400,12.589078048405515,41.830968522711295,499.03173065185547,432
Roma,4400,12.54216857373644,41.937619554013374,694.0804347991943,432
Roma,4400,12.678121790844612,41.80801235425736,498.58809089660645,432
Roma,4400,12.597499229609998,41.964166834809994,18.103973388671875,432
Roma,4400,12.564247041252388,41.946379053733224,591.6298065185547,432
Roma,4400,12.55497336957464,41.983119037795284,136.50575256347656,432
Roma,4400,12.496917402410611,41.80985751659499,293.76356506347656,432
Roma,4400,12.612677640143481,41.80564099078003,351.2392921447754,432
Roma,4400,12.485860566762376,41.79146065897285,591.338436126709,432
Roma,4400,12.383978847772772,41.95222823252199,510.47371101379395,432
Roma,4400,12.57781585020359,41.93170892452177,284.2885150909424,432
Roma,4400,12.492628331259493,41.85230406559603,438.75741386413574,432
Roma,4400,12.526248373676719,41.96450153563998,264.4286460876465,432
Roma,4400,12.445010377157308,41.91251884783274,440.73498725891113,432
Roma,4400,12.699734124711133,41.946532392730376,274.99451446533203,432
Roma,4400,12.517222231374891,41.79120322115571,600.2564220428467,432
Roma,4400,12.490188074401958,41.85074780086454,505.1583786010742,432
Roma,4400,12.62223724761637,41.932278881675124,275.9511375427246,432
Roma,4400,12.474969460794197,41.88547948511163,561.7913398742676,432
Roma,4400,12.529188467218113,41.86726073107701,414.67266845703125,432
Roma,4400,12.582793401522965,41.939008872656295,627.900146484375,432
Roma,4400,12.522195960403216,41.78737668632906,331.7373352050781,432
Roma,4400,12.480617765825173,41.84475162189591,746.5024967193604,432
Roma,4400,12.446733150125658,41.971626246138456,194.6088981628418,432
Roma,4400,12.49836534260092,41.92284420252829,784.3536624908447,432
Roma,4400,12.533939089806637,41.90457354744296,654.388578414917,432
Roma,4400,12.52242895669722,41.91720114123473,916.7131118774414,432
Roma,4400,12.38888720504411,41.92388114238043,553.1601085662842,432
Roma,4400,12.418303913973903,41.86686371321921,355.6206703186035,432
Roma,4400,12.613847781564287,41.919246776694706,391.9063720703125,432
Roma,4400,12.587616498780623,41.86927018564775,696.823034286499,432
Roma,4400,12.459430038155807,41.944402470946414,727.5856781005859,432
Roma,4400,12.507794905926268,41.8893589469838,1044.026611328125,432
Roma,4400,12.53178315430894,41.95293352309592,386.54139709472656,432
Roma,4400,12.51629163028685,41.91401293694207,995.6517868041992,432
Roma,4400,12.59041588249628,41.78666683551999,33.207895278930664,432
Roma,4400,12.565351796078426,41.91499499120993,601.9098892211914,432
Roma,4400,12.438033499645963,41.923132113716136,499.1444091796875,432
Roma,4400,12.664461189878294,41.886903057266,537.0110969543457,432
Roma,4400,12.499010698827002,41.80457398704866,211.24515533447266,432
Roma,4400,12.618189044470611,41.88422507555249,412.12371826171875,432
Roma,4400,12.36507167676183,41.94332757208283,315.9395751953125,432
Roma,4400,12.567219709155824,41.93298198116045,649.4208374023438,432
Roma,4400,12.48738632364317,41.936724738980566,141.63118171691895,432
Roma,4400,12.530365535876063,41.93473947233496,706.5930862426758,432
Roma,4400,12.528370287852715,41.90554114978287,698.3795280456543,432
Roma,4400,12.686159389645937,41.78936235242385,135.347017288208,432
Roma,4400,12.6341226980994,41.97750782618015,231.28031730651855,432
Roma,4400,12.430385960281667,41.837471531754986,434.0798683166504,432
Roma,4400,12.59197051498966,41.79328193230882,173.54866790771484,432
Roma,4400,12.527725030487256,41.865785384008674,292.8745002746582,432
Roma,4400,12.537326142883956,41.955715005034214,484.7066287994385,432
Roma,4400,12.469873094689559,41.81802134788785,604.1454677581787,432
Roma,4400,12.499636602538677,41.89662983858444,842.7879447937012,432
Roma,4400,12.51341246599564,41.902953576773726,445.05150604248047,432
Roma,4400,12.433805210956022,41.93300688993917,340.92209243774414,432
Roma,4400,12.443646967543131,41.89675496505158,774.2865447998047,432
Roma,4400,12.576379989563783,41.865717312389165,565.0779476165771,432
Roma,4400,12.591248619558092,41.8676451396982,963.6602058410645,432
Roma,4400,12.439927037808214,41.910184005945595,741.8311996459961,432
Roma,4400,12.507923206972116,41.874464777408924,760.2318840026855,432
Roma,4400,12.523260007350782,41.958609396789996,460.3292007446289,432
Roma,4400,12.453752094572698,41.81829736583995,784.9274253845215,432
Roma,4400,12.566223718758177,41.91042291749118,636.8045043945312,432
Roma,4400,12.421370174162732,41.93652569078533,929.011547088623,432
Roma,4400,12.443496821995636,41.77815841616227,188.9881820678711,432
Roma,4400,12.56595091335005,41.83262808941969,271.0605659484863,432
Roma,4400,12.587683086785113,41.86328173117979,492.27565002441406,432
Roma,4400,12.462649856979922,41.88220495550742,617.6430759429932,432
Roma,4400,12.443071059951942,41.82141626039735,377.599702835083,432
Roma,4400,12.700653850278913,41.895266424830204,92.00513648986816,432
Roma,4400,12.438903405531063,41.8981336110227,891.6141052246094,432
Roma,4400,12.525438678110264,41.90991690993491,995.0690383911133,432
Roma,4400,12.418351596009545,41.86876606864332,341.2752113342285,432
Roma,4400,12.370447859462134,41.941756062379575,616.1459808349609,432
Roma,4400,12.491136088302563,41.89081834445384,784.5995597839355,432
Roma,4400,12.436296081762233,41.908527157603665,256.67272567749023,432
Roma,4400,12.655022961311168,41.96689440988593,350.0489559173584,432
Roma,4400,12.43068426891217,41.786857969312834,511.9287452697754,432
Roma,4400,12.408709587915988,41.91126103086014,330.6309356689453,432
Roma,4400,12.485244848940159,41.874410181739506,975.0546340942383,432
Roma,4400,12.435053332437612,41.904305409307085,358.89488792419434,432
Roma,4400,12.407078255109662,41.87394239976488,348.389612197876,432
Roma,4400,12.57041942653074,41.929408193721265,908.5691604614258,432
Roma,4400,12.41756512496467,41.84344915545947,304.6517505645752,432
Roma,4400,12.585252613519076,41.8370245144358,582.1849365234375,432
Roma,4400,12.483503968026856,41.95091651243024,334.2154884338379,432
Roma,4400,12.464302491093166,41.83056924681621,335.48905181884766,432
Roma,4400,12.60394868983985,41.81506316846463,638.3474159240723,432
Roma,4400,12.492174306112165,41.865194148185864,616.9731140136719,432
Roma,4400,12.548971780546292,41.916977899679644,394.6244487762451,432
Roma,4400,12.397320686027985,41.886036068717544,244.4748249053955,432
Roma,4400,12.488614535652264,41.86460749269361,540.6347846984863,432
Roma,4400,12.456758535945323,41.89679015102104,572.833137512207,432
Roma,4400,12.613388797062099,41.85861240383705,375.0070056915283,432
Roma,4400,12.576569915270735,41.88031150701721,825.4249954223633,432
Roma,4400,12.5946744181529,41.80922531487924,465.3958168029785,432
Roma,4400,12.474802701180947,41.826702422896915,1097.882396697998,432
Roma,4400,12.391362237517136,41.82433066250898,284.04547119140625,432
Roma,4400,12.660373897769418,41.915959468526076,146.55579948425293,432
Roma,4400,12.677667625092752,41.785714000385504,228.12872505187988,432
Roma,4400,12.621617901508207,41.87030436489372,809.255199432373,432
Roma,4400,12.43966285185947,41.85020871289817,487.55114936828613,432
Roma,4400,12.486868389923654,41.776015966518884,75.9328727722168,432
Roma,4400,12.387211029331297,41.90517127197328,841.1156940460205,432
Roma,4400,12.58931891851699,41.92141957432346,131.7963523864746,432
Roma,4400,12.602438767184998,41.817360854345615,685.239236831665,432
Roma,4400,12.38456305774142,41.89774386786874,339.6099491119385,432
Roma,4400,12.647933532157174,41.95591082530026,495.1196002960205,432
Roma,4400,12.580730192098036,41.854894236596465,355.0519790649414,432
Roma,4400,12.582601945826184,41.877406026364135,638.2278327941895,432
Roma,4400,12.397188587957315,41.92824828981804,332.23013496398926,432
Roma,4400,12.522470272945256,41.96300886951216,237.87177658081055,432
Roma,4400,12.683203721328736,41.849750860087035,102.40517234802246,432
Roma,4400,12.560886959533557,41.91435551892767,476.9067268371582,432
Roma,4400,12.420588050769611,41.87995554777977,604.2302551269531,432
Roma,4400,12.4571750765954,41.881175497652464,1190.104103088379,432
Roma,4400,12.586518174234667,41.876239059020605,344.80198097229004,432
Roma,4400,12.52251243586528,41.88087713028295,1117.1011581420898,432
Roma,4400,12.404047192636487,41.882661259065294,240.57320976257324,432
Roma,4400,12.479625718292356,41.831943045650426,455.32836723327637,432
Roma,4400,12.680573695919414,41.81306928954687,311.62425231933594,432
Roma,4400,12.461578699758737,41.92741205617608,718.0841236114502,432
Roma,4400,12.487728657363176,41.844508501778066,707.793830871582,432
Roma,4400,12.577973191606917,41.9045681787382,98.44110488891602,432
Roma,4400,12.546155090064566,41.89487370792427,664.9816360473633,432
Roma,4400,12.64742206978477,41.950600248087476,461.7752342224121,432
Roma,4400,12.631412800910656,41.932406438476484,216.76138305664062,432
Roma,4400,12.463815180592675,41.91186418092244,1099.275806427002,432
Roma,4400,12.562934064077453,41.81791888002902,72.76857948303223,432
Roma,4400,12.582537054851702,41.93661223017845,636.8921203613281,432
Roma,4400,12.548193077757398,41.96696105679176,405.2404251098633,432
Roma,4400,12.473224221269131,41.93867576382863,916.3244819641113,432
Roma,4400,12.559896919099533,41.982608485755776,228.90574264526367,432
Roma,4400,12.542543927556387,41.878858839960806,917.9150466918945,432
Roma,4400,12.479259057598043,41.87526296309817,717.5359497070312,432
Roma,4400,12.677803340634625,41.90136949764005,512.0058937072754,432
Roma,4400,12.425747088763822,41.85009797009954,242.75641441345215,432
Roma,4400,12.51800475719442,41.903222848830055,709.0397262573242,432
Roma,4400,12.54184256825095,41.88407507168475,863.2308883666992,432
Roma,4400,12.6252389020999,41.81241545010829,457.95378494262695,432
Roma,4400,12.456539091200888,41.79263202419591,510.9097080230713,432
Roma,4400,12.621950632859853,41.83630825010078,247.14899444580078,432
Roma,4400,12.54544384075284,41.95512609325333,677.7501583099365,432
Roma,4400,12.459298211810388,41.825285781102075,569.552225112915,432
Roma,4400,12.398285759971575,41.934986727701954,132.45659828186035,432
Roma,4400,12.55656433193402,41.94653514155554,577.2959747314453,432
Roma,4400,12.467479465016797,41.91217687010951,1340.0151481628418,432
Roma,4400,12.667443232512664,41.8673125870217,540.3287029266357,432
Roma,4400,12.607731684737079,41.929023429305374,107.63015747070312,432
Roma,4400,12.64511661928285,41.93058009888663,651.2023048400879,432
Roma,4400,12.407171992904154,41.81636339740968,98.09638023376465,432
Roma,4400,12.387693595695072,41.8424852415418,71.50811386108398,432
Roma,4400,12.56636239848656,41.85858520427908,534.8824996948242,432
Roma,4400,12.493444513883498,41.88910486744776,486.1280040740967,432
Roma,4400,12.436825926709922,41.90566176937653,344.4136161804199,432
Roma,4400,12.410445698639997,41.90751075635586,654.0405883789062,432
Roma,4400,12.45702221527249,41.926472521578624,267.470666885376,432
Roma,4400,12.505743337683564,41.906001221852335,830.5291137695312,432
Roma,4400,12.470067166305595,41.929318506662376,320.14501571655273,432
Roma,4400,12.592696339263906,41.77809396340343,346.7651023864746,432
Roma,4400,12.633223696575152,41.893122277641474,271.73963356018066,432
Roma,4400,12.489151587077162,41.92664817391655,708.3802642822266,432
Roma,4400,12.618051838468476,41.84800849755096,273.67697525024414,432
Roma,4400,12.439266823530463,41.85715892920299,737.216251373291,432
Roma,4400,12.653331630770149,41.81707729689568,75.58514404296875,432
Roma,4400,12.621301608945616,41.93526661058935,472.95340728759766,432
Roma,4400,12.643347525722952,41.87694308308098,462.92441749572754,432
Roma,4400,12.600736836329359,41.947734988688005,417.2147674560547,432
Roma,4400,12.428592441465682,41.8013302391904,595.5232734680176,432
Roma,4400,12.462214051275122,41.849892656373534,400.5658149719238,432
Roma,4400,12.431322565368232,41.77715884383088,446.5122661590576,432
Roma,4400,12.507765041386076,41.877812771508275,800.5642700195312,432
Roma,4400,12.494497312473896,41.93199706815806,305.974645614624,432
Roma,4400,12.591805011786413,41.90135866958821,907.8360443115234,432
Roma,4400,12.488786899393801,41.85833822295505,649.0215682983398,432
Roma,4400,12.422691541444998,41.92267470228405,456.04785919189453,432
Roma,4400,12.504504605916791,41.85368485415179,801.6768779754639,432
Roma,4400,12.673391464810583,41.810039115026285,223.06572723388672,432
Roma,4400,12.551545459334235,41.84287844355917,377.71837425231934,432
Roma,4400,12.505399695282147,41.87837472105034,467.3702964782715,432
Roma,4400,12.382960652867274,41.789582155972965,508.3291778564453,432
Roma,4400,12.552298560293092,41.946141721100204,605.6745758056641,432
Roma,4400,12.67428231875923,41.80734206182406,337.8262939453125,432
Roma,4400,12.473356449041574,41.85716644310169,335.81419944763184,432
Roma,4400,12.493719664941713,41.91804435738864,477.020751953125,432
Roma,4400,12.480664082622818,41.91976674763757,750.5045166015625,432
Roma,4400,12.550334862593775,41.93160455509625,275.4486961364746,432
Roma,4400,12.485569262479105,41.89586056087503,539.0612182617188,432
Roma,4400,12.570480847098926,41.88296816563614,952.139533996582,432
Roma,4400,12.434648030259666,41.84139432363637,627.9253349304199,432
Roma,4400,12.620811013500436,41.822757287795376,213.79471397399902,432
Roma,4400,12.487876396123804,41.80763061027,375.736120223999,432
Roma,4400,12.450601005049657,41.819820318204535,660.7412567138672,432
Roma,4400,12.64624684640151,41.94303139129656,436.5002918243408,432
Roma,4400,12.51507356515585,41.8839018963581,934.3287811279297,432
Roma,4400,12.511594822800314,41.8319858923732,637.1584548950195,432
Roma,4400,12.479205065801764,41.94958652149752,390.19079208374023,432
Roma,4400,12.639783527719745,41.81957856256233,67.50609588623047,432
Roma,4400,12.45527508685255,41.908055750389984,1257.3929977416992,432
Roma,4400,12.386297103923548,41.93361758776799,272.2204074859619,432
Roma,4400,12.36956427845759,41.86266919078002,140.1761245727539,432
Roma,4400,12.444170352913078,41.90440929803016,561.4692764282227,432
Roma,4400,12.671140355192378,41.818839003952974,146.0593433380127,432
Roma,4400,12.38465235855214,41.88276132548528,291.057336807251,432
Roma,4400,12.489333048717771,41.872530752835175,669.3550682067871,432
Roma,4400,12.668384307169966,41.88526017234573,456.02734184265137,432
Roma,4400,12.516753841907933,41.88016020372695,1086.2387390136719,432
Roma,4400,12.578831514528435,41.87006461712845,735.8570289611816,432
Roma,4400,12.453361598311218,41.83743651074384,54.74691581726074,432
Roma,4400,12.603347329011934,41.80960727743174,690.18772315979,432
Roma,4400,12.47074941787102,41.950495191782224,274.7022647857666,432
Roma,4400,12.445935731808659,41.8497773854552,538.0046424865723,432
Roma,4400,12.412258839809228,41.925432989103456,892.0810546875,432
Roma,4400,12.375579259208005,41.927424619866535,322.51514625549316,432
Roma,4400,12.571955665503564,41.955448894931116,189.89401245117188,432
Roma,4400,12.605389859394473,41.81815922756601,520.1546058654785,432
Roma,4400,12.663692902154068,41.82384695967374,284.26736068725586,432
Roma,4400,12.528329955528294,41.9321488012114,759.0866222381592,432
Roma,4400,12.439839765954156,41.90791058559198,276.1686382293701,432
Roma,4400,12.582451063945793,41.90403295706575,341.5805492401123,432
Roma,4400,12.454894865095719,41.94427467905714,531.0419464111328,432
Roma,4400,12.416694419706385,41.880859605931036,501.0980453491211,432
Roma,4400,12.368151867432893,41.790723864966175,231.78317070007324,432
Roma,4400,12.686978624706644,41.781187661541836,356.7948741912842,432
Roma,4400,12.665020358458245,41.86383920492133,332.09464263916016,432
Roma,4400,12.566312452529873,41.8869199714002,1179.5540771484375,432
Roma,4400,12.493788654493406,41.93660452529444,216.58495712280273,432
Roma,4400,12.608343898573946,41.859163723826086,628.618953704834,432
Roma,4400,12.66421882639776,41.88180151582726,392.66794204711914,432
Roma,4400,12.514421602219356,41.969452407973904,418.03734588623047,432
Roma,4400,12.638856176027256,41.870730949826424,144.35944938659668,432
Roma,4400,12.532056728362754,41.906984138657094,495.04295539855957,432
Roma,4400,12.700496192525586,41.890591014727555,119.32568168640137,432
Roma,4400,12.410115750069078,41.89536879122483,585.6096534729004,432
Roma,4400,12.475962975378524,41.84783006431426,633.9852294921875,432
Roma,4400,12.519861197360639,41.93189465338837,864.4500885009766,432
Roma,4400,12.508495526686204,41.93393528576865,383.5154972076416,432
Roma,4400,12.663840569716589,41.82655923929037,209.48698616027832,432
Roma,4400,12.589927306338488,41.93798270995749,236.25423049926758,432
Roma,4400,12.477544167110949,41.933013094520845,387.63035774230957,432
Roma,4400,12.66982820841897,41.85003697232982,138.79037857055664,432
Roma,4400,12.607997207480874,41.91836983678894,522.4600505828857,432
Roma,4400,12.689830630411116,41.861021655849946,818.2869033813477,432
Roma,4400,12.414636183049621,41.91930217838547,1027.9812126159668,432
Roma,4400,12.553697640203255,41.93709586250898,560.1716327667236,432
Roma,4400,12.572611364321384,41.87068428505266,487.5437660217285,432
Roma,4400,12.557763896796843,41.934202842881376,354.8637466430664,432
Roma,4400,12.44767610190159,41.94977917691248,597.1437835693359,432
Roma,4400,12.498730218262729,41.913654555781484,398.5494194030762,432
Roma,4400,12.65217050401611,41.93582444527331,596.765193939209,432
Roma,4400,12.422515646982331,41.89458211848176,605.7307262420654,432
Roma,4400,12.63421752148336,41.84669715276537,237.46016883850098,432
Roma,4400,12.465993464280462,41.88309021704839,454.2590045928955,432
Roma,4400,12.540992550935835,41.85935246513768,694.4845638275146,432
Roma,4400,12.589335092839413,41.8281931925256,550.2840805053711,432
Roma,4400,12.485796855908685,41.89162072196119,597.829402923584,432
Roma,4400,12.601760887382817,41.8403521444407,904.3838233947754,432
Roma,4400,12.38461727616136,41.89184044066789,250.83258056640625,432
Roma,4400,12.511433718991121,41.9491030004199,511.759973526001,432
Roma,4400,12.437793595573229,41.78397338188045,654.3663082122803,432
Roma,4400,12.563200446127736,41.9426466332976,704.5727462768555,432
Roma,4400,12.640789735021027,41.93236611882927,353.55538749694824,432
Roma,4400,12.485915892528881,41.9251393795983,888.6158142089844,432
Roma,4400,12.510434952755338,41.897163800835095,805.5195655822754,432
Roma,4400,12.563371216330426,41.89982658320412,584.5541801452637,432
Roma,4400,12.460857344542712,41.86349812475374,816.3709526062012,432
Roma,4400,12.432129448223556,41.88068637906228,238.01173400878906,432
Roma,4400,12.446746335802576,41.866971226825534,925.9240112304688,432
Roma,4400,12.436286384205394,41.80367101986795,463.61923599243164,432
Roma,4400,12.597157609063148,41.86827383070423,739.919303894043,432
Roma,4400,12.555497221928974,41.906562060082365,486.4649353027344,432
Roma,4400,12.36224121025989,41.92504651108014,425.16341400146484,432
Roma,4400,12.409589311332045,41.901700850094755,671.0839328765869,432
Roma,4400,12.612692223200128,41.82784847047787,565.2955741882324,432
Roma,4400,12.482077112323891,41.881454169842186,762.6645050048828,432
Roma,4400,12.394463381598554,41.90920921737373,757.0876235961914,432
Roma,4400,12.472169583620492,41.832062804669974,649.5091819763184,432
Roma,4400,12.380722881819619,41.87613222221742,277.12513542175293,432
Roma,4400,12.631924465489751,41.856658882227634,491.0861473083496,432
Roma,4400,12.45556975128804,41.868895476616665,721.3603458404541,432
Roma,4400,12.48097028414199,41.86703851538556,461.01990699768066,432
Roma,4400,12.533821854536022,41.93635826049349,841.0546684265137,432
Roma,4400,12.6133440050517,41.81167383762332,695.8950881958008,432
Roma,4400,12.658111895304089,41.93432445790253,248.27505493164062,432
Roma,4400,12.503409358515752,41.89336860309557,631.7748680114746,432
Roma,4400,12.453515054494627,41.95852325972864,426.702392578125,432
Roma,4400,12.434863909832316,41.85251244399294,386.7578525543213,432
Roma,4400,12.404789863008974,41.85523151256946,70.41655540466309,432
Roma,4400,12.56403432828724,41.83090444286919,469.5468978881836,432
Roma,4400,12.588929479910693,41.811490583767544,83.51698112487793,432
Roma,4400,12.410739378713265,41.82287378814002,220.56098747253418,432
Roma,4400,12.60563884851162,41.79924856318516,615.0870685577393,432
Roma,4400,12.626848632877914,41.88254063720298,308.79579734802246,432
Roma,4400,12.396702662604083,41.95266687327613,327.2731513977051,432
Roma,4400,12.46082293938966,41.94644328769921,748.2232246398926,432
Roma,4400,12.383068613837912,41.9088103232908,205.0895481109619,432
Roma,4400,12.53279696645518,41.955364748024095,603.6052703857422,432
Roma,4400,12.499222978633156,41.891886759621194,670.5413856506348,432
Roma,4400,12.44948532234988,41.956611429568575,289.4263858795166,432
Roma,4400,12.449498693432426,41.912977659932146,923.0910949707031,432
Roma,4400,12.377015868334354,41.94257159743446,725.4522724151611,432
Roma,4400,12.618519892593392,41.886580330425055,518.2732601165771,432
Roma,4400,12.494810861833816,41.854941441200054,534.6007919311523,432
Roma,4400,12.407748320540586,41.9609945061286,631.6970863342285,432
Roma,4400,12.596553225140918,41.834914349557884,334.96982765197754,432
Roma,4400,12.385810329421432,41.92650309994939,507.290864944458,432
Roma,4400,12.477255887784176,41.888089629402074,464.65808868408203,432
Roma,4400,12.650229778831042,41.967984119730865,436.71483993530273,432
Roma,4400,12.43124745973714,41.93487964133923,329.5088405609131,432
Roma,4400,12.552074840065261,41.88898223204931,653.8276138305664,432
Roma,4400,12.399367919562412,41.887616550714164,164.66435623168945,432
Roma,4400,12.591443562342644,41.88286694487442,226.77575874328613,432
Roma,4400,12.511127246198871,41.92090490854587,929.9726409912109,432
Roma,4400,12.533595600013363,41.876886817065845,743.6267890930176,432
Roma,4400,12.431724085934315,41.90263855292225,537.8756809234619,432
Roma,4400,12.678687646453643,41.94674972134413,198.57470321655273,432
Roma,4400,12.57104262330435,41.90849185697349,717.8928298950195,432
Roma,4400,12.685129341372102,41.786009200196055,296.71294021606445,432
Roma,4400,12.477580875710519,41.84990467068815,610.1686744689941,432
Roma,4400,12.692286881980333,41.87448774891064,168.89608192443848,432
Roma,4400,12.434992530035677,41.80889138233935,842.7380447387695,432
Roma,4400,12.52289254719343,41.87120519860811,717.1999130249023,432
Roma,4400,12.513880674206243,41.92466079678123,1046.5464782714844,432
Roma,4400,12.40730514057869,41.93938920383591,155.16387176513672,432
Roma,4400,12.657135250064695,41.85437698509247,392.0252323150635,432
Roma,4400,12.447717305397145,41.815729715170185,439.67567443847656,432
Roma,4400,12.551300169409643,41.91567471154451,558.8617744445801,432
Roma,4400,12.588110425779375,41.939635039293115,571.6688690185547,432
Roma,4400,12.634546580128394,41.89132709484002,170.50053596496582,432
Roma,4400,12.491854419581639,41.92762970742167,731.4496650695801,432
Roma,4400,12.567408824720113,41.97666959135284,188.65958976745605,432
Roma,4400,12.456901659128029,41.86331739711498,620.1928405761719,432
Roma,4400,12.509330482785192,41.9788892363276,354.4282417297363,432
Roma,4400,12.549699344270737,41.85672182463348,477.8927001953125,432
Roma,4400,12.527412600521851,41.953572494632354,690.423038482666,432
Roma,4400,12.603948781268777,41.90437836922396,289.23594665527344,432
Roma,4400,12.399425177988045,41.95516580749515,307.48015213012695,432
Roma,4400,12.633014363282943,41.827687862616116,140.74131774902344,432
Roma,4400,12.399544697416806,41.873285506456675,123.0290641784668,432
Roma,4400,12.519037468156807,41.96989479160615,342.2392826080322,432
Roma,4400,12.447881850899673,41.90875813490735,1022.8214836120605,432
Roma,4400,12.505832563309998,41.786666835519995,16.838964462280273,432
Roma,4400,12.616060234204316,41.87738561352611,934.060604095459,432
Roma,4400,12.532370697031684,41.92589000307138,484.5193157196045,432
Roma,4400,12.673907177139805,41.79125360697208,142.5052433013916,432
Roma,4400,12.672497367604654,41.85880257539985,823.7594146728516,432
Roma,4400,12.55962616521914,41.86807057470253,882.7352275848389,432
Roma,4400,12.561817815222087,41.97701934054572,257.1801242828369,432
Roma,4400,12.525404532672232,41.870025001893666,531.3388442993164,432
Roma,4400,12.489997282026332,41.85329631267032,363.59312438964844,432
Roma,4400,12.481059354362754,41.827244159694025,920.0185432434082,432
Roma,4400,12.455950241685928,41.93393034764001,381.84617042541504,432
Roma,4400,12.682402084584671,41.91549174337102,495.61359786987305,432
Roma,4400,12.537103248153146,41.92444620338036,299.34542655944824,432
Roma,4400,12.561801952362094,41.89077086103453,988.95849609375,432
Roma,4400,12.565362945287545,41.85058280777511,525.0875034332275,432
Roma,4400,12.53001146197459,41.86923647425446,443.10142517089844,432
Roma,4400,12.643610990700857,41.85829807386223,652.2039089202881,432
Roma,4400,12.616345811648408,41.85797484474127,836.5845928192139,432
Roma,4400,12.563297686950003,41.91462676611603,729.9758644104004,432
Roma,4400,12.45846356354698,41.9324362805503,427.694881439209,432
Roma,4400,12.374880282632521,41.914900180824546,341.2020034790039,432
Roma,4400,12.422400276040642,41.805022073292186,455.8376655578613,432
Roma,4400,12.610513162096307,41.85121656554183,629.6717185974121,432
Roma,4400,12.527518988720546,41.92530416938662,816.7346057891846,432
Roma,4400,12.67293416217134,41.90600134739589,442.7799777984619,432
Roma,4400,12.463315039958303,41.865192470830266,849.4128150939941,432
Roma,4400,12.62496902917064,41.82307552910202,290.1194038391113,432
Roma,4400,12.406820329535476,41.820692862370926,420.89577865600586,432
Roma,4400,12.510511196311057,41.87969129709614,1038.0962219238281,432
Roma,4400,12.605129328463134,41.87440868071284,207.26539611816406,432
Roma,4400,12.600479393666491,41.94365203885445,589.6863899230957,432
Roma,4400,12.407522776157052,41.9216246826217,559.7434883117676,432
Roma,4400,12.68626761984654,41.81808356180367,521.2542743682861,432
Roma,4400,12.376121970385078,41.884115941506245,201.62179565429688,432
Roma,4400,12.417900278946735,41.906650541770766,743.4295120239258,432
Roma,4400,12.361928022847964,41.92933707307698,459.31697845458984,432
Roma,4400,12.436024174369022,41.914875707533476,414.01004791259766,432
Roma,4400,12.45905422491672,41.919337759505424,524.4334030151367,432
Roma,4400,12.460730874992057,41.884640518059705,840.6950340270996,432
Roma,4400,12.502462419835316,41.82503708678286,484.3117446899414,432
Roma,4400,12.416530033320502,41.92568292592179,804.3043899536133,432
Roma,4400,12.444933871820787,41.96184896099901,322.48811531066895,432
Roma,4400,12.523468335549232,41.94297307859071,765.6907501220703,432
Roma,4400,12.51713633277075,41.81914106646229,177.25794219970703,432
Roma,4400,12.634579651424273,41.8421551474806,143.5428466796875,432
Roma,4400,12.612103859193002,41.79981475256011,186.86890411376953,432
Roma,4400,12.438195824019127,41.86807831635244,384.82557106018066,432
Roma,4400,12.596215505829,41.87304523923959,636.2445106506348,432
Roma,4400,12.593039276605735,41.85254768664432,628.9968414306641,432
Roma,4400,12.633230199984116,41.97479684943053,372.34625244140625,432
Roma,4400,12.566243894902657,41.94498005829414,697.8904647827148,432
Roma,4400,12.614475269038364,41.797050241319745,396.2530994415283,432
Roma,4400,12.608597581669786,41.90816208727523,875.3857345581055,432
Roma,4400,12.495071786424518,41.836997640753665,498.4523181915283,432
Roma,4400,12.579005409885514,41.83694915998721,516.2675628662109,432
Roma,4400,12.568563287206349,41.91458383979392,562.4816913604736,432
Roma,4400,12.524076164004875,41.949737799877,727.7310791015625,432
Roma,4400,12.53424514677256,41.78905914211978,218.95613288879395,432
Roma,4400,12.497743636132292,41.85430161507719,612.8115348815918,432
Roma,4400,12.61106023214123,41.91714102407336,661.4788246154785,432
Roma,4400,12.507803747563898,41.916540129725455,1042.6757850646973,432
Roma,4400,12.464293280842204,41.78747489464199,412.8148708343506,432
Roma,4400,12.482765464770457,41.81772188809164,495.6256847381592,432
Roma,4400,12.427483597186473,41.93981472174925,643.3581485748291,432
Roma,4400,12.558302327025194,41.8772828420517,493.68767166137695,432
Roma,4400,12.578833703913585,41.829941628137775,430.8324718475342,432
Roma,4400,12.68435629140883,41.85425106134754,336.1171360015869,432
Roma,4400,12.621936611766147,41.859500581715096,760.0914421081543,432
Roma,4400,12.567524330163195,41.92935039870852,690.6487693786621,432
Roma,4400,12.560074069895421,41.931371044276425,499.852819442749,432
Roma,4400,12.644919100294313,41.86265691926368,587.3129615783691,432
Roma,4400,12.441818741465212,41.84229894304757,507.7039051055908,432
Roma,4400,12.426467042054547,41.881154661323606,549.1193008422852,432
Roma,4400,12.447007238202838,41.91724948627564,296.14054679870605,432
Roma,4400,12.584179631838236,41.80263196654237,204.2507095336914,432
Roma,4400,12.512393483207266,41.90826297180347,1005.5116081237793,432
Roma,4400,12.46521633173813,41.87182276172342,680.3078536987305,432
Roma,4400,12.531978924530724,41.794042673094395,268.0052185058594,432
Roma,4400,12.689062980714885,41.8992515098515,360.4178886413574,432
Roma,4400,12.490349152164987,41.848749183045136,471.74095153808594,432
Roma,4400,12.572388885139821,41.88944612435873,990.3533554077148,432
Roma,4400,12.670725877747103,41.78355685527713,297.22375869750977,432
Roma,4400,12.424502749852305,41.87460437804464,589.5276794433594,432
Roma,4400,12.55638416350917,41.859504781814756,623.2366333007812,432
Roma,4400,12.46276132185261,41.880162840060386,827.8625946044922,432
Roma,4400,12.437037194679082,41.83624455865047,502.9371395111084,432
Roma,4400,12.38067437026948,41.9367931473569,321.00155448913574,432
Roma,4400,12.642747268760814,41.85260364841701,273.19172859191895,432
Roma,4400,12.678892021857738,41.77671240052058,155.05395889282227,432
Roma,4400,12.685346384293018,41.87721758808613,164.87300872802734,432
Roma,4400,12.576668493656163,41.921051193019785,532.1473560333252,432
Roma,4400,12.363667149559594,41.91456888568805,532.0870914459229,432
Roma,4400,12.58037592530362,41.88208729405059,582.4235172271729,432
Roma,4400,12.474607477168469,41.82177498899321,769.8011589050293,432
Roma,4400,12.586854876157968,41.90132093852056,647.3821697235107,432
Roma,4400,12.630895142741368,41.86853336134215,689.7240123748779,432
Roma,4400,12.651112636615771,41.87812103378417,388.90724754333496,432
Roma,4400,12.565616802114983,41.900168871668726,422.31116676330566,432
Roma,4400,12.410262423280075,41.95961893528221,504.29745864868164,432
Roma,4400,12.4094630905449,41.926465628341575,522.3513336181641,432
Roma,4400,12.45250207769507,41.94825236795038,299.4961814880371,432
Roma,4400,12.615234514923024,41.97131240497634,161.99405670166016,432
Roma,4400,12.484992075179573,41.85169825532705,603.0259208679199,432
Roma,4400,12.429707642266948,41.80962853202612,647.5335826873779,432
Roma,4400,12.66927141751534,41.924130532707444,217.500244140625,432
Roma,4400,12.646399882266328,41.838613178763794,54.883914947509766,432
Roma,4400,12.47768429373832,41.908274885819644,921.5646896362305,432
Roma,4400,12.536663453443847,41.920986073557486,640.3159332275391,432
Roma,4400,12.619490067974345,41.85868668899893,775.9041633605957,432
Roma,4400,12.618970274281073,41.8239096581115,337.91745376586914,432
Roma,4400,12.553361714763241,41.8758219832047,844.6889533996582,432
Roma,4400,12.577301800905738,41.94453276716611,458.49361991882324,432
Roma,4400,12.413691535657248,41.96829394088017,78.7544002532959,432
Roma,4400,12.601979868627911,41.908486987554376,401.40005111694336,432
Roma,4400,12.643923162417902,41.93261681899558,780.798511505127,432
Roma,4400,12.478768694400069,41.917024357922685,548.4961051940918,432
Roma,4400,12.51778370810736,41.86834291896533,513.8196659088135,432
Roma,4400,12.467045116481657,41.78527124701946,325.4194641113281,432
Roma,4400,12.68286651284509,41.86662298156677,1048.9694747924805,432
Roma,4400,12.555929318982052,41.876831031929356,498.23022079467773,432
Roma,4400,12.431540566437887,41.83554250235749,323.98147773742676,432
Roma,4400,12.513148153275877,41.91877959671817,802.4729843139648,432
Roma,4400,12.401335754886146,41.82158170626138,213.6360683441162,432
Roma,4400,12.360393437435219,41.88167142049202,259.8672180175781,432
Roma,4400,12.584587930170255,41.83258667706472,292.5939064025879,432
Roma,4400,12.489412593422754,41.8136037563189,538.0892429351807,432
Roma,4400,12.46026514820923,41.844957027315225,537.7541370391846,432
Roma,4400,12.595839710868894,41.885236151868654,204.51107025146484,432
Roma,4400,12.55271494585167,41.86139838390847,769.2273254394531,432
Roma,4400,12.6294389502263,41.8577285289437,530.7566947937012,432
Roma,4400,12.456296418646192,41.91096057940585,964.7798309326172,432
Roma,4400,12.577904072522124,41.85180502796055,394.8735809326172,432
Roma,4400,12.638817318000156,41.876436233419746,248.05963134765625,432
Roma,4400,12.676274343366043,41.9134373869542,294.81480407714844,432
Roma,4400,12.455384226781542,41.94924083341707,405.63576316833496,432
Roma,4400,12.674609759657782,41.85718927988622,789.6800308227539,432
Roma,4400,12.528193809574132,41.976797727433876,109.79324340820312,432
Roma,4400,12.470667086315261,41.83611071995852,559.8056030273438,432
Roma,4400,12.572855078424858,41.90035659017036,404.92006492614746,432
Roma,4400,12.392130655895775,41.90133573348249,649.2609901428223,432
Roma,4400,12.501997094427328,41.867831237982486,260.018985748291,432
Roma,4400,12.674476939569862,41.874519632663194,436.597261428833,432
Roma,4400,12.496068961064298,41.90199637470443,603.5128860473633,432
Roma,4400,12.698553777736532,41.907177375357946,270.7269802093506,432
Roma,4400,12.497294638551471,41.84042018392908,75.43103408813477,432
Roma,4400,12.49487384407866,41.886897109350556,582.3701553344727,432
Roma,4400,12.385887367443537,41.79005763004676,507.4360809326172,432
Roma,4400,12.474704926051707,41.81081758768191,852.9919776916504,432
Roma,4400,12.524958372334433,41.940048065663,756.2817535400391,432
Roma,4400,12.693846111800159,41.943537211485165,91.6085090637207,432
Roma,4400,12.507404336484038,41.8992922083857,738.6482429504395,432
Roma,4400,12.488582496519319,41.79238989266089,557.4157676696777,432
Roma,4400,12.697731705544747,41.85052432868821,107.19180297851562,432
Roma,4400,12.590740551940437,41.9156321259408,140.7681884765625,432
Roma,4400,12.559728893661408,41.92603681180541,363.4887580871582,432
Roma,4400,12.68331752766569,41.8093336198104,382.69496726989746,432
Roma,4400,12.475646780521624,41.951753554499625,140.95087051391602,432
Roma,4400,12.384375809260563,41.78418579582392,343.764835357666,432
Roma,4400,12.486999656300519,41.85985880310755,691.3761901855469,432
Roma,4400,12.478745232847556,41.88179983701405,836.4038486480713,432
Roma,4400,12.3771927016514,41.86748498753248,162.14287757873535,432
Roma,4400,12.42439421452182,41.84202516479062,675.1291656494141,432
Roma,4400,12.43502197340916,41.785212427857324,675.9565620422363,432
Roma,4400,12.64685711949616,41.861935377189646,518.5020027160645,432
Roma,4400,12.533526139441168,41.951374219745496,561.4461574554443,432
Roma,4400,12.482254379598173,41.902596076899215,751.9456176757812,432
Roma,4400,12.416777906460652,41.89779250429669,766.6771812438965,432
Roma,4400,12.521890123978473,41.90633721203932,681.7589244842529,432
Roma,4400,12.447744703234767,41.91135537025946,590.7487735748291,432
Roma,4400,12.472015898655581,41.916242242825646,671.8803386688232,432
Roma,4400,12.539582030385125,41.88106018359722,1074.4731979370117,432
Roma,4400,12.599179170270277,41.87354632990012,495.2113380432129,432
Roma,4400,12.405948606951545,41.91710904248583,576.0882396697998,432
Roma,4400,12.391394755697362,41.92137898282319,529.5136089324951,432
Roma,4400,12.670477107877167,41.79104042643575,388.4256477355957,432
Roma,4400,12.628542958374217,41.87133301109587,712.773323059082,432
Roma,4400,12.620154550653757,41.93833748683407,265.0184078216553,432
Roma,4400,12.400763871362152,41.963021444152,789.6644897460938,432
Roma,4400,12.511347348614878,41.82118440522672,431.30462074279785,432
Roma,4400,12.435144749510515,41.971498303517244,707.3084869384766,432
Roma,4400,12.37965478512722,41.79211179653737,504.1512756347656,432
Roma,4400,12.683785077446236,41.887889033308646,503.2347297668457,432
Roma,4400,12.554020728060797,41.94172507314313,624.7946224212646,432
Roma,4400,12.4751668381887,41.91233451950669,679.0894203186035,432
Roma,4400,12.44255205606268,41.92651783728677,492.1952438354492,432
Roma,4400,12.652219056439744,41.83192136138275,59.133697509765625,432
Roma,4400,12.676868389645747,41.91925898600869,216.56772804260254,432
Roma,4400,12.425307044590927,41.84447069605843,734.2727794647217,432
Roma,4400,12.375900751803586,41.92188536397903,698.929407119751,432
Roma,4400,12.548174700849616,41.960774831826846,382.0669288635254,432
Roma,4400,12.593660556813779,41.81820054498124,221.50791931152344,432
Roma,4400,12.46396137003113,41.78513358289698,254.10381507873535,432
Roma,4400,12.465999746357397,41.85266079992165,609.4314937591553,432
Roma,4400,12.576547640652617,41.924482852662635,693.7835426330566,432
Roma,4400,12.617081193358896,41.79537329762154,420.1713390350342,432
Roma,4400,12.611829230355857,41.893862857302594,186.8217487335205,432
Roma,4400,12.41852187780199,41.851889559115335,390.13416290283203,432
Roma,4400,12.535464896348115,41.92993391362876,558.8905868530273,432
Roma,4400,12.453017772364012,41.96414228544586,534.1225967407227,432
Roma,4400,12.46792950376948,41.91540923253207,1030.1866416931152,432
Roma,4400,12.526754878213215,41.928647494811464,610.4639911651611,432
Roma,4400,12.446648284991445,41.86115243709385,720.1001396179199,432
Roma,4400,12.544153539877707,41.87702553504625,840.4915084838867,432
Roma,4400,12.408380121809733,41.86717347206596,377.53441429138184,432
Roma,4400,12.543970153571143,41.92475287729831,516.3817672729492,432
Roma,4400,12.490774735125745,41.908407984863935,981.3446655273438,432
Roma,4400,12.65825541658423,41.86503941338572,209.61671257019043,432
Roma,4400,12.619534203134995,41.93091518265027,293.884069442749,432
Roma,4400,12.582038663588618,41.84604784600891,76.64230918884277,432
Roma,4400,12.668731977246505,41.89885583934743,293.9687786102295,432
Roma,4400,12.545633039627944,41.83957936394824,587.1825199127197,432
Roma,4400,12.428457008751304,41.896533692256405,620.2804756164551,432
Roma,4400,12.67150744576086,41.879271839853885,338.55980110168457,432
Roma,4400,12.459534891611018,41.815937898280254,276.15592193603516,432
Roma,4400,12.575328551477357,41.87087662697344,740.7689628601074,432
Roma,4400,12.36781648829926,41.86705517573704,326.6064453125,432
Roma,4400,12.425812677460158,41.803676589965356,326.37337493896484,432
Roma,4400,12.561010206188703,41.92856131065259,375.0248794555664,432
Roma,4400,12.651250443395693,41.954843247201275,403.8469295501709,432
Roma,4400,12.470635615093595,41.829285580437364,433.281494140625,432
Roma,4400,12.391882087747897,41.791032344949784,258.13977813720703,432
Roma,4400,12.386975448011327,41.947789537418736,584.8973903656006,432
Roma,4400,12.588961784052032,41.89427312067134,279.31788063049316,432
Roma,4400,12.614261703142864,41.93424037403107,207.73387336730957,432
Roma,4400,12.594252217391988,41.89999181303171,484.66967010498047,432
Roma,4400,12.671302891525434,41.918632597645676,253.68289756774902,432
Roma,4400,12.463703232939803,41.89390564679021,641.4441890716553,432
Roma,4400,12.426190393471114,41.79966150793632,365.88105392456055,432
Roma,4400,12.420473172728984,41.88985338897305,569.4294261932373,432
Roma,4400,12.536767991809425,41.96577916792587,343.82496452331543,432
Roma,4400,12.512772869221887,41.915474499943144,1146.902488708496,432
Roma,4400,12.692126758044996,41.91682382658975,397.0991325378418,432
Roma,4400,12.425371418208492,41.93628900349322,1053.5908241271973,432
Roma,4400,12.363928577248782,41.78933881220362,471.42103004455566,432
Roma,4400,12.40005315985474,41.92484558487481,441.0640926361084,432
Roma,4400,12.613893422558782,41.816727013140394,888.8835067749023,432
Roma,4400,12.480582453781363,41.80650723439617,483.13106536865234,432
Roma,4400,12.622921061839385,41.82746052761083,312.1600112915039,432
Roma,4400,12.436161669233671,41.93741405248227,534.2729377746582,432
Roma,4400,12.516058383361926,41.87660563366414,691.0189971923828,432
Roma,4400,12.543497652994173,41.890363229879966,895.2412719726562,432
Roma,4400,12.412194396988054,41.92138636081051,1229.327724456787,432
Roma,4400,12.424317364963043,41.930855933910465,660.9311218261719,432
Roma,4400,12.484766474818116,41.86822604271311,911.2038726806641,432
Roma,4400,12.403611696246664,41.87775847972925,63.47817039489746,432
Roma,4400,12.69438215318509,41.86259443054046,808.447696685791,432
Roma,4400,12.60755623969236,41.82340849471355,358.5644340515137,432
Roma,4400,12.680070843342365,41.884502772955926,563.7653293609619,432
Roma,4400,12.642128878681891,41.82413601689762,457.19603538513184,432
Roma,4400,12.563556851581298,41.82831781551923,579.4355182647705,432
Roma,4400,12.409486193392883,41.969780613416816,172.5376262664795,432
Roma,4400,12.612533056180263,41.90503921065521,257.2478141784668,432
Roma,4400,12.418877724804078,41.834533442652436,151.53191947937012,432
Roma,4400,12.583439209883082,41.82665406327875,464.5680522918701,432
Roma,4400,12.585042555807584,41.86111413637608,669.9901313781738,432
Roma,4400,12.457667143255268,41.894340721423355,369.0562038421631,432
Roma,4400,12.523304641325835,41.90851971385769,879.6195373535156,432
Roma,4400,12.613220239169959,41.78473886741811,455.99181365966797,432
Roma,4400,12.61672897461923,41.86693781846302,509.26290130615234,432
Roma,4400,12.672368428003233,41.78822615698435,334.1405906677246,432
Roma,4400,12.520831145245575,41.94524518748804,654.9484748840332,432
Roma,4400,12.626512872624874,41.87630024627306,430.38746452331543,432
Roma,4400,12.50744684905026,41.92681621908475,597.9002666473389,432
Roma,4400,12.400220571513422,41.824938663443255,337.5064449310303,432
Roma,4400,12.389579660698345,41.90292540035492,538.867057800293,432
Roma,4400,12.52108365251654,41.883366999656005,923.433708190918,432
Roma,4400,12.563383679365826,41.861295364971944,622.4304542541504,432
Roma,4400,12.46899571364869,41.815603816823476,499.3243064880371,432
Roma,4400,12.427970442841842,41.97345532430178,150.53045463562012,432
Roma,4400,12.648389576140856,41.86390272213351,748.0592041015625,432
Roma,4400,12.411629901621987,41.92873110796445,765.5027313232422,432
Roma,4400,12.597578209091973,41.803865296282446,489.58208656311035,432
Roma,4400,12.549116416873183,41.8954752317065,469.5415897369385,432
Roma,4400,12.472354611784239,41.912681387678056,665.533618927002,432
Roma,4400,12.559937516096698,41.90511404659654,373.5326156616211,432
Roma,4400,12.582832674451728,41.862371181095625,599.3202152252197,432
Roma,4400,12.362521265130068,41.878158544762776,216.02725410461426,432
Roma,4400,12.69751342553996,41.786890275595916,76.12355613708496,432
Roma,4400,12.684564515984777,41.90096033588117,561.6980037689209,432
Roma,4400,12.536023664709216,41.89318968180431,634.072099685669,432
Roma,4400,12.457641135811567,41.96387090641065,452.38965034484863,432
Roma,4400,12.573365666856068,41.86192371082232,282.9917392730713,432
Roma,4400,12.652885710258573,41.9593164607501,276.3560028076172,432
Roma,4400,12.581417055539381,41.934643831138374,489.02477264404297,432
Roma,4400,12.595144465015961,41.81622215220622,444.5448741912842,432
Roma,4400,12.455696135788187,41.83273603166423,482.57460021972656,432
Roma,4400,12.363687960803356,41.859423029583276,309.0342082977295,432
Roma,4400,12.62169114136649,41.80570109330967,254.57488822937012,432
Roma,4400,12.518378340365958,41.91877963465539,827.0130386352539,432
Roma,4400,12.578246132664146,41.88878637144013,721.7306423187256,432
Roma,4400,12.42576924227965,41.914845049326,321.495325088501,432
Roma,4400,12.688126873242604,41.895224121291285,244.23341369628906,432
Roma,4400,12.54447180227501,41.90938138238568,1138.795783996582,432
Roma,4400,12.59097534789316,41.856133362742014,270.31287384033203,432
Roma,4400,12.531406135693897,41.798917483189165,55.0454044342041,432
Roma,4400,12.569448781310061,41.93148996244727,502.7095832824707,432
Roma,4400,12.570512093259277,41.942445078441395,413.723819732666,432
Roma,4400,12.498722050202485,41.883213614641065,676.3040351867676,432
Roma,4400,12.431371603652199,41.83350515891862,330.49327659606934,432
Roma,4400,12.493614112659682,41.86110107172232,808.9494705200195,432
Roma,4400,12.4510171074257,41.85253582650748,810.3666839599609,432
Roma,4400,12.423879402227211,41.83903051211136,411.5138339996338,432
Roma,4400,12.57295296049749,41.86671849659141,368.220422744751,432
Roma,4400,12.534080702090106,41.91130285953514,418.7207946777344,432
Roma,4400,12.527412411556897,41.86846656821585,477.9161491394043,432
Roma,4400,12.440694851616342,41.96702696873674,441.1463432312012,432
Roma,4400,12.61163202067499,41.79714036281031,413.3678321838379,432
Roma,4400,12.624779544021743,41.89701341348996,130.40854835510254,432
Roma,4400,12.49236578275363,41.86843926922028,544.4628601074219,432
Roma,4400,12.46571413315901,41.879880476190635,653.8650283813477,432
Roma,4400,12.595519105166133,41.81299729156297,318.11605644226074,432
Roma,4400,12.414838883431033,41.93068404717616,720.1272392272949,432
Roma,4400,12.440748182221991,41.86693979279423,645.0140266418457,432
Roma,4400,12.625474877166583,41.943261841250546,251.8732681274414,432
Roma,4400,12.470986492846123,41.79215949603858,301.53573989868164,432
Roma,4400,12.499652397776279,41.869457221326215,239.4813461303711,432
Roma,4400,12.489821612071824,41.97301327362251,106.1081657409668,432
Roma,4400,12.644607740847928,41.96817309445024,353.92304611206055,432
Roma,4400,12.598419730095202,41.84951055889087,309.460729598999,432
Roma,4400,12.584725427315806,41.890040736162874,473.79116439819336,432
Roma,4400,12.428062952135459,41.93050411739527,443.70804595947266,432
Roma,4400,12.434668933217452,41.895722664675965,1048.7499313354492,432
Roma,4400,12.658517457416197,41.807998015867625,93.12154769897461,432
Roma,4400,12.48264400209229,41.823692323229544,852.035831451416,432
Roma,4400,12.600175277907972,41.86837043545919,407.4462833404541,432
Roma,4400,12.50626600859506,41.88626505177169,877.7632446289062,432
Roma,4400,12.486902751110128,41.875876960209816,744.9890213012695,432
Roma,4400,12.57925969375402,41.8560580438263,376.8424301147461,432
Roma,4400,12.509384665902147,41.87266555962309,542.7593612670898,432
Roma,4400,12.560435662640273,41.883302899958196,720.3827857971191,432
Roma,4400,12.600342751008164,41.9299205340046,315.1198253631592,432
Roma,4400,12.54200254357657,41.91447840185915,691.7269535064697,432
Roma,4400,12.414413266567866,41.87414740302381,433.90137100219727,432
Roma,4400,12.610736373387702,41.85914966991781,599.332893371582,432
Roma,4400,12.448011482562796,41.82247960323725,768.8042755126953,432
Roma,4400,12.47713062962132,41.94996897121774,359.68590354919434,432
Roma,4400,12.653626069187665,41.87658852302413,530.8886585235596,432
Roma,4400,12.47399528943443,41.81901416983575,662.2070121765137,432
Roma,4400,12.517968607776274,41.9261786148992,959.4804878234863,432
Roma,4400,12.445608984686737,41.94401349963316,314.66022872924805,432
Roma,4400,12.36672138507714,41.78044794680106,944.3275146484375,432
Roma,4400,12.451581552988868,41.87387958832886,726.2134399414062,432
Roma,4400,12.423644124490457,41.89706342478587,977.6317672729492,432
Roma,4400,12.442230428357684,41.79494227572548,234.11186599731445,432
Roma,4400,12.440666281366509,41.895708746099686,800.7312698364258,432
Roma,4400,12.455740339883793,41.85391602315258,610.9802436828613,432
Roma,4400,12.611446246070278,41.79150098112342,778.6582565307617,432
Roma,4400,12.573596851541193,41.92248759030011,485.5507354736328,432
Roma,4400,12.616786447194542,41.805136581548155,350.6032657623291,432
Roma,4400,12.513630548254547,41.953555598171874,216.70567321777344,432
Roma,4400,12.391384754317574,41.91654771230791,423.33131980895996,432
Roma,4400,12.444766067332562,41.933289219419514,387.50777435302734,432
Roma,4400,12.598580998637031,41.94151756661932,476.5717658996582,432
Roma,4400,12.547098817552246,41.903032101166886,610.5770664215088,432
Roma,4400,12.685022450728024,41.90353796143388,456.6499710083008,432
Roma,4400,12.41385162393552,41.90614571963885,1173.8782958984375,432
Roma,4400,12.457315746010387,41.93089307329182,334.29994201660156,432
Roma,4400,12.542780594000083,41.95739037206389,477.9684638977051,432
Roma,4400,12.680933501681956,41.88684275667346,590.2597541809082,432
Roma,4400,12.587684238424762,41.930972819398654,75.76937866210938,432
Roma,4400,12.634199701761288,41.844100953374834,250.97532844543457,432
Roma,4400,12.512919635338907,41.89584549816333,899.6515884399414,432
Roma,4400,12.562370347934102,41.87823876135382,596.1044464111328,432
Roma,4400,12.583385641053058,41.898633695790885,215.82736587524414,432
Roma,4400,12.681123896787145,41.85484453922582,437.5673179626465,432
Roma,4400,12.491836907177003,41.78250172340482,89.39512252807617,432
Roma,4400,12.473458115167153,41.94431584546969,864.8362808227539,432
Roma,4400,12.445883534433426,41.79670012439007,279.41858100891113,432
Roma,4400,12.592819968977196,41.84315454940479,467.6372699737549,432
Roma,4400,12.650694054655297,41.976930667044044,386.5001621246338,432
Roma,4400,12.474109388120025,41.916646374124305,597.1554145812988,432
Roma,4400,12.466002204575602,41.82031838389572,457.49370193481445,432
Roma,4400,12.528101242948079,41.90076111337679,622.80859375,432
Roma,4400,12.486386471720646,41.81357180142941,577.9682846069336,432
Roma,4400,12.583087802080751,41.84501925297985,103.38031387329102,432
Roma,4400,12.449583884672117,41.93916945122673,106.72921371459961,432
Roma,4400,12.496460525561902,41.851491042088114,463.8418846130371,432
Roma,4400,12.465584351404374,41.94299429784461,978.4376754760742,432
Roma,4400,12.479160588605101,41.92249780833047,749.4678955078125,432
Roma,4400,12.43460700680436,41.77758768162235,627.6280765533447,432
Roma,4400,12.473939140476741,41.87080405863652,602.9306755065918,432
Roma,4400,12.429954656428583,41.81230887374421,356.7065620422363,432
Roma,4400,12.567462486182452,41.86096397029824,605.9661693572998,432
Roma,4400,12.41909549235451,41.861314399407604,126.26755714416504,432
Roma,4400,12.520855170819505,41.96033435808398,651.955192565918,432
Roma,4400,12.475512325854899,41.93343644406085,478.97686195373535,432
Roma,4400,12.539319249291891,41.86926706533816,455.4007110595703,432
Roma,4400,12.615954931720848,41.885750274587075,465.8380241394043,432
Roma,4400,12.652374573908874,41.9824794049999,315.8265190124512,432
Roma,4400,12.581660072531536,41.808542912562665,476.7046413421631,432
Roma,4400,12.578015605547563,41.92852211617606,444.7819995880127,432
Roma,4400,12.396833984512284,41.913124967816024,512.2183132171631,432
Roma,4400,12.648755927674882,41.82468970303465,182.95509719848633,432
Roma,4400,12.410491788146818,41.90995880224301,786.5184135437012,432
Roma,4400,12.543195799933265,41.868906571348205,670.7792015075684,432
Roma,4400,12.557440930827937,41.88269175068889,408.94956398010254,432
Roma,4400,12.651895634139459,41.93318514202519,641.9700775146484,432
Roma,4400,12.595862359250976,41.776476065453494,319.47169303894043,432
Roma,4400,12.535905941031363,41.970675255588134,226.8371810913086,432
Roma,4400,12.572749143528185,41.932806368437674,383.75678634643555,432
Roma,4400,12.40914823212745,41.89008590629083,553.9432373046875,432
Roma,4400,12.518063347246601,41.91550964509457,763.3100547790527,432
Roma,4400,12.516384737371935,41.98121702727162,124.29594421386719,432
Roma,4400,12.506477251522407,41.91102855829841,1037.9354972839355,432
Roma,4400,12.518929069227642,41.97302575129195,346.9057102203369,432
Roma,4400,12.613438843599843,41.91424108985133,548.2215766906738,432
Roma,4400,12.666016259039285,41.79168658077832,400.9992218017578,432
Roma,4400,12.650898931320482,41.86346800426686,553.6032428741455,432
Roma,4400,12.62282531704233,41.85506917776049,554.1800308227539,432
Roma,4400,12.609044785576604,41.898673068831094,258.4299736022949,432
Roma,4400,12.623190078741123,41.848997036612715,300.80266761779785,432
Roma,4400,12.49015573223628,41.89629098493043,979.9861145019531,432
Roma,4400,12.471881136086154,41.87642812587198,991.7701759338379,432
Roma,4400,12.555433640397403,41.966541213340314,134.3805274963379,432
Roma,4400,12.541189888989901,41.89802424894244,613.3216915130615,432
Roma,4400,12.447065807089079,41.818802790015184,335.67239570617676,432
Roma,4400,12.625170650189556,41.87470206643979,518.072343826294,432
Roma,4400,12.485818029171698,41.84297195125905,683.907543182373,432
Roma,4400,12.594020313361616,41.86064753404634,669.1962947845459,432
Roma,4400,12.611885057542068,41.822095431895114,654.0910339355469,432
Roma,4400,12.541233248124298,41.84270733817808,386.1672649383545,432
Roma,4400,12.697514259782299,41.8686157904608,319.69725227355957,432
Roma,4400,12.401201604987552,41.95672225071871,550.6534118652344,432
Roma,4400,12.411914669292461,41.8916924558597,617.8291244506836,432
Roma,4400,12.553623681015559,41.88280202766927,527.2070503234863,432
Roma,4400,12.636655601218644,41.91750016832999,50.294952392578125,432
Roma,4400,12.424452315960867,41.94421468037543,685.2158317565918,432
Roma,4400,12.501508123307442,41.90215496606408,591.1469249725342,432
Roma,4400,12.389647699922875,41.91797212559552,477.4379997253418,432
Roma,4400,12.435205606676188,41.782319553179896,704.5610904693604,432
Roma,4400,12.366428803797366,41.861507273197795,389.17218589782715,432
Roma,4400,12.680193526851978,41.86802998561661,860.8257904052734,432
Roma,4400,12.474652654543247,41.830220150369406,835.4490737915039,432
Roma,4400,12.446142392739848,41.92015127067287,601.8844661712646,432
Roma,4400,12.624105712923301,41.98007745370766,371.11743927001953,432
Roma,4400,12.43764556795602,41.90329347857407,569.861234664917,432
Roma,4400,12.440038935692026,41.77648709077028,512.6364402770996,432
Roma,4400,12.6217377468077,41.86389229865232,769.0831451416016,432
Roma,4400,12.551174639412844,41.97425256961972,273.9594211578369,432
Roma,4400,12.386871286805226,41.91158861324706,678.7297344207764,432
Roma,4400,12.555731277859996,41.881548687841246,509.97146224975586,432
Roma,4400,12.545784852125859,41.95898270698713,603.6282348632812,432
Roma,4400,12.516338712730459,41.7855957584179,303.38814544677734,432
Roma,4400,12.584594002007476,41.894917354533284,416.0083885192871,432
Roma,4400,12.370093193069241,41.91841186154554,558.2983016967773,432
Roma,4400,12.460429948239167,41.87790618870269,1155.6496124267578,432
Roma,4400,12.448343220683777,41.964601368114074,713.3877410888672,432
Roma,4400,12.554520728107398,41.916539979890274,729.948902130127,432
Roma,4400,12.585179158430295,41.85836123672107,599.5424194335938,432
Roma,4400,12.438835926539031,41.8474034862292,722.4586791992188,432
Roma,4400,12.458348889458872,41.852617867764884,505.1115093231201,432
Roma,4400,12.57667577802389,41.94161602036168,404.8257713317871,432
Roma,4400,12.443627406927925,41.870462463332665,685.1491394042969,432
Roma,4400,12.428565920131325,41.849999247866485,220.37012481689453,432
Roma,4400,12.654691982760765,41.96088099198071,288.9423580169678,432
Roma,4400,12.546465230702662,41.877721696706615,599.9666938781738,432
Roma,4400,12.385370106217563,41.82419415264,125.61277389526367,432
Roma,4400,12.541866198016022,41.88665998006807,862.2193870544434,432
Roma,4400,12.435484336925024,41.83187429195935,115.9636402130127,432
Roma,4400,12.463414044812584,41.87553176174896,948.5009841918945,432
Roma,4400,12.696990591740496,41.89709902760765,260.9737033843994,432
Roma,4400,12.532515558203066,41.91352156881429,431.4883289337158,432
Roma,4400,12.55331722605089,41.8645918767313,785.846809387207,432
Roma,4400,12.378245711020165,41.950911031528825,465.0476264953613,432
Roma,4400,12.60553406317648,41.85614740819117,1012.3543548583984,432
Roma,4400,12.658542303836661,41.87116275405703,168.26823806762695,432
Roma,4400,12.676824571446847,41.79049734626379,84.96099662780762,432
Roma,4400,12.478810715564256,41.924939711869236,747.5796241760254,432
Roma,4400,12.627776971885211,41.93324447626673,212.96714782714844,432
Roma,4400,12.543602765608803,41.94587191029834,814.2148246765137,432
Roma,4400,12.564904859677075,41.85491156783776,597.1497573852539,432
Roma,4400,12.474164541439091,41.78736008870428,504.6848335266113,432
Roma,4400,12.617495278371873,41.98194425332605,250.2427978515625,432
Roma,4400,12.437088574946857,41.96819712272835,677.3242149353027,432
Roma,4400,12.509836836325396,41.89975116743527,773.0122604370117,432
Roma,4400,12.492759603001115,41.93453239655317,284.73549461364746,432
Roma,4400,12.512836924638256,41.87507060023617,747.4837226867676,432
Roma,4400,12.414087281387232,41.94682236596459,97.68720626831055,432
Roma,4400,12.420350881456395,41.80072657941812,618.4348068237305,432
Roma,4400,12.49726583586197,41.90730178718045,960.2328414916992,432
Roma,4400,12.579439428841653,41.81226012095476,135.43574905395508,432
Roma,4400,12.627027898021483,41.94299580250204,369.5697364807129,432
Roma,4400,12.398493081380293,41.95683599557038,345.48146057128906,432
Roma,4400,12.432488491805483,41.81078153961354,565.2980117797852,432
Roma,4400,12.374738302115478,41.78226274261333,620.8238430023193,432
Roma,4400,12.566015946176748,41.95226453027486,162.11558532714844,432
Roma,4400,12.431076897698727,41.84957534476822,457.09473037719727,432
Roma,4400,12.508324702849876,41.881520182083605,780.7015151977539,432
Roma,4400,12.478003868047425,41.955193781296295,99.72118186950684,432
Roma,4400,12.42935449682684,41.84644721115921,648.3077659606934,432
Roma,4400,12.679820116926567,41.92685365241637,74.63459014892578,432
Roma,4400,12.68918199628005,41.919105644166855,387.33233642578125,432
Roma,4400,12.464625182575476,41.83389391230047,749.7708911895752,432
Roma,4400,12.475741581960158,41.86808450297398,433.2018814086914,432
Roma,4400,12.486966923638011,41.82779520348539,890.7261009216309,432
Roma,4400,12.40516927161414,41.958931346056026,548.2764358520508,432
Roma,4400,12.472274127680192,41.89271330017312,761.9736671447754,432
Roma,4400,12.458680598358534,41.84340134220606,420.98727226257324,432
Roma,4400,12.507573820619697,41.9524049272735,250.5937385559082,432
Roma,4400,12.557570058313729,41.98218862393238,404.6539821624756,432
Roma,4400,12.68476499287881,41.915031493750064,367.84423828125,432
Roma,4400,12.372083198182567,41.79148997353672,311.9265937805176,432
Roma,4400,12.610978959925962,41.92916733022336,217.62581634521484,432
Roma,4400,12.386709030868895,41.89417274330254,217.44622421264648,432
Roma,4400,12.39452382585196,41.9119603768788,557.0986824035645,432
Roma,4400,12.474572761922737,41.94192903352507,910.4914741516113,432
Roma,4400,12.59316471863307,41.87274358535727,685.5259227752686,432
Roma,4400,12.373684777487247,41.93651440308383,348.24122428894043,432
Roma,4400,12.553180971179575,41.856547945949615,766.0619201660156,432
Roma,4400,12.61389559741216,41.7897498071898,511.6360778808594,432
Roma,4400,12.42223136582186,41.863863038967054,113.17178726196289,432
Roma,4400,12.51433279761065,41.830809189874465,930.7333984375,432
Roma,4400,12.536360212942567,41.888715115063626,971.0452079772949,432
Roma,4400,12.690411194252956,41.777309725681256,232.50303840637207,432
Roma,4400,12.449978089875213,41.86307109563767,610.2789516448975,432
Roma,4400,12.678493182024507,41.89902074285444,574.4845237731934,432
Roma,4400,12.448552144630394,41.792106256505065,482.52817726135254,432
Roma,4400,12.424201277127167,41.85589025494426,476.0682563781738,432
Roma,4400,12.403924977506794,41.89335653107326,333.781192779541,432
Roma,4400,12.492499230029997,41.96540296617349,34.55393409729004,432
Roma,4400,12.468296167796357,41.87465346226826,516.1645278930664,432
Roma,4400,12.507221537384638,41.90434054539236,795.8047561645508,432
Roma,4400,12.532166145911352,41.8747211480708,793.5540504455566,432
Roma,4400,12.472345920548687,41.808080193684894,614.190336227417,432
Roma,4400,12.446967382169612,41.864243121263236,926.8219528198242,432
Roma,4400,12.460004322079229,41.88125982232266,968.6740264892578,432
Roma,4400,12.668350434378826,41.93751963801627,88.73841094970703,432
Roma,4400,12.488718123789056,41.817948801021224,556.5363998413086,432
Roma,4400,12.521923776231889,41.948087353739176,770.8304061889648,432
Roma,4400,12.390818754315498,41.911498231109604,521.3063831329346,432
Roma,4400,12.380184749176296,41.78648458537708,802.3240699768066,432
Roma,4400,12.602504321096784,41.912947657476266,598.6990089416504,432
Roma,4400,12.510417597058403,41.95500016817999,37.449750900268555,432
Roma,4400,12.48308776105493,41.934211335777555,104.96718215942383,432
Roma,4400,12.690317103209601,41.87316171243911,195.56603622436523,432
Roma,4400,12.577742163873427,41.805002285102454,161.93169593811035,432
Roma,4400,12.394335036909137,41.78500889258014,472.1065216064453,432
Roma,4400,12.461600992712286,41.8874965055227,338.7316360473633,432
Roma,4400,12.387899275734107,41.883656569396436,292.0933361053467,432
Roma,4400,12.404175041354073,41.870378952629515,238.08143615722656,432
Roma,4400,12.532937519841113,41.94083345196098,953.6292037963867,432
Roma,4400,12.613733044922041,41.814230146311694,774.1810073852539,432
Roma,4400,12.638079241030976,41.831405091321486,55.76170349121094,432
Roma,4400,12.57476837222968,41.91473275902773,455.66210556030273,432
Roma,4400,12.488583916224764,41.89262950340537,733.5235404968262,432
Roma,4400,12.695834940895717,41.90329551236381,489.4535827636719,432
Roma,4400,12.48677059018462,41.92322797726256,668.6979904174805,432
Roma,4400,12.440739068961195,41.810130263729945,509.47823333740234,432
Roma,4400,12.394607027538928,41.95401038464238,365.2708377838135,432
Roma,4400,12.544095779290693,41.863023049409804,537.0562152862549,432
Roma,4400,12.493686031268336,41.89327977470086,784.8065433502197,432
Roma,4400,12.422791923642352,41.900555802068254,764.346830368042,432
Roma,4400,12.680761696019983,41.881384199316514,432.0281639099121,432
Roma,4400,12.409245040440437,41.980307587030836,282.1406936645508,432
Roma,4400,12.601928045560918,41.934517403977715,139.55961227416992,432
Roma,4400,12.531972285881814,41.961954215717014,842.3627452850342,432
Roma,4400,12.660852605742384,41.795966320404105,110.78114128112793,432
Roma,4400,12.401931697066107,41.958719159416155,572.4897079467773,432
Roma,4400,12.588722066441193,41.946032847139435,95.44907569885254,432
Roma,4400,12.412533217825716,41.85282475743273,201.82330322265625,432
Roma,4400,12.643271789391322,41.867878551299995,722.7600593566895,432
Roma,4400,12.450306954029827,41.809138957061485,474.95862770080566,432
Roma,4400,12.614992968881419,41.82704321516124,622.1603164672852,432
Roma,4400,12.381365285255065,41.948405118470696,299.57429695129395,432
Roma,4400,12.590417484244288,41.847984760834464,516.7309665679932,432
Roma,4400,12.470085145361864,41.856076780071795,729.3828945159912,432
Roma,4400,12.666949093121852,41.882353212357465,518.633623123169,432
Roma,4400,12.480372678952683,41.790000168839995,37.57485580444336,432
Roma,4400,12.381676051458731,41.92131193523207,442.15013122558594,432
Roma,4400,12.462456432967217,41.90297376248397,1103.7489414215088,432
Roma,4400,12.6549769469821,41.91747022334461,388.5352363586426,432
Roma,4400,12.508429550993885,41.9759964132387,526.7103404998779,432
Roma,4400,12.621377942547285,41.98162412907125,479.3377208709717,432
Roma,4400,12.625224177587203,41.85120230049877,425.530948638916,432
Roma,4400,12.441201895857747,41.78294191944635,645.8848705291748,432
Roma,4400,12.62127154305644,41.94048684681945,430.7187690734863,432
Roma,4400,12.392406982917482,41.95149527987953,361.8063774108887,432
Roma,4400,12.643657023437198,41.854956024696946,216.96911430358887,432
Roma,4400,12.481594590706473,41.83008756873044,500.8697872161865,432
Roma,4400,12.420912418152186,41.8506956692419,553.579532623291,432
Roma,4400,12.521867486807048,41.910911250080034,1004.5283050537109,432
Roma,4400,12.634829735019506,41.91699432031158,90.67609596252441,432
Roma,4400,12.559179653819907,41.851928942011206,427.2705383300781,432
Roma,4400,12.370987519796218,41.866312904779086,224.97211265563965,432
Roma,4400,12.566305027368603,41.94998229641632,630.87744140625,432
Roma,4400,12.671592825509727,41.85285660551668,428.9135341644287,432
Roma,4400,12.476955472982683,41.78607822868084,380.1613426208496,432
Roma,4400,12.543527513609984,41.94028342324413,425.113338470459,432
Roma,4400,12.419063684211682,41.85754125452501,535.1443519592285,432
Roma,4400,12.452947128377897,41.876344088126864,933.8300323486328,432
Roma,4400,12.647092346281964,41.91540705146803,33.503408432006836,432
Roma,4400,12.376168199902741,41.94919764341352,439.277551651001,432
Roma,4400,12.488670058139993,41.830301725645214,557.6709041595459,432
Roma,4400,12.638401728590217,41.82636563035673,295.53969955444336,432
Roma,4400,12.434449764206805,41.85004202046062,468.46531677246094,432
Roma,4400,12.503304899347977,41.834825055209485,450.3936958312988,432
Roma,4400,12.597062495430855,41.85924953285378,797.1553649902344,432
Roma,4400,12.61150446880035,41.95700233349054,84.42615127563477,432
Roma,4400,12.660969734405521,41.86135108414896,283.30002212524414,432
Roma,4400,12.47814139164804,41.8666465266362,768.3608436584473,432
Roma,4400,12.452775524727077,41.961275488594424,755.6649894714355,432
Roma,4400,12.450037464180209,41.916157017756774,861.7693042755127,432
Roma,4400,12.672555493930078,41.88096809115527,293.41614532470703,432
Roma,4400,12.447022751218729,41.92468072390084,592.9062175750732,432
Roma,4400,12.397865937915636,41.90979991461855,622.4393310546875,432
Roma,4400,12.442144726435183,41.86358556069989,855.2639656066895,432
Roma,4400,12.697555353168026,41.88486018348547,473.17726135253906,432
Roma,4400,12.403286274247808,41.788748816590555,238.08750343322754,432
Roma,4400,12.518123711274798,41.95454484065028,813.976203918457,432
Roma,4400,12.492269310613421,41.98313013467669,236.4691619873047,432
Roma,4400,12.655145635064823,41.8537876855216,499.3172721862793,432
Roma,4400,12.517810641892831,41.97171246417004,387.29322814941406,432
Roma,4400,12.627991892613037,41.81611578013648,243.55296897888184,432
Roma,4400,12.488367107260963,41.798202694992206,96.37037658691406,432
Roma,4400,12.435254174000814,41.90187973223443,271.4907970428467,432
Roma,4400,12.383910724715777,41.93838312409819,376.80174446105957,432
Roma,4400,12.589103861789114,41.83871051404879,287.0563659667969,432
Roma,4400,12.682449594503641,41.90336601060457,445.85500717163086,432
Roma,4400,12.547349650060006,41.87063358121862,878.0307731628418,432
Roma,4400,12.48640372407476,41.88264409089845,507.1637954711914,432
Roma,4400,12.511537211130843,41.8726111722731,667.2249488830566,432
Roma,4400,12.502881974613683,41.86115749173823,671.4055404663086,432
Roma,4400,12.606598277004652,41.792223047786294,425.67658615112305,432
Roma,4400,12.49183975625253,41.84178815790193,473.92080879211426,432
Roma,4400,12.379291073076807,41.9123237590397,165.07596015930176,432
Roma,4400,12.676693601235128,41.855565189579764,499.6596221923828,432
Roma,4400,12.46163589175211,41.86732713116359,869.2168388366699,432
Roma,4400,12.694428659203659,41.85996220053307,437.89966583251953,432
Roma,4400,12.483797864664979,41.86539314995093,905.7323799133301,432
Roma,4400,12.543699301836412,41.96444611957237,247.64301300048828,432
Roma,4400,12.51700624017619,41.96765005079376,442.49323081970215,432
Roma,4400,12.360322008480255,41.8343104094342,201.33446311950684,432
Roma,4400,12.453335581500985,41.881337069293345,618.1600151062012,432
Roma,4400,12.453842826480141,41.94620525990886,617.4095840454102,432
Roma,4400,12.458369776458104,41.89872361606442,697.199161529541,432
Roma,4400,12.631222182591694,41.940896500728215,430.96883392333984,432
Roma,4400,12.442708794437435,41.924061569913974,600.5581970214844,432
Roma,4400,12.517780693062774,41.88459970520828,1017.0309562683105,432
Roma,4400,12.611776914873134,41.88675950208403,203.6562900543213,432
Roma,4400,12.458347675173941,41.86111416470653,523.7136726379395,432
Roma,4400,12.60748644572229,41.84448637376654,312.92823600769043,432
Roma,4400,12.542330343014143,41.954941763665,531.4777488708496,432
Roma,4400,12.437984833500735,41.91522009032716,469.03414154052734,432
Roma,4400,12.44438213795154,41.862781650188694,981.4874649047852,432
Roma,4400,12.423720844304675,41.880165651467586,668.0719013214111,432
Roma,4400,12.462240175924846,41.91488874350364,653.0686836242676,432
Roma,4400,12.536934053866624,41.86358566995703,561.0916919708252,432
Roma,4400,12.389556063138793,41.943797866202324,464.41831398010254,432
Roma,4400,12.468664071780909,41.86597968442769,1196.7729949951172,432
Roma,4400,12.471823474396539,41.85751667866043,288.3464603424072,432
Roma,4400,12.63578771956204,41.837712202991966,78.36785507202148,432
Roma,4400,12.49438339391684,41.83201582978688,381.0293598175049,432
Roma,4400,12.572494575973797,41.952477848057114,314.50050354003906,432
Roma,4400,12.674728674441953,41.78802133214279,147.69223022460938,432
Roma,4400,12.460793764180107,41.81881579496515,569.9211540222168,432
Roma,4400,12.569394361473087,41.88988690788092,683.5402336120605,432
Roma,4400,12.504807222669486,41.901022245145036,805.3332366943359,432
Roma,4400,12.590439674572911,41.8649268312701,798.6115531921387,432
Roma,4400,12.437620462474062,41.81145443179925,861.6920890808105,432
Roma,4400,12.413382932313208,41.98207088685324,418.0999927520752,432
Roma,4400,12.462618076960641,41.936826334571926,452.923131942749,432
Roma,4400,12.463419359828844,41.854624072783714,365.9016056060791,432
Roma,4400,12.426583954815019,41.87783734918212,728.665225982666,432
Roma,4400,12.609857411394145,41.86465447739959,325.4190731048584,432
Roma,4400,12.510794359874463,41.929015172682575,554.3136596679688,432
Roma,4400,12.560802372329428,41.91943009186083,594.4539108276367,432
Roma,4400,12.586241183710952,41.845486436958254,91.49902534484863,432
Roma,4400,12.466494267440147,41.82968890667915,222.80459213256836,432
Roma,4400,12.370671088073196,41.926914428732346,432.48623275756836,432
Roma,4400,12.417764461877276,41.90068736841322,761.1444358825684,432
Roma,4400,12.431773378085067,41.80106062586512,473.19053077697754,432
Roma,4400,12.618374447863562,41.93598702760275,284.29855728149414,432
Roma,4400,12.381977672889521,41.93818625374886,473.806884765625,432
Roma,4400,12.367087725120689,41.93540791665134,70.12066078186035,432
Roma,4400,12.621458901169568,41.813827053067754,496.08405685424805,432
Roma,4400,12.391747589483067,41.92456417494352,667.6672611236572,432
Roma,4400,12.382923914290139,41.87180094498786,152.41076850891113,432
Roma,4400,12.433648595031329,41.83847124948823,514.610710144043,432
Roma,4400,12.569425871395927,41.86373086804817,207.80328941345215,432
Roma,4400,12.46733835867926,41.90316218493937,534.4759521484375,432
Roma,4400,12.36333186683197,41.87030978521085,371.4718246459961,432
Roma,4400,12.386443074979079,41.78754455245901,390.68724822998047,432
Roma,4400,12.515576691788239,41.87427677309224,662.3316650390625,432
Roma,4400,12.677425184390804,41.81260218845165,153.12640380859375,432
Roma,4400,12.445678297704946,41.959544708311846,398.7175483703613,432
Roma,4400,12.496724017229393,41.91701852166297,775.5527153015137,432
Roma,4400,12.555832563109998,41.81083350208999,17.394792556762695,432
Roma,4400,12.554705502238036,41.96811348189681,100.06167221069336,432
Roma,4400,12.381701380506142,41.9039732925959,156.70278930664062,432
Roma,4400,12.510586495571687,41.80196817379279,55.78386306762695,432
Roma,4400,12.555217991956878,41.97089131205512,417.4627799987793,432
Roma,4400,12.599875129358104,41.84376242035487,534.364013671875,432
Roma,4400,12.666307483685802,41.804221939418866,207.73730278015137,432
Roma,4400,12.631617114284449,41.97736549985697,313.0535488128662,432
Roma,4400,12.526226717782942,41.94740847866655,1149.8130569458008,432
Roma,4400,12.576587666046176,41.87385335307934,832.5532379150391,432
Roma,4400,12.600481256958176,41.835114594085,606.3202476501465,432
Roma,4400,12.466350023145342,41.817334796367554,567.5084609985352,432
Roma,4400,12.57304224426058,41.844328421221846,106.07080078125,432
Roma,4400,12.569668619357106,41.88729333477111,1161.8738136291504,432
Roma,4400,12.565537005568261,41.82205420960501,112.74145889282227,432
Roma,4400,12.488529231154828,41.77918588976446,74.83536338806152,432
Roma,4400,12.442612881623996,41.872593059089795,574.6844482421875,432
Roma,4400,12.442907830452576,41.9698392677832,721.627384185791,432
Roma,4400,12.477796463570495,41.82924076207353,619.985481262207,432
Roma,4400,12.441580746672615,41.92075053625113,655.8738784790039,432
Roma,4400,12.61634112384118,41.77628489256424,232.66246795654297,432
Roma,4400,12.700396397289195,41.85865883749388,140.75801849365234,432
Roma,4400,12.442422050000935,41.974752692601385,705.7020072937012,432
Roma,4400,12.478283618636695,41.84759766705789,598.6940021514893,432
Roma,4400,12.61270495935777,41.77649065395377,396.651424407959,432
Roma,4400,12.624003490302247,41.86443722483234,648.8745269775391,432
Roma,4400,12.438089069190825,41.80781695989205,673.2807922363281,432
Roma,4400,12.493690253898817,41.90142866456684,613.404541015625,432
Roma,4400,12.549461310243705,41.845729227767535,328.29542541503906,432
Roma,4400,12.410232138979838,41.78818933699392,405.0505771636963,432
Roma,4400,12.423736548533878,41.978330450163185,195.46490097045898,432
Roma,4400,12.601652532028169,41.79655031415639,385.3346366882324,432
Roma,4400,12.397344969695235,41.825727698502476,239.34088134765625,432
Roma,4400,12.520169544853223,41.880425557735926,842.0414505004883,432
Roma,4400,12.37961044198826,41.7948619875669,291.1029586791992,432
Roma,4400,12.586256428569708,41.94263281673569,541.09934425354,432
Roma,4400,12.651658947601906,41.97973004494366,335.727819442749,432
Roma,4400,12.63280299436702,41.92701382406599,246.78428268432617,432
Roma,4400,12.46304044486105,41.92442720673366,612.4121799468994,432
Roma,4400,12.38870168938938,41.92027015845932,431.8897933959961,432
Roma,4400,12.57417675045633,41.88128899822074,866.3038024902344,432
Roma,4400,12.38259617868538,41.90629070697725,247.80262565612793,432
Roma,4400,12.450856717197176,41.907490714465716,1038.7428131103516,432
Roma,4400,12.391282574535767,41.90917501346622,868.4379043579102,432
Roma,4400,12.581120439761944,41.82621649916535,397.38929748535156,432
Roma,4400,12.442851985554821,41.8938200240069,690.5517559051514,432
Roma,4400,12.507542980332252,41.97072075770807,329.75052642822266,432
Roma,4400,12.434305204892699,41.79739197739861,494.352933883667,432
Roma,4400,12.507385055923885,41.89398287650849,907.7400894165039,432
Roma,4400,12.482072681455648,41.85732718860766,849.6983795166016,432
Roma,4400,12.538688853705889,41.92549497015168,310.31519889831543,432
Roma,4400,12.612416057411362,41.930833501609996,66.27932929992676,432
Roma,4400,12.583986671732212,41.885425518138774,145.74913024902344,432
Roma,4400,12.421135477068017,41.92067628310672,519.7660713195801,432
Roma,4400,12.662113086967741,41.90481753332728,166.93473052978516,432
Roma,4400,12.38321175180184,41.888953207800405,226.36810111999512,432
Roma,4400,12.694275171346183,41.90079529072966,449.5496196746826,432
Roma,4400,12.476631169232455,41.89499504083718,734.4422836303711,432
Roma,4400,12.610833001806565,41.815996393539564,698.9364204406738,432
Roma,4400,12.548690207239334,41.94973397863831,806.3319797515869,432
Roma,4400,12.66201747958357,41.91022393282913,200.26099967956543,432
Roma,4400,12.366257607539971,41.77692433729164,954.262321472168,432
Roma,4400,12.603518689223222,41.801021189001254,597.8644752502441,432
Roma,4400,12.479995975871937,41.84982751986877,676.865701675415,432
Roma,4400,12.597141921606282,41.944213774045686,590.877420425415,432
Roma,4400,12.560961673081174,41.95085291285607,400.70606231689453,432
Roma,4400,12.48517395012712,41.871260211542015,838.1634826660156,432
Roma,4400,12.472304230763633,41.78280958410634,299.4201202392578,432
Roma,4400,12.659707514259594,41.88398540840836,430.9378662109375,432
Roma,4400,12.446059486408926,41.813347693841784,499.7726135253906,432
Roma,4400,12.584672889362679,41.907882077729425,231.79539489746094,432
Roma,4400,12.568175034511436,41.90831201659749,556.4515476226807,432
Roma,4400,12.52582381744891,41.91258579617793,1202.6483764648438,432
Roma,4400,12.677442612268827,41.8873568864956,371.2933769226074,432
Roma,4400,12.507349599120595,41.901546926441405,640.5119400024414,432
Roma,4400,12.375438790391526,41.787541235621504,689.2684783935547,432
Roma,4400,12.473827790757646,41.91420533515835,710.067569732666,432
Roma,4400,12.415470289058533,41.90808295275583,518.5020370483398,432
Roma,4400,12.66748454226674,41.90437807040479,282.13593101501465,432
Roma,4400,12.373056970022766,41.94848744135427,377.71997451782227,432
Roma,4400,12.445861962412675,41.948011181617154,584.8524761199951,432
Roma,4400,12.618752973919543,41.80620353784162,421.5387191772461,432
Roma,4400,12.604420007298799,41.846702541275775,351.12504959106445,432
Roma,4400,12.551322370321342,41.858708479444296,791.352180480957,432
Roma,4400,12.57982609293759,41.890767739068295,250.039888381958,432
Roma,4400,12.582428230995253,41.854162563613606,431.66961669921875,432
Roma,4400,12.544892236640358,41.93578940441444,440.40836906433105,432
Roma,4400,12.42661777408313,41.83756622196059,557.9606170654297,432
Roma,4400,12.675272062471876,41.89185159159137,456.5774517059326,432
Roma,4400,12.378752669782774,41.93676156257967,318.6033477783203,432
Roma,4400,12.45854657816842,41.8752986980909,995.6046981811523,432
Roma,4400,12.664963387275492,41.93515039474645,207.54472160339355,432
Roma,4400,12.473460789388268,41.855290355906966,657.9628028869629,432
Roma,4400,12.652657272478715,41.82244537578165,162.92742156982422,432
Roma,4400,12.432977043361012,41.86248430118307,200.48935508728027,432
Roma,4400,12.599781662582041,41.8574537477767,407.05566596984863,432
Roma,4400,12.5237656275091,41.928108240936545,871.4912986755371,432
Roma,4400,12.519488611592674,41.9629002119917,728.2963943481445,432
Roma,4400,12.418850676967013,41.942330529386126,288.97147941589355,432
Roma,4400,12.430625827060709,41.789191622682736,603.0912704467773,432
Roma,4400,12.528740237585701,41.88051437363918,1037.768756866455,432
Roma,4400,12.417634352946838,41.8744776477286,533.3447933197021,432
Roma,4400,12.686432295609373,41.85624246335205,413.4554634094238,432
Roma,4400,12.615322306074862,41.81975111465932,691.6589164733887,432
Roma,4400,12.482465115068633,41.855001999689584,710.4023056030273,432
Roma,4400,12.679150049009031,41.87323627445689,479.3326053619385,432
Roma,4400,12.477955701839793,41.85237645753002,547.8732452392578,432
Roma,4400,12.514068798694444,41.87241668696712,524.3379554748535,432
Roma,4400,12.44323188874535,41.93124459800456,426.83228492736816,432
Roma,4400,12.637497840590564,41.95833350149999,53.972625732421875,432
Roma,4400,12.393760070281129,41.880833501809995,40.079999923706055,432
Roma,4400,12.46770002583951,41.94552108683134,905.3446807861328,432
Roma,4400,12.570897085450452,41.877779978253756,959.2560195922852,432
Roma,4400,12.629961647933959,41.81137411134479,439.34777641296387,432
Roma,4400,12.556636210283596,41.94381480952321,880.6096839904785,432
Roma,4400,12.545050495467654,41.88093084667896,790.1830539703369,432
Roma,4400,12.546609967006184,41.907662021332776,780.4400291442871,432
Roma,4400,12.6126928951665,41.79450290607159,596.4634857177734,432
Roma,4400,12.655098837425177,41.942953104170314,307.36783027648926,432
Roma,4400,12.641482806894878,41.9685865799035,193.78230667114258,432
Roma,4400,12.377073467371401,41.77966314482817,842.651798248291,432
Roma,4400,12.538560667970465,41.944105782148554,689.3994693756104,432
Roma,4400,12.510976788082885,41.901857815025046,632.1005401611328,432
Roma,4400,12.578534517448638,41.93448613476135,140.2277317047119,432
Roma,4400,12.470149759577035,41.90702606105949,805.8303527832031,432
Roma,4400,12.601177490082843,41.832375262674155,607.6655902862549,432
Roma,4400,12.589232025220348,41.88695330420508,220.08516120910645,432
Roma,4400,12.644679979837475,41.975328144533,327.0114212036133,432
Roma,4400,12.445992335607071,41.816465104566696,613.0127258300781,432
Roma,4400,12.655285432489283,41.87079027951405,344.92041397094727,432
Roma,4400,12.635333698205068,41.85769496105474,191.80078506469727,432
Roma,4400,12.382734511954002,41.92397498424559,576.3733921051025,432
Roma,4400,12.565096795300535,41.917815950478605,486.1524124145508,432
Roma,4400,12.598369248002287,41.833684759936325,465.46619033813477,432
Roma,4400,12.41758870298271,41.94456161225951,310.84215354919434,432
Roma,4400,12.580360589598023,41.86694506688844,469.0393600463867,432
Roma,4400,12.513720498146094,41.88951195991628,967.1706123352051,432
Roma,4400,12.528437206727904,41.938104033257765,630.7344646453857,432
Roma,4400,12.440531895878113,41.91280068907568,848.4678421020508,432
Roma,4400,12.497121068076686,41.86256121480183,747.129072189331,432
Roma,4400,12.6388853306121,41.8322141059204,60.035186767578125,432
Roma,4400,12.575027260143735,41.867963219798426,473.5217971801758,432
Roma,4400,12.435082285948077,41.844752220127305,854.942102432251,432
Roma,4400,12.602976709961046,41.897446328210656,446.7483825683594,432
Roma,4400,12.48706496277739,41.82047577853176,491.5157127380371,432
Roma,4400,12.36115720697119,41.9153939636019,278.2731819152832,432
Roma,4400,12.408929054376973,41.968060632257085,269.24312591552734,432
Roma,4400,12.566667567260653,41.88069239570561,795.9668502807617,432
Roma,4400,12.561876330327365,41.88565200836434,771.8327255249023,432
Roma,4400,12.397598652043822,41.95855598026361,395.5045337677002,432
Roma,4400,12.447817316645502,41.87465877108432,1000.3916091918945,432
Roma,4400,12.589923246343883,41.88159673500725,262.05430793762207,432
Roma,4400,12.571955447971193,41.81382123783444,153.31542015075684,432
Roma,4400,12.4042483867972,41.956725829954394,472.2463073730469,432
Roma,4400,12.406447060522272,41.91335633435132,631.2343063354492,432
Roma,4400,12.417086009671534,41.928456648405735,971.3022537231445,432
Roma,4400,12.582441894739958,41.83819475695124,470.7286262512207,432
Roma,4400,12.437530755677665,41.77620326165872,334.36562728881836,432
Roma,4400,12.500936560162954,41.91823629429222,647.8575973510742,432
Roma,4400,12.401474799773323,41.884745162910434,343.9827823638916,432
Roma,4400,12.435081996998894,41.89077259590517,408.051513671875,432
Roma,4400,12.523187672151181,41.920355459754134,829.8810539245605,432
Roma,4400,12.620021294868033,41.81749981221573,379.29663467407227,432
Roma,4400,12.411760939904264,41.91791362222549,834.1810531616211,432
Roma,4400,12.397275033867366,41.91514036720807,376.3724994659424,432
Roma,4400,12.464237860148524,41.81502576546963,365.12316703796387,432
Roma,4400,12.521238110037736,41.922893923558796,764.4407196044922,432
Roma,4400,12.694432489291923,41.8535983349083,56.094655990600586,432
Roma,4400,12.463751116390872,41.93096945520406,723.9383449554443,432
Roma,4400,12.605407975169905,41.83630538702907,347.4932632446289,432
Roma,4400,12.51666489703703,41.93720032282556,392.04405784606934,432
Roma,4400,12.423267624871439,41.88910772810915,328.57067489624023,432
Roma,4400,12.482614057675109,41.87693654859485,601.3772258758545,432
Roma,4400,12.542402782874818,41.86142941884664,595.989767074585,432
Roma,4400,12.598180096833437,41.92793825206478,317.5739517211914,432
Roma,4400,12.672112174820386,41.86706434333423,792.3152389526367,432
Roma,4400,12.4086985433558,41.82404053009189,144.33684158325195,432
Roma,4400,12.565858287077921,41.856612203820326,473.8707733154297,432
Roma,4400,12.488095205136709,41.80918740869743,210.03747367858887,432
Roma,4400,12.540988282783104,41.95063637906727,615.2124977111816,432
Roma,4400,12.607464162751793,41.838513025929124,584.9840602874756,432
Roma,4400,12.59686088670604,41.83802010919635,641.3320369720459,432
Roma,4400,12.462727501533033,41.939435717266974,687.2033576965332,432
Roma,4400,12.370258700483703,41.86873635054089,213.6227512359619,432
Roma,4400,12.437205413732128,41.83350893921514,339.19382667541504,432
Roma,4400,12.512407665192093,41.87742935787033,592.5204811096191,432
Roma,4400,12.397089789224017,41.90743829572886,674.9232521057129,432
Roma,4400,12.616220871043927,41.82295929849861,525.4946594238281,432
Roma,4400,12.460016100177997,41.82210203810194,526.3298606872559,432
Roma,4400,12.54693751818743,41.925150641492195,455.1524887084961,432
Roma,4400,12.553864074301678,41.83461569293651,663.7494373321533,432
Roma,4400,12.65172857255549,41.87385649281036,536.9626579284668,432
Roma,4400,12.560753744996378,41.87600092250344,547.6346855163574,432
Roma,4400,12.548565197012904,41.982392992768446,203.52002143859863,432
Roma,4400,12.441151511965101,41.80348715198732,381.191162109375,432
Roma,4400,12.428617684397759,41.89956365440443,943.9586334228516,432
Roma,4400,12.483821221211953,41.893463034609475,646.2350006103516,432
Roma,4400,12.448366005113877,41.85897460263189,727.7706356048584,432
Roma,4400,12.569192461953739,41.91106670807739,610.5559158325195,432
Roma,4400,12.52597817339891,41.88961420056021,595.1904106140137,432
Roma,4400,12.464493067035066,41.8912795546587,260.57701683044434,432
Roma,4400,12.55330478478684,41.922920055496874,555.674503326416,432
Roma,4400,12.523747934610642,41.893541203536714,823.995964050293,432
Roma,4400,12.500953016903232,41.92149440519432,875.9819450378418,432
Roma,4400,12.466208167641149,41.78950264656892,424.18986892700195,432
Roma,4400,12.612526188865624,41.78801101757695,469.2420177459717,432
Roma,4400,12.455398100433609,41.847083790715395,670.4888782501221,432
Roma,4400,12.473774300386335,41.86321469375388,909.8115367889404,432
Roma,4400,12.470377445720919,41.86209075984875,1041.0446891784668,432
Roma,4400,12.365849480677966,41.94125572022366,238.67271423339844,432
Roma,4400,12.605312427238736,41.92007601132684,464.255708694458,432
Roma,4400,12.453582916721984,41.85370746109756,620.8163871765137,432
Roma,4400,12.62870117498151,41.85373278527044,205.02182006835938,432
Roma,4400,12.549244071947763,41.843209562112015,470.1955871582031,432
Roma,4400,12.664629681914542,41.792939607960875,190.3477382659912,432
Roma,4400,12.426606569771222,41.79390618044027,433.2118263244629,432
Roma,4400,12.507220758398317,41.96682461292871,293.24985694885254,432
Roma,4400,12.51076451210259,41.88282286085796,947.9735641479492,432
Roma,4400,12.429332206589043,41.92657463491669,198.41962242126465,432
Roma,4400,12.602577278595383,41.85540387631404,926.7844429016113,432
Roma,4400,12.444429626754449,41.875154430626175,741.315788269043,432
Roma,4400,12.417506483642603,41.827500168689994,52.57276153564453,432
Roma,4400,12.560132743435293,41.85901900464697,443.5498962402344,432
Roma,4400,12.629892866728461,41.83822660283108,131.24346160888672,432
Roma,4400,12.5895221302571,41.899347469779165,691.8933544158936,432
Roma,4400,12.604210701668785,41.937009772338776,255.0194149017334,432
Roma,4400,12.442514778142165,41.93419869625016,441.6368751525879,432
Roma,4400,12.487090837822995,41.899946638124206,667.5318794250488,432
Roma,4400,12.685468606372101,41.81133589607969,343.0197277069092,432
Roma,4400,12.576723245414948,41.91047748175612,474.06914138793945,432
Roma,4400,12.416022033003909,41.868433017978404,319.3382053375244,432
Roma,4400,12.642629953216291,41.82762701142308,270.13439559936523,432
Roma,4400,12.49419541176508,41.82340356820915,569.6301727294922,432
Roma,4400,12.555374957128857,41.91859009478438,569.9213523864746,432
Roma,4400,12.561488614026024,41.851332028446485,588.0545482635498,432
Roma,4400,12.610728299495715,41.80983691067197,652.1951599121094,432
Roma,4400,12.578554540436325,41.83244278330842,617.0465202331543,432
Roma,4400,12.448799378923063,41.80107887918558,406.0892448425293,432
Roma,4400,12.558707451278993,41.907014563195744,339.2430114746094,432
Roma,4400,12.360775900578494,41.87955380440886,297.0593681335449,432
Roma,4400,12.380631009789095,41.88862221498541,190.41725730895996,432
Roma,4400,12.616976524473646,41.82775043877338,408.3234386444092,432
Roma,4400,12.515386397579713,41.89846424541431,1192.6235733032227,432
Roma,4400,12.611963207460892,41.91179269324106,613.5322761535645,432
Roma,4400,12.418026627802757,41.918947278484936,795.1914482116699,432
Roma,4400,12.477859690451233,41.81699879167782,788.4796485900879,432
Roma,4400,12.567750745364105,41.870682824041666,153.5561923980713,432
Roma,4400,12.562540341764821,41.94798828349108,712.4535140991211,432
Roma,4400,12.662596663130056,41.936286606233914,198.68293952941895,432
Roma,4400,12.487689933611415,41.90731239000213,898.1898250579834,432
Roma,4400,12.370551356275271,41.92391309785017,635.2294406890869,432
Roma,4400,12.547550189357024,41.94022329005959,718.8098945617676,432
Roma,4400,12.504573403327813,41.90318308518007,897.0159301757812,432
Roma,4400,12.5379042467698,41.946324377396174,1079.2373390197754,432
Roma,4400,12.543649718064339,41.918344075298606,859.4452972412109,432
Roma,4400,12.600886522899941,41.94964001093384,305.8993949890137,432
Roma,4400,12.569504394565767,41.861687170800735,388.68946266174316,432
Roma,4400,12.388470949967987,41.78945192443723,434.5145721435547,432
Roma,4400,12.423150128866867,41.938083038115224,717.4321098327637,432
Roma,4400,12.388856718597083,41.95813934650336,140.65362358093262,432
Roma,4400,12.667865685947502,41.863523644864394,788.8019676208496,432
Roma,4400,12.519966616524037,41.97822639271439,310.36653900146484,432
Roma,4400,12.628465788654651,41.84712018121062,681.8022327423096,432
Roma,4400,12.44529631748034,41.91032686512927,510.15668869018555,432
Roma,4400,12.542028352151249,41.906975162417034,800.7843132019043,432
Roma,4400,12.497391436924092,41.88761743454741,692.2071762084961,432
Roma,4400,12.496024460868863,41.91454231131986,366.75607681274414,432
Roma,4400,12.41933365142407,41.92243157032961,697.7305221557617,432
Roma,4400,12.510896515996633,41.889348493202505,716.2489356994629,432
Roma,4400,12.682852620180286,41.9180248235551,522.7683563232422,432
Roma,4400,12.563342778533631,41.97572375149348,281.552640914917,432
Roma,4400,12.597012884739044,41.93009445999824,214.29731941223145,432
Roma,4400,12.457569302420938,41.93559438070199,464.7023391723633,432
Roma,4400,12.6754737297011,41.88077245552729,422.65638732910156,432
Roma,4400,12.44308855903537,41.94840289784233,507.53495025634766,432
Roma,4400,12.523653043469812,41.82867913820356,92.77971076965332,432
Roma,4400,12.608532792161547,41.8037387991504,611.245475769043,432
Roma,4400,12.618249318364425,41.778354630615276,198.72010803222656,432
Roma,4400,12.418781916023084,41.904459562615344,853.1771087646484,432
Roma,4400,12.504732875953753,41.88877367156744,978.9563446044922,432
Roma,4400,12.602560871011159,41.94628174452897,451.1642150878906,432
Roma,4400,12.513209426007597,41.95058379801224,480.63079833984375,432
Roma,4400,12.619718105668097,41.83235732981256,378.3011474609375,432
Roma,4400,12.407032523147723,41.90880794036345,579.5139408111572,432
Roma,4400,12.404905621271762,41.962038601934054,600.7787704467773,432
Roma,4400,12.538791402111244,41.935357554011816,791.5554237365723,432
Roma,4400,12.445047572625127,41.950694176611265,358.77550888061523,432
Roma,4400,12.657024481303687,41.866645986867574,467.6439666748047,432
Roma,4400,12.60900406379096,41.77932812934641,243.12108421325684,432
Roma,4400,12.475534739527326,41.91001274637361,477.3125419616699,432
Roma,4400,12.429487483582001,41.82741346884794,88.41163635253906,432
Roma,4400,12.59916048373269,41.8020600267073,571.5639839172363,432
Roma,4400,12.546728801150268,41.95141059037069,706.8505401611328,432
Roma,4400,12.672791810852491,41.886943373916004,212.25251007080078,432
Roma,4400,12.628589366739508,41.97791340039891,345.74907875061035,432
Roma,4400,12.546276767351221,41.94333508915595,744.0993270874023,432
Roma,4400,12.399570558581562,41.87749531360571,129.50865364074707,432
Roma,4400,12.528167807741546,41.79265805359036,147.5250759124756,432
Roma,4400,12.507371979444398,41.82108226783367,393.7124900817871,432
Roma,4400,12.513401324361507,41.98298785462098,262.9041271209717,432
Roma,4400,12.387473359135535,41.94500508930191,538.9794807434082,432
Roma,4400,12.6215933781708,41.80199399106312,167.23711967468262,432
Roma,4400,12.551895560537455,41.89576081019002,367.06218338012695,432
Roma,4400,12.414502767394614,41.85469722459404,183.20178604125977,432
Roma,4400,12.508492358369203,41.92280365009943,741.2101516723633,432
Roma,4400,12.447103204986444,41.90561676706651,1095.8454208374023,432
Roma,4400,12.628028227278222,41.81310596161728,589.4565505981445,432
Roma,4400,12.496875974366025,41.90970564464634,663.3326721191406,432
Roma,4400,12.638433013040645,41.82098727790044,115.0273494720459,432
Roma,4400,12.689191989766258,41.905406307801464,285.4221305847168,432
Roma,4400,12.658775414117686,41.86225209993305,222.1206817626953,432
Roma,4400,12.574157913149788,41.9112663713387,587.964672088623,432
Roma,4400,12.605935094070203,41.815703064968886,571.0632286071777,432
Roma,4400,12.570254424891402,41.833359243864344,385.00230979919434,432
Roma,4400,12.61492238701025,41.830146522425025,478.7018127441406,432
Roma,4400,12.627994602614677,41.86733415787565,1018.7754821777344,432
Roma,4400,12.520389544598991,41.908576540298334,910.6249465942383,432
Roma,4400,12.681134929870957,41.896526194304265,367.6175060272217,432
Roma,4400,12.525725810410664,41.891381324286186,573.5982856750488,432
Roma,4400,12.465327741635168,41.90923788792159,1100.6409530639648,432
Roma,4400,12.44465779566362,41.9288477508682,510.0234375,432
Roma,4400,12.680787836565111,41.90817231414807,470.98839378356934,432
Roma,4400,12.650790929621587,41.857078861005455,388.39951515197754,432
Roma,4400,12.484312693957223,41.82782420605545,428.9860534667969,432
Roma,4400,12.546586274727279,41.965767884902405,335.8900260925293,432
Roma,4400,12.656584038135827,41.98301076939101,250.32793617248535,432
Roma,4400,12.476544652784622,41.87628696419831,720.556999206543,432
Roma,4400,12.549055206102244,41.943426976563934,648.6026382446289,432
Roma,4400,12.450444597103726,41.82493789159645,748.3491802215576,432
Roma,4400,12.555856549491915,41.980716053532596,235.8406524658203,432
Roma,4400,12.529478899081889,41.965345856918006,363.8747100830078,432
Roma,4400,12.590857248845877,41.90422010848603,673.1517028808594,432
Roma,4400,12.389469783571315,41.900767755268156,709.8311309814453,432
Roma,4400,12.606578887359907,41.80876550715436,1016.7278175354004,432
Roma,4400,12.608154710341765,41.82606100179347,418.95494079589844,432
Roma,4400,12.461602545547162,41.833215446292336,661.8710479736328,432
Roma,4400,12.68311502779735,41.7782144963408,311.8359203338623,432
Roma,4400,12.428139104642911,41.93545021276045,680.9817123413086,432
Roma,4400,12.686426949666336,41.910074248527906,328.0445747375488,432
Roma,4400,12.552670418816366,41.97122094566347,301.3996295928955,432
Roma,4400,12.46858272004346,41.92524131766745,524.9099273681641,432
Roma,4400,12.574636660004195,41.908627151252226,429.311861038208,432
Roma,4400,12.650845673827217,41.86870215488313,617.6938095092773,432
Roma,4400,12.624733316949362,41.82915055184735,334.7436218261719,432
Roma,4400,12.640337675369805,41.86549064557797,962.5859565734863,432
Roma,4400,12.427453123697287,41.84124338400874,673.6392250061035,432
Roma,4400,12.546418453573624,41.845767949905294,334.42229652404785,432
Roma,4400,12.676782282421922,41.91636813295672,529.2255783081055,432
Roma,4400,12.500203859555711,41.824618368067064,396.83518409729004,432
Roma,4400,12.541666154776895,41.95265764400175,366.00786781311035,432
Roma,4400,12.360683454405738,41.87718649764999,489.17052459716797,432
Roma,4400,12.458304608595814,41.869548840052126,764.117431640625,432
Roma,4400,12.651790797840983,41.95260771968565,523.2042407989502,432
Roma,4400,12.523456659003072,41.88715691596184,873.8252258300781,432
Roma,4400,12.555405700848336,41.9124060786334,489.4519844055176,432
Roma,4400,12.59548566512456,41.895309243940304,181.739990234375,432
Roma,4400,12.443764007595702,41.91417494985987,713.7065105438232,432
Roma,4400,12.686494435835018,41.898795505539574,550.6914482116699,432
Roma,4400,12.556352525418125,41.89619649596625,673.4612274169922,432
Roma,4400,12.515983277828486,41.89557117556509,953.228515625,432
Roma,4400,12.698463938185895,41.89850458907969,371.2992935180664,432
Roma,4400,12.517614392111723,41.78843827828475,378.2044486999512,432
Roma,4400,12.424067690570824,41.890432207285635,346.86548614501953,432
Roma,4400,12.550358531481821,41.891075823912956,710.1433296203613,432
Roma,4400,12.458626780184865,41.82761771692623,534.6101760864258,432
Roma,4400,12.52794673915051,41.93558385493499,549.5368938446045,432
Roma,4400,12.55993375518825,41.88793030795045,1098.8365077972412,432
Roma,4400,12.672685725736867,41.87627876675587,260.5018367767334,432
Roma,4400,12.5126543047102,41.904558961925126,574.0983924865723,432
Roma,4400,12.432568241869342,41.79035848677016,670.7888221740723,432
Roma,4400,12.468244386944528,41.82079907720027,558.9809894561768,432
Roma,4400,12.418885925508746,41.91174920500174,608.9585609436035,432
Roma,4400,12.372467627774851,41.78724553643482,438.5581645965576,432
Roma,4400,12.504916616922811,41.91612250643426,767.6398162841797,432
Roma,4400,12.653863033682565,41.86683374440802,580.0533027648926,432
Roma,4400,12.553059374407551,41.89727587636841,625.19921875,432
Roma,4400,12.5168783455551,41.974398078417835,453.0636787414551,432
Roma,4400,12.673650801451778,41.897053518634586,567.4198398590088,432
Roma,4400,12.501761617298511,41.88907276394787,794.8575286865234,432
Roma,4400,12.546815310078488,41.86752036652293,757.4986686706543,432
Roma,4400,12.632543916205472,41.89097433533775,290.70379066467285,432
Roma,4400,12.503987887703252,41.92325841397577,743.296314239502,432
Roma,4400,12.571870881969403,41.911328336169426,591.1332969665527,432
Roma,4400,12.667611820218205,41.90649387069212,296.6984519958496,432
Roma,4400,12.431103244161054,41.78007547910229,319.50097274780273,432
Roma,4400,12.510232124380334,41.93991225929853,220.8910312652588,432
Roma,4400,12.631612126403036,41.86569250567321,1018.0756912231445,432
Roma,4400,12.451093432887012,41.82268891386308,468.9606742858887,432
Roma,4400,12.397789321407503,41.962278598520676,318.5623588562012,432
Roma,4400,12.532053410621613,41.86393436142063,352.6469955444336,432
Roma,4400,12.451036788259186,41.94343389992141,254.61730766296387,432
Roma,4400,12.485625848979417,41.92999010252116,483.3456783294678,432
Roma,4400,12.46129108970979,41.90004420639791,719.7517833709717,432
Roma,4400,12.49265437350868,41.8342059541589,309.0691261291504,432
Roma,4400,12.467551272388842,41.88123868135925,466.98741912841797,432
Roma,4400,12.606389824932855,41.82607316671178,244.42869758605957,432
Roma,4400,12.631646352248332,41.82565699822242,96.7852554321289,432
Roma,4400,12.666404947753627,41.86121395249562,703.7486152648926,432
Roma,4400,12.616810088044433,41.816003724965576,626.034610748291,432
Roma,4400,12.531846892486946,41.890751990550356,795.9802932739258,432
Roma,4400,12.558300755314436,41.86022201545381,517.3929901123047,432
Roma,4400,12.47277108442745,41.84196298479379,50.934356689453125,432
Roma,4400,12.505752483605049,41.97162301470438,445.97578048706055,432
Roma,4400,12.60568727043003,41.78971184225937,373.9136562347412,432
Roma,4400,12.418733981201871,41.91415988365421,732.4473114013672,432
Roma,4400,12.696084824744984,41.86680284755307,352.2654972076416,432
Roma,4400,12.613316245992518,41.80925289215338,515.9616031646729,432
Roma,4400,12.675930453820238,41.94379353385085,167.33216667175293,432
Roma,4400,12.628903717133213,41.891599118210756,306.6193904876709,432
Roma,4400,12.510053581026726,41.83037104571038,618.7366924285889,432
Roma,4400,12.54313491218802,41.8557356606881,448.30609703063965,432
Roma,4400,12.539422018866816,41.861875630394756,797.1923141479492,432
Roma,4400,12.576213299594553,41.90379980335489,79.53114128112793,432
Roma,4400,12.579084784487874,41.943120331609876,288.3638687133789,432
Roma,4400,12.55770098679192,41.909200618884604,456.0828800201416,432
Roma,4400,12.677178488966405,41.88977869506611,195.81092262268066,432
Roma,4400,12.419928205799174,41.89319401357872,681.0832290649414,432
Roma,4400,12.445109655780275,41.90843655602087,641.8248672485352,432
Roma,4400,12.394687388993113,41.95149628789714,366.27680587768555,432
Roma,4400,12.487549957561987,41.86933357019793,755.5592269897461,432
Roma,4400,12.582860525083872,41.89459019753895,396.773099899292,432
Roma,4400,12.420857414173325,41.779570949861395,68.79121780395508,432
Roma,4400,12.51586481834576,41.90529857659183,1254.8164138793945,432
Roma,4400,12.454999230179997,41.80750016876999,19.633872985839844,432
Roma,4400,12.361067181834395,41.787019445958855,836.2225685119629,432
Roma,4400,12.50540155495995,41.825183988300076,603.8815383911133,432
Roma,4400,12.439834120833028,41.92731970611847,438.5751609802246,432
Roma,4400,12.604278906436114,41.791055975966316,302.141881942749,432
Roma,4400,12.384589826679774,41.78176156094171,334.87820625305176,432
Roma,4400,12.65340149142001,41.86896700176527,435.89784240722656,432
Roma,4400,12.6820723058158,41.925224167160486,175.79925155639648,432
Roma,4400,12.530739167250035,41.872533334751495,544.4169921875,432
Roma,4400,12.549948542470801,41.92437103383375,635.4442806243896,432
Roma,4400,12.626730408997977,41.864072412218825,755.0956420898438,432
Roma,4400,12.437505092194892,41.971220841560225,739.0888137817383,432
Roma,4400,12.589437920517332,41.871353912228905,555.3261032104492,432
Roma,4400,12.546666827621092,41.86250891664578,690.911376953125,432
Roma,4400,12.426528882103977,41.89749939866813,647.3242568969727,432
Roma,4400,12.616826907799883,41.817991444437546,498.8852882385254,432
Roma,4400,12.415531456381844,41.98226572129463,265.6735553741455,432
Roma,4400,12.391459205822397,41.930151267615514,140.60466384887695,432
Roma,4400,12.462588725678751,41.82138228253174,371.02723503112793,432
Roma,4400,12.51167002706653,41.980731636888045,356.5201892852783,432
Roma,4400,12.501905484223423,41.85791630975961,696.8863639831543,432
Roma,4400,12.556665896439997,41.97624951469656,39.13567352294922,432
Roma,4400,12.608312440314432,41.8907146945394,170.33300399780273,432
Roma,4400,12.463679800278342,41.94856562132633,730.6153621673584,432
Roma,4400,12.4273476790121,41.975160181646345,147.7398853302002,432
Roma,4400,12.50366564760646,41.90995129814978,732.7474746704102,432
Roma,4400,12.590423094534911,41.93117119154136,151.00961875915527,432
Roma,4400,12.438813954514858,41.90092290219526,437.23858642578125,432
Roma,4400,12.598995925986404,41.83827997987759,669.1246185302734,432
Roma,4400,12.394472944926788,41.92281347808099,551.7946681976318,432
Roma,4400,12.627499190779128,41.85696517854331,309.38494873046875,432
Roma,4400,12.686500013016403,41.852562947844376,324.2814483642578,432
Roma,4400,12.555933967295823,41.879149212197845,662.7057838439941,432
Roma,4400,12.666863471838754,41.789987736737245,464.6690845489502,432
Roma,4400,12.620461040166663,41.77813459783418,143.0148696899414,432
Roma,4400,12.624342447703492,41.93464538045611,260.2626075744629,432
Roma,4400,12.561742853390744,41.880995807967714,773.8328247070312,432
Roma,4400,12.56368908202377,41.91139070185118,732.4231948852539,432
Roma,4400,12.568334163748418,41.87833251072663,716.4296493530273,432
Roma,4400,12.62912467078417,41.968879261718165,292.2433910369873,432
Roma,4400,12.623998891387574,41.87042866029778,685.6569290161133,432
Roma,4400,12.438092146194503,41.85946292154935,499.9298915863037,432
Roma,4400,12.501258826449385,41.82255469651646,394.6463813781738,432
Roma,4400,12.565032576747234,41.9083752419805,562.8760147094727,432
Roma,4400,12.433998105361264,41.80020174389947,537.7746963500977,432
Roma,4400,12.60089961997421,41.809604565199784,635.024076461792,432
Roma,4400,12.649679732727819,41.94402243683828,310.74938011169434,432
Roma,4400,12.487496867676482,41.794617201220916,516.4454860687256,432
Roma,4400,12.424143241053603,41.92835085999734,626.5394515991211,432
Roma,4400,12.504587374548517,41.88083987103885,497.9810791015625,432
Roma,4400,12.650915018826693,41.82004938024645,158.0995101928711,432
Roma,4400,12.505856334630225,41.83338874370397,450.4136428833008,432
Roma,4400,12.573817987044606,41.8932216728188,962.3942127227783,432
Roma,4400,12.594474115919638,41.867409829115466,857.8717422485352,432
Roma,4400,12.425660364736858,41.8352913980671,308.3273239135742,432
Roma,4400,12.550592091953026,41.902992416754834,648.8770656585693,432
Roma,4400,12.488015906650066,41.87826620247279,406.2003993988037,432
Roma,4400,12.512220788048817,41.93269059365548,662.3283615112305,432
Roma,4400,12.565697521493771,41.94275097489835,334.25916862487793,432
Roma,4400,12.457377493856479,41.85524060070866,584.3267021179199,432
Roma,4400,12.545015355713176,41.93848884062361,554.4265651702881,432
Roma,4400,12.455983116511902,41.92888840152461,355.10997200012207,432
Roma,4400,12.562924526887336,41.85822775822824,678.3161277770996,432
Roma,4400,12.518814545433054,41.786736120601724,355.0998477935791,432
Roma,4400,12.479446132800357,41.95154716466005,367.4282684326172,432
Roma,4400,12.538380240795775,41.953363110635536,394.35498046875,432
Roma,4400,12.681187890112485,41.87059940366927,798.6055526733398,432
Roma,4400,12.59937674552912,41.861518469752916,580.5724868774414,432
Roma,4400,12.401086827894416,41.91117776955992,564.8576774597168,432
Roma,4400,12.387091759227298,41.94225388737038,503.4580841064453,432
Roma,4400,12.478408877505387,41.869040210943965,619.3015975952148,432
Roma,4400,12.60041698473878,41.8060749089152,743.0456924438477,432
Roma,4400,12.422536763162624,41.797961670064964,494.66788482666016,432
Roma,4400,12.417599708023433,41.87852968533976,376.54896354675293,432
Roma,4400,12.695781608219141,41.94332995646854,183.8786392211914,432
Roma,4400,12.479871206672689,41.800223239908775,244.6591968536377,432
Roma,4400,12.438610244108176,41.81936519267897,355.2376308441162,432
Roma,4400,12.44285437548013,41.96240728947426,461.7772159576416,432
Roma,4400,12.675419974900418,41.88512266324355,388.25493240356445,432
Roma,4400,12.415012446378539,41.89342470376834,600.333438873291,432
Roma,4400,12.530394998689435,41.916960781792824,597.8270606994629,432
Roma,4400,12.552751236792044,41.964806496698706,346.29333114624023,432
Roma,4400,12.530164884624467,41.80576317808569,512.9494400024414,432
Roma,4400,12.554583803384855,41.86715214117967,715.9497718811035,432
Roma,4400,12.667880811986851,41.96331734953584,126.33295822143555,432
Roma,4400,12.4696869865432,41.92292138437485,871.4302215576172,432
Roma,4400,12.577877010368406,41.8540094333647,425.66001892089844,432
Roma,4400,12.467187120200748,41.83290284361213,429.8929557800293,432
Roma,4400,12.582635746619042,41.84075322207922,269.94860458374023,432
Roma,4400,12.60716015254281,41.884347121860486,324.91158866882324,432
Roma,4400,12.547641215564774,41.84429122771593,352.6163787841797,432
Roma,4400,12.537245311556154,41.91313737699247,438.9862365722656,432
Roma,4400,12.69411877341535,41.905971725994675,547.597599029541,432
Roma,4400,12.415482433171789,41.89560000334338,647.1470565795898,432
Roma,4400,12.620181954759234,41.85226133177567,373.16956901550293,432
Roma,4400,12.500086470218882,41.88777726446879,776.2165756225586,432
Roma,4400,12.44163918382293,41.8986968911883,751.638111114502,432
Roma,4400,12.520068988455149,41.91702581301616,607.0406188964844,432
Roma,4400,12.410886106901375,41.98240492273804,357.4702205657959,432
Roma,4400,12.485546009099618,41.89830982015179,522.8662757873535,432
Roma,4400,12.550230778837445,41.95965676386432,516.537223815918,432
Roma,4400,12.537303907369703,41.8765181202579,952.1806049346924,432
Roma,4400,12.566629971600744,41.89380392113671,791.9856586456299,432
Roma,4400,12.480146025051434,41.890008868278436,375.7181167602539,432
Roma,4400,12.419477865372404,41.97908709893101,199.15142822265625,432
Roma,4400,12.507497053149915,41.837060215037205,638.1106452941895,432
Roma,4400,12.437425750978427,41.89559746831614,832.2933731079102,432
Roma,4400,12.491981569622652,41.90609750748326,840.9462127685547,432
Roma,4400,12.440711684654765,41.77940212872518,355.15308952331543,432
Roma,4400,12.492101927778531,41.79208522056821,382.4924793243408,432
Roma,4400,12.42126448334388,41.91815328276601,622.3443069458008,432
Roma,4400,12.467913158064052,41.93762127630173,751.8447418212891,432
Roma,4400,12.39160150201921,41.788324772089354,350.33912658691406,432
Roma,4400,12.547154898185521,41.892713669005126,699.9131526947021,432
Roma,4400,12.556447921726317,41.88992621277455,606.6066703796387,432
Roma,4400,12.551637760879704,41.83983059333514,342.07136154174805,432
Roma,4400,12.39576532885745,41.9047217294548,435.8301410675049,432
Roma,4400,12.472803763530349,41.947560647152024,623.5202713012695,432
Roma,4400,12.473585493233458,41.7903042228308,357.30628967285156,432
Roma,4400,12.473109197584337,41.88394538133821,672.3877544403076,432
Roma,4400,12.61574697242957,41.87378538172007,600.8216419219971,432
Roma,4400,12.453565117659679,41.82076875306076,585.0963268280029,432
Roma,4400,12.417102728743695,41.88325906263602,621.422327041626,432
Roma,4400,12.455869475713039,41.87619446331737,785.0819473266602,432
Roma,4400,12.447708140208892,41.79784251179202,432.7430171966553,432
Roma,4400,12.410222548860082,41.90490189693805,880.4837512969971,432
Roma,4400,12.505790024352189,41.81449395409922,324.95712661743164,432
Roma,4400,12.463092648464489,41.84040480456605,166.41796875,432
Roma,4400,12.502658007494967,41.90485543928409,979.2092666625977,432
Roma,4400,12.467074653700733,41.90707916079338,968.1525573730469,432
Roma,4400,12.459091857089016,41.88743922445458,523.8171520233154,432
Roma,4400,12.441380953237191,41.9459087787189,704.6934700012207,432
Roma,4400,12.58446261514315,41.93213303578803,444.56153297424316,432
Roma,4400,12.525711515163579,41.781667267792216,229.97644996643066,432
Roma,4400,12.439370155062788,41.92139540090914,613.8088150024414,432
Roma,4400,12.560112627071945,41.937492829771905,387.5794143676758,432
Roma,4400,12.52965192853566,41.78870271417263,157.7166404724121,432
Roma,4400,12.678359917685997,41.81054791007587,217.65023040771484,432
Roma,4400,12.603373060414734,41.873053659187434,227.88849067687988,432
Roma,4400,12.51708734503765,41.93469089530187,401.8149013519287,432
Roma,4400,12.646195111483781,41.89096207954318,144.5872459411621,432
Roma,4400,12.531605200584837,41.78820481593305,348.3705368041992,432
Roma,4400,12.68876675182222,41.85682369431145,409.42304611206055,432
Roma,4400,12.56916473698131,41.89977005356742,209.639799118042,432
Roma,4400,12.460295316068267,41.92208679547301,473.68635177612305,432
Roma,4400,12.688917547704541,41.86687784536202,692.5587844848633,432
Roma,4400,12.431968929187883,41.899522415017884,886.475019454956,432
Roma,4400,12.566918929324403,41.91276038346945,600.0788154602051,432
Roma,4400,12.488621784901307,41.88118694161947,708.4715347290039,432
Roma,4400,12.561681171493598,41.859956257049646,282.2535629272461,432
Roma,4400,12.608330086501358,41.790414180710044,519.6046485900879,432
Roma,4400,12.618837888514287,41.84669300761061,364.6489505767822,432
Roma,4400,12.421070841913473,41.8698101772974,443.26696586608887,432
Roma,4400,12.474982197234281,41.929991052039156,304.5182476043701,432
Roma,4400,12.467834728619092,41.862770770317496,1006.5506820678711,432
Roma,4400,12.508907992071459,41.841825176151396,412.06348609924316,432
Roma,4400,12.471243743128605,41.82116387378233,1010.0522880554199,432
Roma,4400,12.483065210402579,41.89129412995342,527.7164497375488,432
Roma,4400,12.447650884422487,41.9581359788727,373.52328872680664,432
Roma,4400,12.472499601083658,41.89476515523247,600.0262680053711,432
Roma,4400,12.56271804422106,41.97855111567438,332.634521484375,432
Roma,4400,12.520968545340946,41.954051744905286,739.1992340087891,432
Roma,4400,12.584694673337571,41.880935718144855,390.81900787353516,432
Roma,4400,12.4334051630212,41.78753307700125,655.6228637695312,432
Roma,4400,12.389974785423812,41.94905619575652,428.9712257385254,432
Roma,4400,12.60611612784714,41.891287044183976,168.07835388183594,432
Roma,4400,12.439071773305464,41.878669451081265,265.4948921203613,432
Roma,4400,12.633938415129787,41.869122519121824,640.0801963806152,432
Roma,4400,12.476838693028617,41.819148738188474,760.4155349731445,432
Roma,4400,12.48627574527101,41.92748815042239,871.3998107910156,432
Roma,4400,12.59749510704336,41.87079959948573,608.018367767334,432
Roma,4400,12.6201179279875,41.8618058470302,749.2696685791016,432
Roma,4400,12.45301525348365,41.87111400302106,1107.7237091064453,432
Roma,4400,12.655826699758505,41.86856493442429,384.3828887939453,432
Roma,4400,12.439479528675038,41.93339569558036,333.68851470947266,432
Roma,4400,12.487956341029378,41.83755718032512,865.0932941436768,432
Roma,4400,12.599055468759936,41.8469612977176,361.52151679992676,432
Roma,4400,12.364968342169668,41.911849227384366,456.5469093322754,432
Roma,4400,12.592472810023335,41.816153735986134,140.1544895172119,432
Roma,4400,12.364224062628072,41.93040096016917,265.852258682251,432
Roma,4400,12.575573242138372,41.8774480451255,1063.119041442871,432
Roma,4400,12.41142457591596,41.957485984148335,303.0622043609619,432
Roma,4400,12.438768826781235,41.80225763693153,281.42963790893555,432
Roma,4400,12.447825461608687,41.84112943914889,244.56313514709473,432
Roma,4400,12.530859600298996,41.937968564839714,881.5408477783203,432
Roma,4400,12.54840833381452,41.865377314537575,778.9887809753418,432
Roma,4400,12.56200249386007,41.92703755889384,484.78553199768066,432
Roma,4400,12.475098531715682,41.94902139553535,510.94032287597656,432
Roma,4400,12.4555353505101,41.865381753942344,530.4138317108154,432
Roma,4400,12.675776146780224,41.78326761186025,341.34856033325195,432
Roma,4400,12.530372330896622,41.87701272548017,846.2420310974121,432
Roma,4400,12.476872909668826,41.94752616730341,488.228702545166,432
Roma,4400,12.475894450816154,41.83240984354836,661.7226467132568,432
Roma,4400,12.46361044122201,41.80992729298473,107.01285362243652,432
Roma,4400,12.525273845851416,41.88100246264237,1031.2157497406006,432
Roma,4400,12.528771071883142,41.90821748442334,491.35338401794434,432
Roma,4400,12.561755250091066,41.93976010231578,473.9636688232422,432
Roma,4400,12.51824824038384,41.882255128755624,875.0027542114258,432
Roma,4400,12.46254668859115,41.83616002994173,257.1607837677002,432
Roma,4400,12.688628526591572,41.893200389062535,152.26836967468262,432
Roma,4400,12.458872349411084,41.837195857198665,271.87181663513184,432
Roma,4400,12.468658883700177,41.9051368802416,497.7624282836914,432
Roma,4400,12.636150287861525,41.860562309010696,883.3656024932861,432
Roma,4400,12.450653738105409,41.94612250697538,395.7557945251465,432
Roma,4400,12.63152656558415,41.87210371703012,439.9447078704834,432
Roma,4400,12.458473302028098,41.85736801643909,544.593074798584,432
Roma,4400,12.518437520077425,41.94491816692637,562.6698226928711,432
Roma,4400,12.680994495818176,41.8067454879526,354.42944526672363,432
Roma,4400,12.565424469828695,41.861175188934006,407.63177490234375,432
Roma,4400,12.41344007495906,41.958340959412475,239.12724113464355,432
Roma,4400,12.523466626599816,41.789872861476645,154.8900489807129,432
Roma,4400,12.677909890629342,41.91335641594271,307.5653877258301,432
Roma,4400,12.580385033773794,41.828358152677616,412.19264030456543,432
Roma,4400,12.470956330054847,41.88280674409115,396.3411293029785,432
Roma,4400,12.613690464649508,41.9165343216381,491.085262298584,432
Roma,4400,12.661682287043616,41.938274255046196,249.1424732208252,432
Roma,4400,12.550726188179008,41.86260263451536,645.8205032348633,432
Roma,4400,12.564389098455756,41.87941785508154,577.3726654052734,432
Roma,4400,12.474456275428714,41.84619004728784,321.6281147003174,432
Roma,4400,12.4838650891365,41.8422124347492,563.7554321289062,432
Roma,4400,12.379259275572638,41.94896702054569,546.6020278930664,432
Roma,4400,12.49651105318029,41.91216412937827,428.6057357788086,432
Roma,4400,12.6090049579406,41.86150047402675,649.2556800842285,432
Roma,4400,12.561833822087449,41.90591981926266,504.7436046600342,432
Roma,4400,12.652745579044028,41.93133486972451,440.0049057006836,432
Roma,4400,12.580724602311728,41.852519697374056,298.4336738586426,432
Roma,4400,12.452423768635077,41.86056980372276,707.550802230835,432
Roma,4400,12.530220937897816,41.90433563981888,816.8847332000732,432
Roma,4400,12.521388842030603,41.876518189973254,1130.4382820129395,432
Roma,4400,12.443823129867228,41.81809272672645,603.1571426391602,432
Roma,4400,12.63411072007364,41.93006409480939,369.43272972106934,432
Roma,4400,12.429928578614712,41.97451965767644,157.14607429504395,432
Roma,4400,12.51073997919295,41.97366499422803,827.4444770812988,432
Roma,4400,12.524684882493577,41.900840317593776,873.731071472168,432
Roma,4400,12.693319951878644,41.903317616614935,485.4629421234131,432
Roma,4400,12.64625693323711,41.93458525571901,825.4226913452148,432
Roma,4400,12.56182895059494,41.91281256671413,352.81047439575195,432
Roma,4400,12.455849258781251,41.95960858696243,320.80027770996094,432
Roma,4400,12.585187498840185,41.86718904691398,871.2151222229004,432
Roma,4400,12.680940764738946,41.857484930294554,559.63840675354,432
Roma,4400,12.433990838947581,41.89351490570429,570.5962657928467,432
Roma,4400,12.431697321658572,41.79851276664283,350.34762382507324,432
Roma,4400,12.547581488387904,41.84108824863822,602.0381278991699,432
Roma,4400,12.51165347296449,41.825175970454005,605.6190433502197,432
Roma,4400,12.389884020881578,41.904913569079035,573.184326171875,432
Roma,4400,12.432478502546365,41.81327076384395,439.3545837402344,432
Roma,4400,12.676260827646923,41.89477073889463,625.3264923095703,432
Roma,4400,12.646411664364162,41.8669419764787,719.4263191223145,432
Roma,4400,12.409984989881764,41.790889901070564,396.5058002471924,432
Roma,4400,12.538207573730855,41.9105359842589,649.967960357666,432
Roma,4400,12.407293231845651,41.870054569467754,437.6412601470947,432
Roma,4400,12.533968477307319,41.86427350277079,347.2145137786865,432
Roma,4400,12.458280136366527,41.81875182096238,319.36620903015137,432
Roma,4400,12.647987477905188,41.937023007547296,588.3826770782471,432
Roma,4400,12.595072968602299,41.79047610198671,229.83906936645508,432
Roma,4400,12.477643726184395,41.811199851453736,611.2512474060059,432
Roma,4400,12.41649513354673,41.939059790430605,305.89883041381836,432
Roma,4400,12.700039256881997,41.955634164509156,205.2228775024414,432
Roma,4400,12.592187441753081,41.81022281837072,495.13973808288574,432
Roma,4400,12.445944738283057,41.964374179211795,632.8098182678223,432
Roma,4400,12.542277027521585,41.9113646598491,784.7090072631836,432
Roma,4400,12.42362223376574,41.91235858088824,243.52980613708496,432
Roma,4400,12.580197519802386,41.937709320017824,405.8257236480713,432
Roma,4400,12.483098506186058,41.845274767809435,757.4839553833008,432
Roma,4400,12.684266918726658,41.898212383297114,392.13855171203613,432
Roma,4400,12.470953363425446,41.841901235326766,371.91217613220215,432
Roma,4400,12.439444470133683,41.81393642636525,697.204402923584,432
Roma,4400,12.499906649725713,41.905797370303176,787.7788314819336,432
Roma,4400,12.521877289910375,41.9818987889716,254.92430686950684,432
Roma,4400,12.672449847783573,41.81611351548005,186.34251594543457,432
Roma,4400,12.5496026107264,41.96427076974002,208.56048965454102,432
Roma,4400,12.580293214997072,41.83411329938787,525.3895015716553,432
Roma,4400,12.519898760170172,41.9136377469455,1027.756492614746,432
Roma,4400,12.586240463656965,41.873906575165755,383.40586280822754,432
Roma,4400,12.558780385641628,41.890698905047465,769.6886100769043,432
Roma,4400,12.447650317762642,41.941748425114675,287.3879089355469,432
Roma,4400,12.677567890437677,41.86712912735823,905.445426940918,432
Roma,4400,12.46987984420997,41.938599395109215,640.2228965759277,432
Roma,4400,12.60893346383075,41.81104941799122,711.1199493408203,432
Roma,4400,12.425604346103588,41.933101450477814,990.1231307983398,432
Roma,4400,12.628508699472436,41.87423684734404,600.9611625671387,432
Roma,4400,12.610778458533986,41.829780647899256,487.4150733947754,432
Roma,4400,12.53064450201938,41.88252541881109,847.1059112548828,432
Roma,4400,12.682083032857411,41.86207468819751,986.9962997436523,432
Roma,4400,12.459583985019764,41.902183614799284,927.8969764709473,432
Roma,4400,12.685410483060794,41.86125060853095,957.0211181640625,432
Roma,4400,12.455389314208702,41.91377391310041,903.3054885864258,432
Roma,4400,12.673210610801288,41.864345422019596,980.4324798583984,432
Roma,4400,12.613689941123232,41.82471090838156,716.5631294250488,432
Roma,4400,12.492223985612387,41.89509794274629,806.4907531738281,432
Roma,4400,12.362463872676875,41.94287958531752,205.7341194152832,432
Roma,4400,12.450437220028839,41.879263479514506,878.7053070068359,432
Roma,4400,12.440261887149571,41.785511179928044,628.8941326141357,432
Roma,4400,12.437351532374775,41.849273270843824,650.297571182251,432
Roma,4400,12.474531011016449,41.880884781595434,747.312707901001,432
Roma,4400,12.543406857369398,41.874573066964686,724.1765098571777,432
Roma,4400,12.663843827366085,41.85983339795813,362.6259956359863,432
Roma,4400,12.589105527976441,41.88902848885391,380.6083335876465,432
Roma,4400,12.648910138817769,41.87130000401503,526.7149925231934,432
Roma,4400,12.466177308302582,41.897102447089196,324.55110931396484,432
Roma,4400,12.456374625486184,41.8443045664262,686.2621269226074,432
Roma,4400,12.587082750941834,41.85363450543911,717.0098114013672,432
Roma,4400,12.481404675384647,41.93552339214247,62.972206115722656,432
Roma,4400,12.603936241635987,41.80619487538833,745.3514804840088,432
Roma,4400,12.49147348299422,41.90334471073084,803.9681930541992,432
Roma,4400,12.684671567116826,41.85778693898488,696.7394485473633,432
Roma,4400,12.630991030364074,41.87535074335237,436.9409923553467,432
Roma,4400,12.551885559878519,41.94301782693122,947.076416015625,432
Roma,4400,12.457809170827087,41.959204250381724,171.78650093078613,432
Roma,4400,12.49967687621911,41.91014090224856,500.3162612915039,432
Roma,4400,12.637260412934516,41.939280817091735,444.450647354126,432
Roma,4400,12.473069450614332,41.89909573515855,773.3558959960938,432
Roma,4400,12.411205012289738,41.96602680129784,234.25547790527344,432
Roma,4400,12.67278993983789,41.89195953740894,253.49681282043457,432
Roma,4400,12.418131907470897,41.8500264509536,432.0731430053711,432
Roma,4400,12.652247516802408,41.86536698870633,657.5039596557617,432
Roma,4400,12.683076887722546,41.920618811165234,379.7633457183838,432
Roma,4400,12.442504050449138,41.78033079749271,325.30356788635254,432
Roma,4400,12.54780556555006,41.88390595607591,527.7795886993408,432
Roma,4400,12.511913473445317,41.83862153453531,440.9034996032715,432
Roma,4400,12.428560084231565,41.94859525895227,277.27013397216797,432
Roma,4400,12.489060182464598,41.924266902865774,659.8693313598633,432
Roma,4400,12.599608544408012,41.910140582095636,216.73941230773926,432
Roma,4400,12.59419655662614,41.83889162851147,454.33679389953613,432
Roma,4400,12.433737004337686,41.936907056861514,395.8878288269043,432
Roma,4400,12.591232681713498,41.798322063218706,78.70861625671387,432
Roma,4400,12.461677639759627,41.82629243943525,446.2173252105713,432
Roma,4400,12.439159432572408,41.805177064631366,739.0757141113281,432
Roma,4400,12.63832406464173,41.93246417890407,490.1901226043701,432
Roma,4400,12.533493616084696,41.8716851479614,570.2927284240723,432
Roma,4400,12.409742576512048,41.97727716611724,365.8949966430664,432
Roma,4400,12.402188558056771,41.88089179906943,162.7602424621582,432
Roma,4400,12.446621747160275,41.922555912534406,598.7740325927734,432
Roma,4400,12.441800326708478,41.943439365569645,579.0017223358154,432
Roma,4400,12.479967353526234,41.859395708001976,723.8481483459473,432
Roma,4400,12.442038575152791,41.90613470397797,354.29307556152344,432
Roma,4400,12.635606905747432,41.826808401428124,194.80170249938965,432
Roma,4400,12.422176844089165,41.84204120865233,288.6987133026123,432
Roma,4400,12.445463054555995,41.89507595356545,548.1259174346924,432
Roma,4400,12.49095234905455,41.803959163944654,174.25612449645996,432
Roma,4400,12.437542439650148,41.851910054695885,792.0372543334961,432
Roma,4400,12.437052770105392,41.87724050588031,328.1861763000488,432
Roma,4400,12.427694310104851,41.9445849286538,435.5668754577637,432
Roma,4400,12.658503150194734,41.967357144632665,254.2243709564209,432
Roma,4400,12.364397289400763,41.78635820894255,779.524356842041,432
Roma,4400,12.619260604791632,41.98088375286229,313.9214057922363,432
Roma,4400,12.483434728993664,41.89620221500325,823.9084587097168,432
Roma,4400,12.457190100039673,41.87825935535956,888.5142555236816,432
Roma,4400,12.516613621097267,41.930903227200034,739.2879066467285,432
Roma,4400,12.571791933477183,41.85121268290383,253.7066535949707,432
Roma,4400,12.459186360118157,41.849822378701944,767.4514846801758,432
Roma,4400,12.497999672252531,41.91099620489665,440.7564468383789,432
Roma,4400,12.437425386347371,41.912529542653324,546.5020523071289,432
Roma,4400,12.541660369932984,41.87398435768573,527.7537841796875,432
Roma,4400,12.511944703169272,41.9467017249943,464.5227851867676,432
Roma,4400,12.679362588519378,41.89510884741309,589.7544822692871,432
Roma,4400,12.689337730437748,41.90912501434489,486.50138664245605,432
Roma,4400,12.462140474215452,41.8111836763129,114.89168548583984,432
Roma,4400,12.41417718255853,41.92790881069177,828.0459594726562,432
Roma,4400,12.527304882966371,41.91535534117219,745.888427734375,432
Roma,4400,12.485571024157574,41.79421555812057,467.216854095459,432
Roma,4400,12.48859162397303,41.890187959533066,382.95428466796875,432
Roma,4400,12.604087679590846,41.81259991639223,560.5216941833496,432
Roma,4400,12.411684691672377,41.96785508903829,330.12439727783203,432
Roma,4400,12.566632134322036,41.87536078090802,447.9139518737793,432
Roma,4400,12.600150969267451,41.814980972656485,629.7776908874512,432
Roma,4400,12.54945801904302,41.86019826577406,683.3695526123047,432
Roma,4400,12.370816235607865,41.91666696099069,443.49130630493164,432
Roma,4400,12.569781520147835,41.818735681860524,71.62630462646484,432
Roma,4400,12.502739692589344,41.89759892812837,724.9722080230713,432
Roma,4400,12.512101627617891,41.93717368932239,243.66935348510742,432
Roma,4400,12.602792015342095,41.79841741354671,518.0243759155273,432
Roma,4400,12.548074457718528,41.953574837436115,789.0616683959961,432
Roma,4400,12.478566685408603,41.920007237629314,588.112548828125,432
Roma,4400,12.420538335848766,41.90230762341528,1092.3404693603516,432
Roma,4400,12.377640556305694,41.935066050066276,251.91679763793945,432
Roma,4400,12.505670594234804,41.90833834666056,906.2584533691406,432
Roma,4400,12.615983730468761,41.93601842364417,216.81558227539062,432
Roma,4400,12.622545107150454,41.873565722074495,728.4794578552246,432
Roma,4400,12.468178636606202,41.897051928638795,784.6966876983643,432
Roma,4400,12.652258205019296,41.819179047130056,85.30576515197754,432
Roma,4400,12.46304502376888,41.906251184129424,1327.5520401000977,432
Roma,4400,12.684887516339792,41.918778603645954,265.3384780883789,432
Roma,4400,12.66546359348718,41.92011918306727,337.5037441253662,432
Roma,4400,12.458550401381485,41.94859246360214,309.5884838104248,432
Roma,4400,12.590406831808554,41.90657284413061,571.7745914459229,432
Roma,4400,12.57882411576722,41.872414311183746,815.6166458129883,432
Roma,4400,12.442459487016093,41.909409008559514,365.6459331512451,432
Roma,4400,12.446921778136232,41.87141559718258,778.8583869934082,432
Roma,4400,12.586665896319998,41.926666834959995,21.161762237548828,432
Roma,4400,12.491067154765258,41.82503519463668,668.3464908599854,432
Roma,4400,12.473198706581439,41.851904382399695,505.68398094177246,432
Roma,4400,12.494889567289611,41.852622028078045,490.62176513671875,432
Roma,4400,12.458938945709194,41.83495569452128,285.200101852417,432
Roma,4400,12.558727089240433,41.85431923532686,873.3565979003906,432
Roma,4400,12.533944004932751,41.960316186699394,527.0347728729248,432
Roma,4400,12.481954082843517,41.814371159402675,826.768798828125,432
Roma,4400,12.550103033435285,41.911579553069075,772.7791786193848,432
Roma,4400,12.500445262128158,41.90836031357772,694.1217041015625,432
Roma,4400,12.567315879576952,41.91701470697166,540.4218845367432,432
Roma,4400,12.460968981640322,41.839112426149114,265.2666759490967,432
Roma,4400,12.420773641136254,41.86535794701773,146.45991134643555,432
Roma,4400,12.398876937698727,41.953613737059776,191.4150447845459,432
Roma,4400,12.389141217669495,41.94690825154037,379.7877655029297,432
Roma,4400,12.608422281696102,41.817654708760394,594.730598449707,432
Roma,4400,12.437154483162784,41.839405140230284,785.8585243225098,432
Roma,4400,12.60327518252482,41.86307622817276,428.29576301574707,432
Roma,4400,12.624151252386165,41.83823618666566,231.0365047454834,432
Roma,4400,12.46608736668279,41.89263160949814,571.4623889923096,432
Roma,4400,12.450616115352146,41.83996882433302,229.05043411254883,432
Roma,4400,12.437016913819562,41.940185739019874,501.5482769012451,432
Roma,4400,12.413124960408428,41.87560760113765,395.429386138916,432
Roma,4400,12.457045649916404,41.94620727125491,841.0498428344727,432
Roma,4400,12.567211707722114,41.85188300561682,569.7526168823242,432
Roma,4400,12.671883644520555,41.91710727416345,309.41443061828613,432
Roma,4400,12.409245397624064,41.96559895088278,357.7538299560547,432
Roma,4400,12.485180951447935,41.82192747189265,683.5453910827637,432
Roma,4400,12.693293179914843,41.91340738800466,444.61949157714844,432
Roma,4400,12.520907995552399,41.94229279196492,602.0749378204346,432
Roma,4400,12.481683363504054,41.88714126434334,436.25988578796387,432
Roma,4400,12.528557154565851,41.892042520063875,925.8814659118652,432
Roma,4400,12.455605277350935,41.898967610856914,799.8937454223633,432
Roma,4400,12.535227226212788,41.90723877985815,643.6958694458008,432
Roma,4400,12.422090774040146,41.92789296881774,568.8527069091797,432
Roma,4400,12.50580100211172,41.89207930909404,831.2599868774414,432
Roma,4400,12.416358334021732,41.85793705243899,587.4717807769775,432
Roma,4400,12.570453050532981,41.867249562408716,377.56022453308105,432
Roma,4400,12.512596523043948,41.92723479374841,716.5358810424805,432
Roma,4400,12.533814542427796,41.89908221223672,933.1513175964355,432
Roma,4400,12.420331924446087,41.94565134424368,452.73548698425293,432
Roma,4400,12.501904685148507,41.83257621060128,376.9627227783203,432
Roma,4400,12.49332731103286,41.929311224129265,550.9522876739502,432
Roma,4400,12.688369192350216,41.89715531939818,232.74416160583496,432
Roma,4400,12.606668647933459,41.91395821805478,611.1242599487305,432
Roma,4400,12.673512221568554,41.789833006757426,196.75692558288574,432
Roma,4400,12.51528928659529,41.93458179283684,488.0193977355957,432
Roma,4400,12.44312515934514,41.80726421034911,373.61927223205566,432
Roma,4400,12.63745334778276,41.94577575559367,215.24455642700195,432
Roma,4400,12.483404482818425,41.826026147383566,329.6029567718506,432
Roma,4400,12.436570782711618,41.81506196340464,445.42027854919434,432
Roma,4400,12.610434254384447,41.8243253956821,608.2873764038086,432
Roma,4400,12.513286836816514,41.836940530680955,542.6465015411377,432
Roma,4400,12.374958662372963,41.79357365790948,292.5293388366699,432
Roma,4400,12.383484677936133,41.935268585031814,326.46504402160645,432
Roma,4400,12.371195825452823,41.92883298490117,284.3285446166992,432
Roma,4400,12.56866322161989,41.86926175911068,269.41295051574707,432
Roma,4400,12.61233293817079,41.89700845558894,252.97442245483398,432
Roma,4400,12.65546376941734,41.85722011421768,574.5621757507324,432
Roma,4400,12.552341089195863,41.93490121428695,485.8896484375,432
Roma,4400,12.59423897776617,41.84991987634979,570.7046508789062,432
Roma,4400,12.498780955816581,41.88581789124707,643.6485137939453,432
Roma,4400,12.572377453514232,41.9440499579045,457.40336990356445,432
Roma,4400,12.568364465266871,41.820256169103054,54.360857009887695,432
Roma,4400,12.574874468294079,41.853677567229454,452.2200622558594,432
Roma,4400,12.671170172554316,41.862173512404134,991.3701095581055,432
Roma,4400,12.369452088314079,41.92143504823587,482.1743812561035,432
Roma,4400,12.395905312794385,41.8216379821533,229.1068878173828,432
Roma,4400,12.678582725038053,41.91031142265752,357.70040702819824,432
Roma,4400,12.421335341069767,41.846537505575924,500.1017818450928,432
Roma,4400,12.55757069358176,41.90563038257223,416.6639633178711,432
Roma,4400,12.394044165241532,41.89848675340829,316.7433624267578,432
Roma,4400,12.385413035997919,41.895873602447196,265.9586524963379,432
Roma,4400,12.686636481527042,41.91369309957604,330.8310375213623,432
Roma,4400,12.519023483973577,41.96587347287083,567.4148979187012,432
Roma,4400,12.367268363515791,41.78529516161252,628.4639129638672,432
Roma,4400,12.377707441740116,41.79652875666683,201.42865180969238,432
Roma,4400,12.37086292599634,41.776254178456014,634.9403266906738,432
Roma,4400,12.531655550014168,41.88500023531767,792.5215148925781,432
Roma,4400,12.514999229939995,41.84876943400901,34.26778030395508,432
Roma,4400,12.397226118333165,41.92407291410755,421.0444087982178,432
Roma,4400,12.42886313605542,41.882012811445016,372.05836296081543,432
Roma,4400,12.48592551712632,41.92060237876981,728.4389038085938,432
Roma,4400,12.4912021616333,41.85717009009809,583.0346355438232,432
Roma,4400,12.53489852450646,41.86939614025272,659.504753112793,432
Roma,4400,12.440310301602793,41.96911443938159,655.2357330322266,432
Roma,4400,12.56070343300219,41.91660677097986,521.2586898803711,432
Roma,4400,12.609806186770122,41.90001057805355,200.9099521636963,432
Roma,4400,12.470900867602918,41.885067282245636,646.4611167907715,432
Roma,4400,12.484143276927211,41.811730970862214,671.8189582824707,432
Roma,4400,12.452312993714507,41.9148524838173,954.9944362640381,432
Roma,4400,12.592016428106495,41.93859257234302,208.0378475189209,432
Roma,4400,12.515377036832385,41.91681404960349,821.1688613891602,432
Roma,4400,12.52153709269562,41.9016712305532,628.4004917144775,432
Roma,4400,12.516377576019966,41.96449245706213,458.6505489349365,432
Roma,4400,12.627915361951631,41.94536274758404,143.40431594848633,432
Roma,4400,12.540933074820721,41.8567846338614,457.8359794616699,432
Roma,4400,12.538359074992783,41.86725739949949,537.8681488037109,432
Roma,4400,12.425433805423197,41.88829178395129,250.61298942565918,432
Roma,4400,12.420543895856223,41.885918641131376,511.9634532928467,432
Roma,4400,12.610627444101612,41.842233488053935,367.1332416534424,432
Roma,4400,12.59198884496852,41.86289072416979,481.8064880371094,432
Roma,4400,12.450989928291,41.847857401678134,446.87947845458984,432
Roma,4400,12.688207165735031,41.86921989230355,652.3173217773438,432
Roma,4400,12.42906259398391,41.87645432963041,732.6771507263184,432
Roma,4400,12.660733209392571,41.82654216543522,253.99337196350098,432
Roma,4400,12.699963005996032,41.87733338681281,442.65258026123047,432
Roma,4400,12.479651563284747,41.823867682477726,1085.4068183898926,432
Roma,4400,12.470842408173038,41.88966938078198,528.9836502075195,432
Roma,4400,12.43381605764695,41.85681887106018,269.4588203430176,432
Roma,4400,12.652115267227643,41.85037895243683,302.0859260559082,432
Roma,4400,12.482163082897324,41.863255136665394,686.920726776123,432
Roma,4400,12.521532775802468,41.965228815221806,393.6868553161621,432
Roma,4400,12.55433270074563,41.94457125544108,778.6201477050781,432
Roma,4400,12.672213869750893,41.78592404094176,435.7602424621582,432
Roma,4400,12.615318869923778,41.78720495406791,488.7096366882324,432
Roma,4400,12.503932373070553,41.890831507829354,596.1486892700195,432
Roma,4400,12.522055604974485,41.791653498180835,301.49745178222656,432
Roma,4400,12.466974801455757,41.929867171930326,674.0284652709961,432
Roma,4400,12.48107338107953,41.90621196186035,993.2861595153809,432
Roma,4400,12.535161241244818,41.93404013094997,704.7057456970215,432
Roma,4400,12.604999229579997,41.888749093646695,33.66954231262207,432
Roma,4400,12.589947842590632,41.86110146753831,545.2190170288086,432
Roma,4400,12.570517535725577,41.94977229753042,613.1605453491211,432
Roma,4400,12.579084892760468,41.85811445699526,403.239408493042,432
Roma,4400,12.691806602058723,41.90581923842642,488.3602886199951,432
Roma,4400,12.688093733101228,41.875828807076296,247.84001541137695,432
Roma,4400,12.556635342556474,41.91448297592921,525.3793525695801,432
Roma,4400,12.471269572160267,41.82451453091984,829.4445343017578,432
Roma,4400,12.56201315694221,41.82201271395188,221.4439582824707,432
Roma,4400,12.473281830168657,41.86555295669755,573.9128170013428,432
Roma,4400,12.540000067997072,41.87832807151782,757.1073608398438,432
Roma,4400,12.494655761632,41.83463548445875,231.63051223754883,432
Roma,4400,12.594111858116793,41.897668349941675,444.8343963623047,432
Roma,4400,12.524148808601376,41.78521945858899,229.09721565246582,432
Roma,4400,12.440458568219107,41.892248615320064,598.7742233276367,432
Roma,4400,12.48747000412877,41.851134169926034,507.72601890563965,432
Roma,4400,12.50651621179635,41.92464688642675,913.2653045654297,432
Roma,4400,12.446125032479515,41.80661286760242,505.3591079711914,432
Roma,4400,12.592822650068342,41.857060834303596,212.2196159362793,432
Roma,4400,12.469914470519024,41.812807332137275,406.00315284729004,432
Roma,4400,12.60555716292072,41.965554100570806,49.446699142456055,432
Roma,4400,12.414696169068817,41.87845846352379,422.4300365447998,432
Roma,4400,12.67486997220839,41.90277663122059,339.0469379425049,432
Roma,4400,12.600002931012073,41.91251553707102,495.69697761535645,432
Roma,4400,12.375429272662556,41.85620138091378,116.13033485412598,432
Roma,4400,12.544210932592824,41.95200434936564,865.2634925842285,432
Roma,4400,12.52993900272203,41.95120188959499,536.216215133667,432
Roma,4400,12.54273495376526,41.92240917794307,396.9737777709961,432
Roma,4400,12.414185387699142,41.890787637702715,463.7928352355957,432
Roma,4400,12.593561736742593,41.91657276627185,281.93541526794434,432
Roma,4400,12.476703378201275,41.90113531656455,997.1306076049805,432
Roma,4400,12.63184268880476,41.81003219108297,339.46496200561523,432
Roma,4400,12.599061059166193,41.83126335856534,463.7776985168457,432
Roma,4400,12.499575372956086,41.85846907386239,481.84917068481445,432
Roma,4400,12.64358649990412,41.95052843163666,410.3825569152832,432
Roma,4400,12.496545534797399,41.82897114822523,543.5095138549805,432
Roma,4400,12.545488332939861,41.928929431890886,279.0869483947754,432
Roma,4400,12.59765804229172,41.91172180033668,224.36251068115234,432
Roma,4400,12.508931798500274,41.89159788441106,714.5667533874512,432
Roma,4400,12.508775236670612,41.83911494666176,604.6314811706543,432
Roma,4400,12.474693958791322,41.877852581748805,920.6634521484375,432
Roma,4400,12.36166589722,41.881567183499726,62.82830238342285,432
Roma,4400,12.551555298417878,41.877819984956766,503.7565326690674,432
Roma,4400,12.572491446301779,41.879619543822095,931.8929824829102,432
Roma,4400,12.623725004362411,41.81668930013115,165.74299430847168,432
Roma,4400,12.46916028058582,41.94974362356818,376.62879180908203,432
Roma,4400,12.514531005023548,41.84076727011335,515.725305557251,432
Roma,4400,12.466614452719098,41.8361728611276,356.1625804901123,432
Roma,4400,12.681603728246872,41.873381017892086,386.42004776000977,432
Roma,4400,12.466608106661232,41.8152463397746,437.7505855560303,432
Roma,4400,12.452921487537965,41.81051328615741,183.70572662353516,432
Roma,4400,12.57404624689594,41.929203337899374,324.8338050842285,432
Roma,4400,12.599404136530472,41.77583350223,107.71811103820801,432
Roma,4400,12.475087771656042,41.85401972902183,620.0172157287598,432
Roma,4400,12.667258822030139,41.90925112800825,145.5844955444336,432
Roma,4400,12.673964918317738,41.88354192593645,227.14419174194336,432
Roma,4400,12.536001188708758,41.788936041846334,81.37545204162598,432
Roma,4400,12.43832337408401,41.94585831733627,469.81085205078125,432
Roma,4400,12.418942432028052,41.88096934555673,446.8051300048828,432
Roma,4400,12.473181466237236,41.88647403124637,482.5662422180176,432
Roma,4400,12.459252723317908,41.79384437864827,412.02163314819336,432
Roma,4400,12.552577100175172,41.91798210981199,677.3192443847656,432
Roma,4400,12.441739738805717,41.840297915776766,380.16895294189453,432
Roma,4400,12.611946206898642,41.86173766789498,789.4251842498779,432
Roma,4400,12.381567688198196,41.87863507506276,297.9735107421875,432
Roma,4400,12.373325809823186,41.91712724315872,448.38042640686035,432
Roma,4400,12.531702750776097,41.949383546943345,775.1690864562988,432
Roma,4400,12.391652867582932,41.92743416555958,358.07833099365234,432
Roma,4400,12.56378634032111,41.88820535396,1247.4486541748047,432
Roma,4400,12.490448859344559,41.82872073719824,625.7693576812744,432
Roma,4400,12.6478312247284,41.97544676618194,399.441499710083,432
Roma,4400,12.36872693729686,41.915161104349025,634.1275367736816,432
Roma,4400,12.624975016953734,41.94042590235826,540.9945907592773,432
Roma,4400,12.441932353660006,41.81699599104344,499.64115142822266,432
Roma,4400,12.67387719068555,41.91906163916131,249.08183670043945,432
Roma,4400,12.475983356547728,41.85714363232412,278.7812213897705,432
Roma,4400,12.457223847007047,41.84868968513817,637.3054466247559,432
Roma,4400,12.53030743051112,41.88959478822654,711.6830215454102,432
Roma,4400,12.549996683229946,41.94625126042718,915.519006729126,432
Roma,4400,12.44663705384561,41.79142345300557,293.4313678741455,432
Roma,4400,12.494999007742175,41.90000156408532,620.114616394043,432
Roma,4400,12.422978514843384,41.90863605180182,738.8644123077393,432
Roma,4400,12.538004515371911,41.89737761597416,832.1891059875488,432
Roma,4400,12.50962364794265,41.90545883050011,877.5047473907471,432
Roma,4400,12.518931936437507,41.92250260450627,936.1174697875977,432
Roma,4400,12.512740957224342,41.78617112100131,228.0115623474121,432
Roma,4400,12.529222001089925,41.88467692028064,811.5820503234863,432
Roma,4400,12.685928537207948,41.87134010046957,644.4655742645264,432
Roma,4400,12.431204459898327,41.9375712458084,608.5331382751465,432
Roma,4400,12.375852895606151,41.7955351432604,244.2290554046631,432
Roma,4400,12.55212949465993,41.9129160732855,645.0041694641113,432
Roma,4400,12.581781363450364,41.87073745283719,547.019853591919,432
Roma,4400,12.449344502507676,41.866725578577785,809.8428592681885,432
Roma,4400,12.634024688834334,41.81055225946756,201.00792694091797,432
Roma,4400,12.407448901488813,41.78822285556062,376.3654270172119,432
Roma,4400,12.518636296056362,41.90627810114555,869.4804534912109,432
Roma,4400,12.694075091108838,41.8663082437425,530.6572227478027,432
Roma,4400,12.666101305185814,41.855685801633896,384.2738552093506,432
Roma,4400,12.362398863565167,41.87283492949937,255.55965995788574,432
Roma,4400,12.586616695508003,41.83907853771853,482.6593647003174,432
Roma,4400,12.379590634272112,41.943045838800955,629.7015571594238,432
Roma,4400,12.551429897463285,41.90776895644986,897.0263023376465,432
Roma,4400,12.568407176932514,41.885089443454476,835.5464401245117,432
Roma,4400,12.36395685762186,41.781164985774346,1027.8332748413086,432
Roma,4400,12.580400601453396,41.90394642384207,104.4918327331543,432
Roma,4400,12.411205820236077,41.961558555891635,352.71496200561523,432
Roma,4400,12.687681596234041,41.90128475655981,532.5030498504639,432
Roma,4400,12.570293749202547,41.92652407989935,796.4383735656738,432
Roma,4400,12.56895126237297,41.87322690763488,381.28650665283203,432
Roma,4400,12.53602242117452,41.94850501515342,640.6339454650879,432
Roma,4400,12.651010577444557,41.86068236611798,239.36688613891602,432
Roma,4400,12.607009434931538,41.904432547658374,264.46894454956055,432
Roma,4400,12.476440834551898,41.81371866855886,815.0676689147949,432
Roma,4400,12.696505680210992,41.900490323398174,528.6106872558594,432
Roma,4400,12.609833165999998,41.7885069830962,510.4186153411865,432
Roma,4400,12.510088031271673,41.876457353397264,764.1366157531738,432
Roma,4400,12.453746595036872,41.83009177627526,472.8474884033203,432
Roma,4400,12.491537572424747,41.977500168089996,65.30561256408691,432
Roma,4400,12.500740449897089,41.8784718385111,512.5406341552734,432
Roma,4400,12.39604563515424,41.824675228093,313.8251495361328,432
Roma,4400,12.562597039439082,41.93015862252309,471.44886589050293,432
Roma,4400,12.602020607704965,41.874745077924764,201.16222381591797,432
Roma,4400,12.499118625008022,41.91634859821038,786.4018058776855,432
Roma,4400,12.664258665191186,41.883987506137274,346.3120937347412,432
Roma,4400,12.54920700552139,41.92110122014261,748.3218803405762,432
Roma,4400,12.587377797595755,41.88539830722125,304.14088439941406,432
Roma,4400,12.527736347493095,41.87096209935377,590.6228561401367,432
Roma,4400,12.469565635787884,41.7839556278879,315.1835021972656,432
Roma,4400,12.494413409386931,41.91072974707783,760.7505264282227,432
Roma,4400,12.489387000468303,41.90528584286769,1011.9966735839844,432
Roma,4400,12.677086338092991,41.89719993744442,646.5405044555664,432
Roma,4400,12.523813636249638,41.87462429192357,1037.3153839111328,432
Roma,4400,12.40649611949408,41.963652110592214,478.7687072753906,432
Roma,4400,12.585769679199682,41.83443349423112,311.05930519104004,432
Roma,4400,12.44755838642928,41.96138640631079,453.7519645690918,432
Roma,4400,12.66212002360838,41.920000168319994,39.28872871398926,432
Roma,4400,12.564424016455032,41.921218096417796,691.5298309326172,432
Roma,4400,12.557066679464421,41.94860504454202,483.6431198120117,432
Roma,4400,12.481143071570491,41.82135581621097,840.6750755310059,432
Roma,4400,12.647663882646233,41.86898280981029,833.238862991333,432
Roma,4400,12.384244485997007,41.878742558872375,250.878511428833,432
Roma,4400,12.607371289765988,41.8416410487767,397.43297386169434,432
Roma,4400,12.698001655784473,41.90280409684462,409.06838607788086,432
Roma,4400,12.604500784816095,41.826167789119765,211.18018531799316,432
Roma,4400,12.482130638975494,41.87088473284855,886.4013710021973,432
Roma,4400,12.421353652901017,41.94043615103638,723.0376834869385,432
Roma,4400,12.571474786403604,41.857200921112366,560.9058876037598,432
Roma,4400,12.501665182703723,41.89557972821948,606.8625335693359,432
Roma,4400,12.503627386140577,41.883745513538905,812.1626930236816,432
Roma,4400,12.681476802446142,41.78969473171359,221.45465278625488,432
Roma,4400,12.441654363774193,41.815419463927874,435.57460021972656,432
Roma,4400,12.483767989961743,41.953261315707984,290.3850898742676,432
Roma,4400,12.510487093484377,41.982557297541,442.30331802368164,432
Roma,4400,12.562563599849483,41.82611596312443,354.2497787475586,432
Roma,4400,12.555838066999375,41.962241318830145,53.538984298706055,432
Roma,4400,12.485488038800256,41.95900168193569,93.24170875549316,432
Roma,4400,12.429337172174534,41.79593433116751,495.38279724121094,432
Roma,4400,12.54625330688106,41.97214308725634,409.93081855773926,432
Roma,4400,12.419316838178181,41.90916091490682,696.0915145874023,432
Roma,4400,12.60874351252526,41.793550977071966,506.5809783935547,432
Roma,4400,12.681818066877174,41.87578833041603,272.1900520324707,432
Roma,4400,12.561573110815393,41.83303244460129,302.5768184661865,432
Roma,4400,12.576208508022308,41.85895688253787,658.3222408294678,432
Roma,4400,12.605206327163932,41.90240852321928,231.96197891235352,432
Roma,4400,12.666040567897905,41.90046630766671,351.5625648498535,432
Roma,4400,12.634941308592213,41.979555019555924,173.17060470581055,432
Roma,4400,12.68664090577762,41.88804295568816,345.2954902648926,432
Roma,4400,12.602798880948365,41.82662391614695,219.06836128234863,432
Roma,4400,12.621673693010795,41.8167022309797,400.1894416809082,432
Roma,4400,12.499846239946987,41.86077391025485,577.4081325531006,432
Roma,4400,12.515108025962176,41.979146081168345,260.3767776489258,432
Roma,4400,12.395969552162521,41.93400644504787,184.50204467773438,432
Roma,4400,12.508409605206051,41.91944057148465,890.4492416381836,432
Roma,4400,12.404970344367033,41.884870865240686,251.05505180358887,432
Roma,4400,12.522970444179107,41.95305631625253,685.3114395141602,432
Roma,4400,12.620019091685865,41.87234451874741,677.9180755615234,432
Roma,4400,12.627044557480914,41.81070371017525,517.0542945861816,432
Roma,4400,12.50105109983923,41.85545328878792,565.3959426879883,432
Roma,4400,12.46287205263409,41.895819971033745,538.4330711364746,432
Roma,4400,12.490001370795778,41.97864295402064,169.78839111328125,432
Roma,4400,12.383749591384895,41.91421098469301,229.15723419189453,432
Roma,4400,12.374992266723625,41.8860244383818,138.3865032196045,432
Roma,4400,12.693679711971706,41.94553918990639,124.44275856018066,432
Roma,4400,12.577310682820888,41.83534889729625,594.5205249786377,432
Roma,4400,12.481517717553226,41.842498771873366,784.643611907959,432
Roma,4400,12.591048421387889,41.85128459267303,627.9993953704834,432
Roma,4400,12.492681692184432,41.80610776280577,265.6311893463135,432
Roma,4400,12.490080322316267,41.86788840286249,402.09582138061523,432
Roma,4400,12.445179001235587,41.85415801354545,862.7960586547852,432
Roma,4400,12.57698220198558,41.86875442231086,561.4414291381836,432
Roma,4400,12.593204230144392,41.84097551890466,497.7068214416504,432
Roma,4400,12.457634273094428,41.94306077317347,577.2693920135498,432
Roma,4400,12.521539370670164,41.92544639860678,808.4650115966797,432
Roma,4400,12.479312833671397,41.872090279229866,1023.3818016052246,432
Roma,4400,12.677445933449725,41.85292541486775,439.30633544921875,432
Roma,4400,12.499446914741107,41.85198042110396,593.5617141723633,432
Roma,4400,12.538486764660492,41.929474537024156,402.79856872558594,432
Roma,4400,12.688884205255572,41.88828746952388,196.98524475097656,432
Roma,4400,12.443275620897149,41.78518130015035,488.50550270080566,432
Roma,4400,12.537225169506877,41.91795472419738,626.6187648773193,432
Roma,4400,12.421274649497711,41.931286420121275,1052.2691841125488,432
Roma,4400,12.463436124241397,41.878237218539155,674.4435958862305,432
Roma,4400,12.513543882350618,41.97590938488609,695.1893901824951,432
Roma,4400,12.495651868358701,41.889059250900615,532.7256088256836,432
Roma,4400,12.478733380988466,41.895393840601294,616.4686546325684,432
Roma,4400,12.578467096999873,41.88159108040916,780.2326965332031,432
Roma,4400,12.619127032209681,41.77620531190608,142.62035942077637,432
Roma,4400,12.437949559698545,41.77805214332033,485.69823455810547,432
Roma,4400,12.644740713619184,41.95655042839011,510.60632133483887,432
Roma,4400,12.609299523130069,41.84031239306573,462.24727058410645,432
Roma,4400,12.679147679943462,41.88861316386149,370.4632816314697,432
Roma,4400,12.516051299459699,41.94349568947758,557.1360740661621,432
Roma,4400,12.634165896129998,41.915833501669994,17.578960418701172,432
Roma,4400,12.528880996920018,41.94570744370983,802.3324966430664,432
Roma,4400,12.668928903125313,41.91410328906855,445.2150573730469,432
Roma,4400,12.380266273785704,41.939913995937374,513.5369987487793,432
Roma,4400,12.469852586016946,41.88120725857151,453.13172340393066,432
Roma,4400,12.610255054895617,41.889954702331806,210.0240020751953,432
Roma,4400,12.645718039866722,41.86489353310603,583.4674377441406,432
Roma,4400,12.615738386756345,41.88802114925771,379.484167098999,432
Roma,4400,12.664185860284396,41.85729367810217,311.5972385406494,432
Roma,4400,12.618519644610533,41.87922217074296,480.2966728210449,432
Roma,4400,12.440796113652313,41.821583347736194,331.0227584838867,432
Roma,4400,12.66907473560505,41.785813963577745,353.83659172058105,432
Roma,4400,12.563738997982568,41.8216645248268,131.13046646118164,432
Roma,4400,12.501923624879522,41.91556578383372,923.4737777709961,432
Roma,4400,12.477801352732342,41.94411655292319,488.6482124328613,432
Roma,4400,12.450755363936524,41.96477174649794,619.9883766174316,432
Roma,4400,12.627206230289133,41.97128349352008,189.93837356567383,432
Roma,4400,12.684378951331698,41.86405644122218,1102.6971969604492,432
Roma,4400,12.698686345524692,41.86633225339013,474.43942070007324,432
Roma,4400,12.531130837992935,41.89308600491679,704.7722511291504,432
Roma,4400,12.422251400795638,41.83435795510486,324.8897647857666,432
Roma,4400,12.607434928789928,41.89224230814374,92.32728385925293,432
Roma,4400,12.524146550215727,41.9562042165816,612.9242515563965,432
Roma,4400,12.566361093992874,41.89034488800407,1089.2570152282715,432
Roma,4400,12.53382717580683,41.8870227252012,879.2572708129883,432
Roma,4400,12.530047482558269,41.865079244281965,477.4855041503906,432
Roma,4400,12.460999224228818,41.91288016873984,782.2884483337402,432
Roma,4400,12.5009402472451,41.835606984615175,256.85151863098145,432
Roma,4400,12.535461756606205,41.95399580503265,611.9423770904541,432
Roma,4400,12.466650713575822,41.939540905792946,773.2710723876953,432
Roma,4400,12.559260275800469,41.92806569215948,363.34362983703613,432
Roma,4400,12.364910743703973,41.917479175697984,404.39776611328125,432
Roma,4400,12.399898924644996,41.922498117774325,549.2000312805176,432
Roma,4400,12.626337387039255,41.97328064572985,272.24739837646484,432
Roma,4400,12.54081707405629,41.868219868601045,513.007625579834,432
Roma,4400,12.620743635556746,41.79220096335438,252.7009105682373,432
Roma,4400,12.567335274031484,41.94105692169069,276.3132381439209,432
Roma,4400,12.625522515676673,41.8725632851526,746.4740829467773,432
Roma,4400,12.586529208248395,41.82788331308322,537.2177124023438,432
Roma,4400,12.427998565674276,41.904920403723914,316.0304660797119,432
Roma,4400,12.410152896881767,41.87011044623003,481.42397689819336,432
Roma,4400,12.676297285494423,41.80545625515681,303.3807258605957,432
Roma,4400,12.410813284082746,41.86718528364594,436.02023696899414,432
Roma,4400,12.68075277700267,41.77843177183005,393.4308395385742,432
Roma,4400,12.502980631501538,41.90736918288576,747.1687774658203,432
Roma,4400,12.650232308482128,41.87568659056281,454.5593910217285,432
Roma,4400,12.422496236438704,41.88729248904757,385.3861427307129,432
Roma,4400,12.535828468637261,41.941943034003884,750.7001419067383,432
Roma,4400,12.483403606041552,41.82015928858956,714.1562061309814,432
Roma,4400,12.420967360047065,41.86756183007491,495.76049041748047,432
Roma,4400,12.570179554071641,41.85923302508339,786.9035987854004,432
Roma,4400,12.670507818913636,41.912943933064085,246.90868759155273,432
Roma,4400,12.664629622968894,41.96584688614326,272.7533550262451,432
Roma,4400,12.514164724984282,41.93747767123567,508.8132038116455,432
Roma,4400,12.509213045407527,41.90275710708599,583.4496765136719,432
Roma,4400,12.6482953095056,41.87476889028514,349.44461250305176,432
Roma,4400,12.469925737790126,41.932973362006535,403.3960304260254,432
Roma,4400,12.598512268563114,41.8088045922816,372.05303382873535,432
Roma,4400,12.48282592335453,41.8597059867683,714.2887191772461,432
Roma,4400,12.694570641693419,41.869366906897476,356.3661460876465,432
Roma,4400,12.365949098002853,41.915749707948144,486.7744255065918,432
Roma,4400,12.419381410352049,41.89581755278759,1037.6535949707031,432
Roma,4400,12.553827786679896,41.886348143980996,566.0397109985352,432
Roma,4400,12.499473822576283,41.880924953459676,515.5009059906006,432
Roma,4400,12.567303952571796,41.854118357536,696.1980934143066,432
Roma,4400,12.464125685859294,41.92829629727125,623.7338695526123,432
Roma,4400,12.458844572105313,41.872606448414636,933.4736099243164,432
Roma,4400,12.467825792593922,41.87255629851674,463.0956726074219,432
Roma,4400,12.44523445733449,41.82072927359719,337.56945419311523,432
Roma,4400,12.615926484629103,41.80745417059885,419.67774963378906,432
Roma,4400,12.508158408284936,41.8840993920635,800.4836273193359,432
Roma,4400,12.602811643256562,41.86599317542042,106.63619995117188,432
Roma,4400,12.438767547763069,41.9378879442906,818.3924980163574,432
Roma,4400,12.477339544206442,41.85455691104931,498.8355255126953,432
Roma,4400,12.529823922932206,41.920443503844275,530.4699954986572,432
Roma,4400,12.652497016411326,41.944122503644145,238.97607803344727,432
Roma,4400,12.614245035751221,41.80404822039164,246.02369117736816,432
Roma,4400,12.62187495906573,41.81997256950668,410.51844787597656,432
Roma,4400,12.550083681217975,41.89736787474777,466.96892166137695,432
Roma,4400,12.486662919338563,41.81149623486866,473.30768394470215,432
Roma,4400,12.450868796777566,41.86938383345455,920.7121734619141,432
Roma,4400,12.508578466195766,41.928619226000414,419.5688819885254,432
Roma,4400,12.425180142613966,41.92359128904509,395.8711128234863,432
Roma,4400,12.495213259539431,41.80493008403055,356.6102657318115,432
Roma,4400,12.594976328628931,41.80413855381916,489.5746593475342,432
Roma,4400,12.381665897139998,41.831238012577664,34.523149490356445,432
Roma,4400,12.458600769173998,41.8322733994834,528.6240119934082,432
Roma,4400,12.682665366251829,41.78691133856866,325.8571662902832,432
Roma,4400,12.58216791258537,41.85665745494566,641.222827911377,432
Roma,4400,12.535843891218262,41.911637995518056,553.8346481323242,432
Roma,4400,12.54341930334004,41.94888071558228,848.0892028808594,432
Roma,4400,12.468988164274688,41.93088502364918,454.18175506591797,432
Roma,4400,12.565557772570747,41.93913113900722,304.4532585144043,432
Roma,4400,12.589608819439595,41.853872284398236,695.9631996154785,432
Roma,4400,12.602180030484815,41.85064450701776,280.4322681427002,432
Roma,4400,12.626634695474042,41.84869742975576,469.61971282958984,432
Roma,4400,12.376738792662062,41.93740436560753,208.77652740478516,432
Roma,4400,12.541704924818347,41.88901832580246,661.4073753356934,432
Roma,4400,12.378823573871395,41.95841019903071,356.7110004425049,432
Roma,4400,12.378543707004674,41.78812425560455,717.2727947235107,432
Roma,4400,12.653169921075413,41.85555544888129,392.1652183532715,432
Roma,4400,12.471197630890307,41.86813721647115,796.7411403656006,432
Roma,4400,12.443331661659766,41.91958374313677,721.6087951660156,432
Roma,4400,12.58417497411137,41.839576575326085,510.1629104614258,432
Roma,4400,12.565643852716967,41.87767341112385,610.5036277770996,432
Roma,4400,12.612438289984203,41.81886362806823,722.7990951538086,432
Roma,4400,12.436912703014569,41.87522953944796,317.1568088531494,432
Roma,4400,12.507236205231244,41.813477926895416,297.60326766967773,432
Roma,4400,12.494807295024627,41.807889315678615,446.4835739135742,432
Roma,4400,12.51848675140668,41.87485730186625,850.5727920532227,432
Roma,4400,12.653633215964199,41.87245744366905,299.376277923584,432
Roma,4400,12.381844211354975,41.95712084199195,547.1240844726562,432
Roma,4400,12.698993953800285,41.88956717537411,106.74399375915527,432
Roma,4400,12.56136816750973,41.94475345404865,822.8153648376465,432
Roma,4400,12.505459617647869,41.87524213099884,860.7021350860596,432
Roma,4400,12.6848411321013,41.91224318931267,395.4267864227295,432
Roma,4400,12.458339232661226,41.91335181222681,575.2194442749023,432
Roma,4400,12.493543380913877,41.85007379544352,380.9795379638672,432
Roma,4400,12.549432387674136,41.89353945866467,613.3604965209961,432
Roma,4400,12.57558162266335,41.8327150128958,511.18559646606445,432
Roma,4400,12.525049383758889,41.951751944916204,619.1568298339844,432
Roma,4400,12.49792801467974,41.835415402403655,359.77502822875977,432
Roma,4400,12.692641414154842,41.8648253803942,419.9517021179199,432
Roma,4400,12.538249772523091,41.865249325511726,633.9556999206543,432
Roma,4400,12.598251168272572,41.90423793710957,201.12225341796875,432
Roma,4400,12.525453984838654,41.954402488053276,726.0027236938477,432
Roma,4400,12.444336659543778,41.92277657317326,744.8066482543945,432
Roma,4400,12.657043530014404,41.87078547611895,268.02602767944336,432
Roma,4400,12.580231582708153,41.83869243439952,371.6559295654297,432
Roma,4400,12.616072806899517,41.88315294894834,529.4300994873047,432
Roma,4400,12.437158388508935,41.910487214056644,448.6753387451172,432
Roma,4400,12.442871800172073,41.89050298384084,447.83263778686523,432
Roma,4400,12.439204890649002,41.81659316012637,544.7554702758789,432
Roma,4400,12.54472250913155,41.90496416623687,800.6772441864014,432
Roma,4400,12.640372634742757,41.82288466129029,274.3384323120117,432
Roma,4400,12.410658296570555,41.84300063023435,95.65535545349121,432
Roma,4400,12.514630238562601,41.9477297113596,668.9902763366699,432
Roma,4400,12.443807878777434,41.877346864170455,671.4052791595459,432
Roma,4400,12.666516220863825,41.78745573988448,363.6794204711914,432
Roma,4400,12.617586219895326,41.80862403124948,624.1058654785156,432
Roma,4400,12.624248377726762,41.92888001528475,344.9130611419678,432
Roma,4400,12.41599463355012,41.8729716491354,384.4246520996094,432
Roma,4400,12.428317303119933,41.97622049138714,84.57634925842285,432
Roma,4400,12.595113372618105,41.8438720255934,755.478874206543,432
Roma,4400,12.666893587838919,41.93490177043709,137.4678440093994,432
Roma,4400,12.576345087011148,41.88709154698626,743.9545345306396,432
Roma,4400,12.511817281540939,41.944337385585094,164.0374641418457,432
Roma,4400,12.663289665052591,41.86162308939338,308.9756278991699,432
Roma,4400,12.573356965651321,41.88356998745898,619.5465793609619,432
Roma,4400,12.600641029785923,41.837246599781174,508.3760299682617,432
Roma,4400,12.38267522007768,41.885352989309645,191.65625190734863,432
Roma,4400,12.482079118844572,41.94602970008642,412.8760070800781,432
Roma,4400,12.460707716035456,41.94039348928844,547.8760185241699,432
Roma,4400,12.442133740941534,41.854126104594656,890.0486507415771,432
Roma,4400,12.69824161784994,41.88046726686402,500.1622772216797,432
Roma,4400,12.49027507992071,41.92212857436142,749.9751739501953,432
Roma,4400,12.41387566331872,41.93325754612699,532.3429679870605,432
Roma,4400,12.525282989078077,41.96238958269564,362.44348907470703,432
Roma,4400,12.545959655119248,41.96858655243102,434.1671543121338,432
Roma,4400,12.399732970492343,41.95964593332753,606.8793563842773,432
Roma,4400,12.401983865685086,41.89296573626926,398.86319160461426,432
Roma,4400,12.668926476648563,41.91686524415194,678.8258514404297,432
Roma,4400,12.398587578243923,41.92994299153025,396.3287715911865,432
Roma,4400,12.664999229339998,41.85083350192999,17.25101089477539,432
Roma,4400,12.602339526581156,41.92685253597761,166.67890548706055,432
Roma,4400,12.371162342579394,41.78268562580508,796.0713539123535,432
Roma,4400,12.509432997233276,41.914180542435496,774.8967971801758,432
Roma,4400,12.465074471073558,41.856313207082586,660.1943778991699,432
Roma,4400,12.62080696738279,41.875339641758345,608.5964260101318,432
Roma,4400,12.63608006441656,41.935430706865105,182.08392333984375,432
Roma,4400,12.44408943551637,41.84832542506742,459.7952823638916,432
Roma,4400,12.3956395080013,41.931357291869816,224.9706039428711,432
Roma,4400,12.527699384741235,41.790555749111206,123.52788734436035,432
Roma,4400,12.490749245769775,41.89323945665876,658.6241760253906,432
Roma,4400,12.405482904393669,41.89471034165685,288.81991386413574,432
Roma,4400,12.473179581550076,41.87384721403875,971.9648971557617,432
Roma,4400,12.672600310004334,41.92281710622914,217.21371459960938,432
Roma,4400,12.700444139727376,41.95087044252562,151.0464687347412,432
Roma,4400,12.420325725064291,41.798329837747254,364.02042388916016,432
Roma,4400,12.441830606468844,41.8688655385232,700.497241973877,432
Roma,4400,12.524679701229756,41.92568504005302,784.0915222167969,432
Roma,4400,12.634405796971093,41.85565822756154,231.24984550476074,432
Roma,4400,12.452762107371619,41.86696752706061,732.3049755096436,432
Roma,4400,12.363576527236873,41.77618958608355,545.8167266845703,432
Roma,4400,12.48471646949886,41.85782025506944,397.42444229125977,432
Roma,4400,12.470297685481448,41.88758680387406,542.8137321472168,432
Roma,4400,12.700336856931408,41.897987355956545,340.48958015441895,432
Roma,4400,12.552499134448855,41.9325666239232,441.43835258483887,432
Roma,4400,12.419997557325523,41.943342278611,455.9714546203613,432
Roma,4400,12.60907553810484,41.80723878095307,511.197452545166,432
Roma,4400,12.538076015250882,41.857038946168494,390.47753143310547,432
Roma,4400,12.48624871805303,41.903058727931146,1060.6978302001953,432
Roma,4400,12.42548067881363,41.89991713442016,987.4207992553711,432
Roma,4400,12.447523675236951,41.81082348123862,529.8487567901611,432
Roma,4400,12.46698364758459,41.92750892387289,737.4791870117188,432
Roma,4400,12.620429805409024,41.909032965100074,326.7077827453613,432
Roma,4400,12.59630923661767,41.86179228977865,833.9021987915039,432
Roma,4400,12.465951220849714,41.88980024652902,603.7834739685059,432
Roma,4400,12.3687769831801,41.77755804842249,746.7071495056152,432
Roma,4400,12.469710074982848,41.94753107603628,536.1824417114258,432
Roma,4400,12.57192343679614,41.94680502005435,510.8251762390137,432
Roma,4400,12.484856435611883,41.853938570585676,419.7498664855957,432
Roma,4400,12.458746711831683,41.863342724057745,542.4380874633789,432
Roma,4400,12.585328474619509,41.82265523481009,286.49625968933105,432
Roma,4400,12.488978131442297,41.93949387545571,108.37995910644531,432
Roma,4400,12.395998924751787,41.95947012886089,204.2304229736328,432
Roma,4400,12.46118347201691,41.84883850828264,546.0264892578125,432
Roma,4400,12.36093073949078,41.7821382465161,702.2599983215332,432
Roma,4400,12.543966008263007,41.84438310863007,393.3914794921875,432
Roma,4400,12.475599770284383,41.80409037920472,113.10809326171875,432
Roma,4400,12.468164744103131,41.88324521025813,633.2871208190918,432
Roma,4400,12.658829597321127,41.95391852355188,173.68399047851562,432
Roma,4400,12.479088661971474,41.9479561049459,356.0172462463379,432
Roma,4400,12.514175374181782,41.791484596645766,275.6028289794922,432
Roma,4400,12.621557065749732,41.830127000736546,400.39895248413086,432
Roma,4400,12.423356856306887,41.80327689524821,488.0384216308594,432
Roma,4400,12.4264475825227,41.84666552152429,641.686637878418,432
Roma,4400,12.570372438726649,41.95221933319827,188.3137722015381,432
Roma,4400,12.666369150776541,41.8253354789716,242.94401359558105,432
Roma,4400,12.385838998914203,41.91407731236148,631.4254302978516,432
Roma,4400,12.370035266048191,41.78926233264368,452.259464263916,432
Roma,4400,12.511968255702634,41.842542147652416,393.27543449401855,432
Roma,4400,12.388530467452066,41.91351536385294,545.4804534912109,432
Roma,4400,12.486061960478466,41.86416921042065,616.1139907836914,432
Roma,4400,12.64458397205214,41.97903354150939,295.53328132629395,432
Roma,4400,12.57310281922114,41.88683186182758,621.4237403869629,432
Roma,4400,12.362592946807759,41.87589605869384,211.65074729919434,432
Roma,4400,12.545830151890566,41.9237486137943,410.7938919067383,432
Roma,4400,12.474314331150055,41.901883367171145,848.7283020019531,432
Roma,4400,12.676052354148467,41.87801968204305,213.78961944580078,432
Roma,4400,12.510930911582797,41.96442703624819,367.9697666168213,432
Roma,4400,12.531884044818257,41.86680827127633,523.5164070129395,432
Roma,4400,12.518734038282947,41.83102096043518,360.97452545166016,432
Roma,4400,12.666574393408386,41.885849689830074,499.78014755249023,432
Roma,4400,12.521711329092986,41.89884706514762,878.7259902954102,432
Roma,4400,12.555359916954137,41.93464721659564,667.3303565979004,432
Roma,4400,12.488834206593221,41.82257009374471,715.0134773254395,432
Roma,4400,12.563916579438587,41.94016479508627,351.38430404663086,432
Roma,4400,12.523395216740317,41.96079247616977,652.9538345336914,432
Roma,4400,12.534456116178028,41.86607165244632,589.7877159118652,432
Roma,4400,12.40530894546857,41.78805980664047,287.8176746368408,432
Roma,4400,12.48840314284801,41.92113405672938,739.6496810913086,432
Roma,4400,12.589078549652921,41.79742460245296,205.9384822845459,432
Roma,4400,12.512407699384871,41.89849936958167,902.3942031860352,432
Roma,4400,12.60637536219704,41.91669880974375,441.5472888946533,432
Roma,4400,12.384890547190881,41.893728417021116,162.67362213134766,432
Roma,4400,12.546105034163638,41.874223262313436,1010.4429168701172,432
Roma,4400,12.442124665353004,41.77656618240407,239.0407543182373,432
Roma,4400,12.594704047902495,41.9081355775082,393.4772605895996,432
Roma,4400,12.49109565974515,41.86270829280051,987.083984375,432
Roma,4400,12.423164437838643,41.8503534543026,491.7391891479492,432
Roma,4400,12.582274300217046,41.85107194990808,365.40269470214844,432
Roma,4400,12.418562511624298,41.79779255740574,253.77563095092773,432
Roma,4400,12.506260800499664,41.94833350153999,34.910905838012695,432
Roma,4400,12.412479182607939,41.870237855312986,289.1350841522217,432
Roma,4400,12.584708781884975,41.897069431517124,324.5154724121094,432
Roma,4400,12.560554908842146,41.86177373733428,566.9843254089355,432
Roma,4400,12.414592997735197,41.92373204404991,878.8148574829102,432
Roma,4400,12.460021958437467,41.93491012784879,302.4854373931885,432
Roma,4400,12.437222128764564,41.89245374218591,492.68641090393066,432
Roma,4400,12.538269700459866,41.85929565285297,620.2382202148438,432
Roma,4400,12.61115168030163,41.80767699213731,449.8175621032715,432
Roma,4400,12.476772153729602,41.88630466735641,365.3671684265137,432
Roma,4400,12.378234577779123,41.939095427413314,462.37581634521484,432
Roma,4400,12.634601018521392,41.938235630871205,305.178409576416,432
Roma,4400,12.523206038592,41.89042365727836,1152.3840255737305,432
Roma,4400,12.524999229899997,41.81542349216392,33.402015686035156,432
Roma,4400,12.46846565632564,41.78755559071893,439.9729251861572,432
Roma,4400,12.562208708736348,41.87494578469896,300.867395401001,432
Roma,4400,12.545329260771563,41.88537655402673,628.6010246276855,432
Roma,4400,12.685817479542804,41.86718881419904,905.6189308166504,432
Roma,4400,12.376018700056068,41.917476398233475,493.3777446746826,432
Roma,4400,12.50285873329017,41.886465338381036,787.513355255127,432
Roma,4400,12.592942720432832,41.77625519867469,306.0297317504883,432
Roma,4400,12.46176845543861,41.91800117010215,630.8146781921387,432
Roma,4400,12.680064307552682,41.78726099960036,192.88445472717285,432
Roma,4400,12.430730995634425,41.86248305827511,234.54539680480957,432
Roma,4400,12.462028084805539,41.90892466150085,1120.1622695922852,432
Roma,4400,12.471490195867226,41.90428436764814,705.565896987915,432
Roma,4400,12.564817899278324,41.874921403778174,266.4503479003906,432
Roma,4400,12.462165057291397,41.8724806185171,885.816276550293,432
Roma,4400,12.506548573586246,41.92152781196079,614.3696899414062,432
Roma,4400,12.598755980323299,41.84041304853507,594.9993133544922,432
Roma,4400,12.515086666760865,41.97362992962759,597.5601234436035,432
Roma,4400,12.394399289493808,41.90676789273581,598.1769905090332,432
Roma,4400,12.658279424210198,41.90696457308295,116.94681358337402,432
Roma,4400,12.463018047644391,41.94465420610441,632.7148857116699,432
Roma,4400,12.649893107122963,41.950704350785685,331.1310920715332,432
Roma,4400,12.420384350709991,41.835872534624706,263.3516540527344,432
Roma,4400,12.456840967669084,41.9192332317062,525.6247291564941,432
Roma,4400,12.64851780916783,41.819164407547206,150.85108757019043,432
Roma,4400,12.573690218417376,41.857546668077525,517.9785461425781,432
Roma,4400,12.403018612585434,41.96447018588076,587.698408126831,432
Roma,4400,12.618910433082284,41.86813038033279,715.8361320495605,432
Roma,4400,12.415983636730077,41.848383803185605,357.9871368408203,432
Roma,4400,12.447709274257186,41.789350253418505,364.5618305206299,432
Roma,4400,12.441119268960659,41.92330060887609,474.63098907470703,432
Roma,4400,12.649106142347717,41.86010369165768,263.39420890808105,432
Roma,4400,12.464163209636325,41.88811410683884,256.63076400756836,432
Roma,4400,12.569875379460974,41.85345003192477,374.6706848144531,432
Roma,4400,12.58302725230326,41.804863530182864,241.74752044677734,432
Roma,4400,12.561650641043716,41.830818767778794,463.15660858154297,432
Roma,4400,12.57664886266882,41.913756499116026,450.6473693847656,432
Roma,4400,12.610564377545582,41.82692688223706,563.6128234863281,432
Roma,4400,12.648123667500856,41.891272917869635,156.56067276000977,432
Roma,4400,12.507491935004873,41.89646246371434,380.12415313720703,432
Roma,4400,12.520500901168704,41.87296273318778,889.533763885498,432
Roma,4400,12.527508736813015,41.80889423655413,254.77347564697266,432
Roma,4400,12.449820719756937,41.84159647532926,264.3606128692627,432
Roma,4400,12.47231907750334,41.87885883811546,636.2869091033936,432
Roma,4400,12.471522203100115,41.94147666541504,839.7237815856934,432
Roma,4400,12.54980161230603,41.96647914953277,306.7747173309326,432
Roma,4400,12.58766101941242,41.92215747696217,150.76239204406738,432
Roma,4400,12.377913344452283,41.88045515402459,83.68255615234375,432
Roma,4400,12.40594428169687,41.82264379506289,218.4253158569336,432
Roma,4400,12.673994005087932,41.87949948806514,260.8401908874512,432
Roma,4400,12.558903380146033,41.92433178308464,167.9298973083496,432
Roma,4400,12.599870058645081,41.87069213708508,488.7152557373047,432
Roma,4400,12.603515978690046,41.94834176404846,335.36848640441895,432
Roma,4400,12.490113011516401,41.865918716547554,638.1665191650391,432
Roma,4400,12.476646588226274,41.83810823669654,293.74205780029297,432
Roma,4400,12.613031666774223,41.80120228981766,128.55939102172852,432
Roma,4400,12.597623905993212,41.79949825725995,477.95951080322266,432
Roma,4400,12.513356875433296,41.900758598002426,724.0862808227539,432
Roma,4400,12.654029319109597,41.97993297683878,243.0724582672119,432
Roma,4400,12.49648654718788,41.83414224477579,260.4920063018799,432
Roma,4400,12.638732552238583,41.93006908108777,258.2023468017578,432
Roma,4400,12.55755419208464,41.911522032501736,402.6477279663086,432
Roma,4400,12.674899182739079,41.78580243596558,261.0691432952881,432
Roma,4400,12.436461653769422,41.925511934578346,145.79376220703125,432
Roma,4400,12.608326910035508,41.79849022661336,584.2178268432617,432
Roma,4400,12.442053273853222,41.81319484269022,465.71849632263184,432
Roma,4400,12.372987135177004,41.92237900785533,586.836555480957,432
Roma,4400,12.538741377417265,41.9052238065403,617.9044609069824,432
Roma,4400,12.506633361130996,41.88000615009332,567.1779441833496,432
Roma,4400,12.441327066984332,41.92897405025269,302.7198829650879,432
Roma,4400,12.472629303163611,41.82826067725963,720.2329254150391,432
Roma,4400,12.60925383235754,41.9134414272552,603.0438385009766,432
Roma,4400,12.519223018098225,41.8871860597968,826.2546081542969,432
Roma,4400,12.547794856796362,41.92728054573811,398.385534286499,432
Roma,4400,12.69962902525619,41.77655129842411,252.82419395446777,432
Roma,4400,12.518936319339286,41.93449257502183,442.7970447540283,432
Roma,4400,12.457567170113167,41.916123812985816,765.0640296936035,432
Roma,4400,12.663904976043517,41.91984436941208,171.00333786010742,432
Roma,4400,12.616815301438224,41.880689993911936,663.4726390838623,432
Roma,4400,12.369860953209884,41.78596453410148,731.143424987793,432
Roma,4400,12.54928113139764,41.86870322703157,565.3348350524902,432
Roma,4400,12.389553787648873,41.788004891144595,247.5612907409668,432
Roma,4400,12.419990881061779,41.848545187739326,473.13073348999023,432
Roma,4400,12.523644380572748,41.933265268187995,395.8092784881592,432
Roma,4400,12.550593977818917,41.918769198950116,427.2863464355469,432
Roma,4400,12.471239390731624,41.853985885964484,751.9374198913574,432
Roma,4400,12.42499942597875,41.939611808087534,844.542610168457,432
Roma,4400,12.608316500341328,41.85639101877845,593.8371448516846,432
Roma,4400,12.650833295674389,41.964503569436935,186.6376838684082,432
Roma,4400,12.546859863412338,41.94714248660661,680.2151794433594,432
Roma,4400,12.657294595169704,41.82476408984683,77.06002998352051,432
Roma,4400,12.494758994039184,41.86976362018411,468.8582954406738,432
Roma,4400,12.647324451283284,41.95907632425144,394.559757232666,432
Roma,4400,12.481550613963611,41.89787757268582,694.7686462402344,432
Roma,4400,12.505949033628525,41.97390937227704,351.90893936157227,432
Roma,4400,12.484168252673722,41.862505854497776,625.1303634643555,432
Roma,4400,12.689467290406233,41.78312246213496,316.88096809387207,432
Roma,4400,12.558280591273741,41.89861301679027,587.8019008636475,432
Roma,4400,12.448536268082831,41.89526839426542,713.6212730407715,432
Roma,4400,12.614234808879573,41.88689183672865,211.63262748718262,432
Roma,4400,12.477782137471461,41.82666885867467,815.818546295166,432
Roma,4400,12.510258266268629,41.836644067267706,670.751766204834,432
Roma,4400,12.569918068056172,41.92302651659627,237.7804470062256,432
Roma,4400,12.451823868101828,41.9680402922075,294.7357692718506,432
Roma,4400,12.581182972222253,41.931292825742446,395.0567321777344,432
Roma,4400,12.697178890128468,41.848495175768115,86.68441772460938,432
Roma,4400,12.580553170536668,41.878801502070345,658.9618110656738,432
Roma,4400,12.387966659097378,41.915851185761,573.1701965332031,432
Roma,4400,12.445264606375098,41.87308976977084,776.5241546630859,432
Roma,4400,12.58625355447504,41.843127235949545,241.39070892333984,432
Roma,4400,12.572002295299946,41.902222958655585,205.0452423095703,432
Roma,4400,12.480679050598882,41.809575983031664,836.3177013397217,432
Roma,4400,12.65112049510664,41.90923156595335,134.33385848999023,432
Roma,4400,12.533396575393908,41.93110625182179,642.3315925598145,432
Roma,4400,12.515934241652502,41.957225692901254,930.248384475708,432
Roma,4400,12.579175570621585,41.94118482261457,285.9874687194824,432
Roma,4400,12.486618010993663,41.81579042669585,659.4409637451172,432
Roma,4400,12.479937954979833,41.955388331244706,154.58803176879883,432
Roma,4400,12.584450377279415,41.81524699908027,55.67991638183594,432
Roma,4400,12.582630315711576,41.8320102788498,444.7873229980469,432
Roma,4400,12.678180028227187,41.86470171850081,822.581729888916,432
Roma,4400,12.536919739164636,41.88328683810823,862.4726753234863,432
Roma,4400,12.458528765503091,41.884724783823906,775.58740234375,432
Roma,4400,12.645752373074552,41.962608940003484,355.56005859375,432
Roma,4400,12.491674649595021,41.823091172771015,318.37701416015625,432
Roma,4400,12.418097967666453,41.88515018302844,582.7892951965332,432
Roma,4400,12.437808497174162,41.92950019584377,268.8292427062988,432
Roma,4400,12.695205321065442,41.88529092512198,302.7970657348633,432
Roma,4400,12.558413513644325,41.91517591217317,528.0014038085938,432
Roma,4400,12.502854022672167,41.88107164744587,574.0931167602539,432
Roma,4400,12.590430546767116,41.93994515684184,316.00732040405273,432
Roma,4400,12.536874559734624,41.95841970532543,403.7001533508301,432
Roma,4400,12.4886992133891,41.87421166063443,735.4823207855225,432
Roma,4400,12.616223275817577,41.81311057429672,812.323127746582,432
Roma,4400,12.646718721919969,41.928761369323404,686.1195297241211,432
Roma,4400,12.44075773546579,41.87155685173117,551.8333282470703,432
Roma,4400,12.599256368773926,41.812565029937616,471.3972911834717,432
Roma,4400,12.695798870555238,41.94571923522333,174.44351959228516,432
Roma,4400,12.394301047669625,41.9024986891297,529.3970413208008,432
Roma,4400,12.688696447947995,41.85459722841161,226.05533981323242,432
Roma,4400,12.44486235634134,41.823705056631034,656.2124652862549,432
Roma,4400,12.451694264530849,41.9546870765613,364.5278129577637,432
Roma,4400,12.491634467817,41.885720334577904,480.79208183288574,432
Roma,4400,12.480291086748009,41.90053072114499,1045.2157249450684,432
Roma,4400,12.610747053212544,41.812991736057974,812.9151916503906,432
Roma,4400,12.618477222403822,41.97367300778488,261.4074077606201,432
Roma,4400,12.555991748872547,41.856606458633,738.3391418457031,432
Roma,4400,12.417075346667446,41.90867892917643,391.21891021728516,432
Roma,4400,12.473455681724543,41.84908441529296,342.6002254486084,432
Roma,4400,12.536344431721833,41.880973519449476,636.0206756591797,432
Roma,4400,12.520370560335076,41.904128058925,630.4953727722168,432
Roma,4400,12.39642545246719,41.92176666909137,403.13489151000977,432
Roma,4400,12.452871131173767,41.85069542808546,503.2477569580078,432
Roma,4400,12.50965211685971,41.82250798277518,512.6357383728027,432
Roma,4400,12.538259260256133,41.942018888985935,423.397310256958,432
Roma,4400,12.524236830906277,41.884151289214614,983.9278182983398,432
Roma,4400,12.531053713158895,41.790658733299345,225.07369422912598,432
Roma,4400,12.538257598356678,41.94911046341495,642.0775489807129,432
Roma,4400,12.420421102352549,41.863376467545,144.04946327209473,432
Roma,4400,12.456293632768533,41.961385861384834,430.2384948730469,432
Roma,4400,12.61486252235465,41.90716126706217,256.2815589904785,432
Roma,4400,12.699851870544896,41.953470126988414,311.1912899017334,432
Roma,4400,12.503376830063523,41.913011255675215,1092.126106262207,432
Roma,4400,12.601533269223667,41.87237529529814,390.777530670166,432
Roma,4400,12.367706278485716,41.94289909545285,418.7415523529053,432
Roma,4400,12.402058726855687,41.82329829741561,254.76347160339355,432
Roma,4400,12.681087052022422,41.9011077796479,485.19230461120605,432
Roma,4400,12.45579428220695,41.96539524040244,357.5912799835205,432
Roma,4400,12.53924007237858,41.884684523312686,815.4591522216797,432
Roma,4400,12.533232796891523,41.93843906771853,625.6264877319336,432
Roma,4400,12.560427430104419,41.827862874575544,487.167423248291,432
Roma,4400,12.435215403336146,41.86386715005152,250.66123580932617,432
Roma,4400,12.568283756531283,41.856926102173105,651.9546928405762,432
Roma,4400,12.421984241529756,41.89161169357276,355.15532302856445,432
Roma,4400,12.4065029000852,41.88932102601854,496.0603771209717,432
Roma,4400,12.432549545411355,41.970795411254926,301.4447078704834,432
Roma,4400,12.481240553585128,41.79151978388043,151.7324733734131,432
Roma,4400,12.43248083752233,41.85106929637128,430.91740798950195,432
Roma,4400,12.472524574744618,41.94959080022044,358.2057876586914,432
Roma,4400,12.628772595886703,41.83426403091078,125.1529426574707,432
Roma,4400,12.688983952282168,41.91697335563666,302.6171531677246,432
Roma,4400,12.488759319939437,41.90215550626828,936.4223518371582,432
Roma,4400,12.491798218087066,41.900737290057975,726.5919075012207,432
Roma,4400,12.537440670195112,41.90307467424312,467.6761054992676,432
Roma,4400,12.621507874911508,41.780686366871706,124.46846580505371,432
Roma,4400,12.558304241778066,41.875346018944875,358.1889533996582,432
Roma,4400,12.400751459367948,41.88661543326879,176.37057876586914,432
Roma,4400,12.485310084652719,41.88076808706099,917.0259666442871,432
Roma,4400,12.618076568013588,41.792231518792526,446.7242965698242,432
Roma,4400,12.610275557024961,41.81952051401185,460.9165802001953,432
Roma,4400,12.440687789289576,41.860088066367155,787.4131546020508,432
Roma,4400,12.53105335350634,41.870482945179276,360.2455139160156,432
Roma,4400,12.426893987698241,41.94651057052869,456.8660354614258,432
Roma,4400,12.566678356423608,41.906000458496614,484.45249366760254,432
Roma,4400,12.527068570470698,41.95701388197366,763.5430679321289,432
Roma,4400,12.474087113617914,41.9507396937782,228.60906982421875,432
Roma,4400,12.444380295330914,41.84595874031127,365.7668056488037,432
Roma,4400,12.382925844712293,41.93351261035202,278.66734886169434,432
Roma,4400,12.648475554897985,41.942015220924866,357.72586822509766,432
Roma,4400,12.481997498011621,41.8796725402573,525.092098236084,432
Roma,4400,12.56019845400622,41.87838329888412,557.7050399780273,432
Roma,4400,12.450661435987358,41.959457299389356,414.5922088623047,432
Roma,4400,12.413748750817199,41.91568442393111,585.3371276855469,432
Roma,4400,12.537810439218608,41.87072451814316,505.3317642211914,432
Roma,4400,12.504620564997825,41.89573025193278,820.3920288085938,432
Roma,4400,12.443785792192454,41.796140743536434,230.73077011108398,432
Roma,4400,12.491195396567042,41.83785356264596,499.56304359436035,432
Roma,4400,12.672881064444587,41.92125376867306,246.60823249816895,432
Roma,4400,12.520003337346733,41.94938414033314,524.9764060974121,432
Roma,4400,12.426302867279354,41.893569781468564,504.46714973449707,432
Roma,4400,12.475671799249069,41.907361631029964,705.0794448852539,432
Roma,4400,12.490366987055939,41.79093544464554,351.65699195861816,432
Roma,4400,12.475152406823154,41.92572534952039,713.2007331848145,432
Roma,4400,12.685094727736825,41.77928079738153,406.1696605682373,432
Roma,4400,12.513898264413575,41.879831244817346,816.4455795288086,432
Roma,4400,12.531375123355563,41.95881094592827,267.28885650634766,432
Roma,4400,12.48009412972462,41.90391243527446,860.349967956543,432
Roma,4400,12.53015392839055,41.793174140072,125.53146171569824,432
Roma,4400,12.42374269553991,41.90299149437167,747.3852577209473,432
Roma,4400,12.597582157269803,41.89337940189665,310.1887454986572,432
Roma,4400,12.513422230001426,41.881964835789724,782.9942817687988,432
Roma,4400,12.413460117245775,41.90919542971892,590.7388763427734,432
Roma,4400,12.408744887686787,41.89896074785377,671.8887786865234,432
Roma,4400,12.481589749763717,41.840236266662004,541.6533088684082,432
Roma,4400,12.514696966577423,41.9126610849186,815.9077396392822,432
Roma,4400,12.381095231518335,41.781700012818646,599.2395858764648,432
Roma,4400,12.544658574576275,41.926876608147275,316.23480796813965,432
Roma,4400,12.668990913563169,41.90773524338413,264.35367584228516,432
Roma,4400,12.608122542094044,41.91148200759241,604.4101409912109,432
Roma,4400,12.5558607184806,41.910269796794566,523.7081565856934,432
Roma,4400,12.550538290167692,41.87097259551269,450.5060691833496,432
Roma,4400,12.57739288107936,41.9374969690248,347.3124408721924,432
Roma,4400,12.589305396286015,41.909728626661135,283.5863628387451,432
Roma,4400,12.652703960819675,41.911726888313254,206.19891166687012,432
Roma,4400,12.450690187703895,41.791472769495684,333.4402160644531,432
Roma,4400,12.423508535232525,41.80061801292635,359.78581047058105,432
Roma,4400,12.377807123693273,41.7824033304093,660.2825660705566,432
Roma,4400,12.58719195422979,41.88167454056091,287.4429416656494,432
Roma,4400,12.636095560519795,41.91947691527665,56.21025466918945,432
Roma,4400,12.487533169863543,41.93251206863409,274.1357116699219,432
Roma,4400,12.586554426570766,41.89486575671103,561.3474922180176,432
Roma,4400,12.603979349717479,41.87626283352765,183.98092079162598,432
Roma,4400,12.613300057266452,41.90658941232856,203.6194362640381,432
Roma,4400,12.37625432624316,41.925512515576926,477.27276611328125,432
Roma,4400,12.569325433091631,41.880838492405125,821.3271484375,432
Roma,4400,12.44877924111859,41.853954663281144,750.502311706543,432
Roma,4400,12.387289735274106,41.95082356287798,379.52413749694824,432
Roma,4400,12.425806943482826,41.9049117794197,413.15065574645996,432
Roma,4400,12.675390998051194,41.88788702579062,312.35546493530273,432
Roma,4400,12.360560779222789,41.923386383075304,269.7842788696289,432
Roma,4400,12.46085613163484,41.92026387092859,507.86783599853516,432
Roma,4400,12.492411350835873,41.91659935992072,616.5979499816895,432
Roma,4400,12.548479771012639,41.969005387066574,448.33967208862305,432
Roma,4400,12.540816578176523,41.917318396078315,565.4780883789062,432
Roma,4400,12.592682155688957,41.85497923859873,424.96078300476074,432
Roma,4400,12.432639242677613,41.97306126637347,261.42761993408203,432
Roma,4400,12.515797273041192,41.95355375298673,609.5304946899414,432
Roma,4400,12.648061669020933,41.877962655902316,466.4502925872803,432
Roma,4400,12.388685026371098,41.79148856719556,406.64996337890625,432
Roma,4400,12.579906717930914,41.91151718559083,368.1457214355469,432
Roma,4400,12.5103634852404,41.83432213556359,642.4984245300293,432
Roma,4400,12.558916130973492,41.895278446078635,650.7502212524414,432
Roma,4400,12.479936365246497,41.81276604187796,381.65161514282227,432
Roma,4400,12.663749996694179,41.95542273345601,72.60948944091797,432
Roma,4400,12.564285865580958,41.97903578715551,153.46943855285645,432
Roma,4400,12.452685418215058,41.89814109244796,1018.6723785400391,432
Roma,4400,12.456561004450005,41.88409436983949,584.1956558227539,432
Roma,4400,12.513424143005219,41.96295496329326,503.95059394836426,432
Roma,4400,12.66724946046499,41.888604237929115,449.5604305267334,432
Roma,4400,12.61641711616887,41.893389180236426,53.55986404418945,432
Roma,4400,12.490048128152976,41.86989490331791,529.074296951294,432
Roma,4400,12.636254239316424,41.85207849206357,35.830718994140625,432
Roma,4400,12.54223097401256,41.839650575454044,535.676908493042,432
Roma,4400,12.639010776393832,41.86041956673373,741.6046600341797,432
Roma,4400,12.617746073261683,41.83137819649342,477.3838539123535,432
Roma,4400,12.36081376710065,41.77625066223122,495.7853012084961,432
Roma,4400,12.516243901205304,41.88668435050203,833.3151245117188,432
Roma,4400,12.525717360160128,41.88764557849209,685.3948593139648,432
Roma,4400,12.42257916265246,41.872324753515635,560.6040916442871,432
Roma,4400,12.471260905849038,41.945814427949074,612.5656509399414,432
Roma,4400,12.673773660511705,41.85478004840639,545.393440246582,432
Roma,4400,12.639052812577166,41.92747350218923,581.4779987335205,432
Roma,4400,12.414760692473353,41.84368771273433,98.02606773376465,432
Roma,4400,12.516927135210327,41.872286603924735,687.8961982727051,432
Roma,4400,12.514194729066354,41.92147657447713,829.3128433227539,432
Roma,4400,12.675054927814374,41.866452777854114,750.6255111694336,432
Roma,4400,12.447695417167424,41.848300070006026,368.55777740478516,432
Roma,4400,12.603120267377243,41.86078098285149,648.3820838928223,432
Roma,4400,12.67771127164138,41.884782457178204,431.02996826171875,432
Roma,4400,12.437988354636214,41.92558545311534,280.9938507080078,432
Roma,4400,12.534786661477238,41.963542654341346,441.8821506500244,432
Roma,4400,12.412832248959791,41.94884181558498,132.11411666870117,432
Roma,4400,12.516360875469365,41.923752214820546,883.9637031555176,432
Roma,4400,12.603882357162243,41.91498511175051,416.9815044403076,432
Roma,4400,12.542119154029173,41.92500320600903,265.4977397918701,432
Roma,4400,12.451289358982116,41.909977178755305,1028.476821899414,432
Roma,4400,12.649375065476573,41.8905583527848,87.00081253051758,432
Roma,4400,12.647796776003046,41.94001887900371,457.64924812316895,432
Roma,4400,12.4817175355042,41.917348166173134,687.2156753540039,432
Roma,4400,12.53089695322213,41.89918563573961,486.9535312652588,432
Roma,4400,12.39421118853699,41.82239565098595,303.0394401550293,432
Roma,4400,12.64068063204122,41.8266553024504,310.0875701904297,432
Roma,4400,12.557810936598726,41.86284204264863,867.6195220947266,432
Roma,4400,12.590931352105928,41.85886710731136,367.83245849609375,432
Roma,4400,12.474347233845531,41.895572393465386,813.1576385498047,432
Roma,4400,12.454139403052762,41.91983558205489,446.01017570495605,432
Roma,4400,12.467169823117972,41.917973998918896,917.8695106506348,432
Roma,4400,12.573858724766009,41.87341320539996,846.3969268798828,432
Roma,4400,12.466546784584676,41.92356498175298,730.990255355835,432
Roma,4400,12.57093712351744,41.84960587653228,229.7627468109131,432
Roma,4400,12.453639390681474,41.85639712678685,730.3895568847656,432
Roma,4400,12.483959913530642,41.901335388331844,681.6430435180664,432
Roma,4400,12.673273199090294,41.89424884336255,332.6261863708496,432
Roma,4400,12.449867398599851,41.81590221916441,231.20143508911133,432
Roma,4400,12.544076159394079,41.84130518479942,527.5228424072266,432
Roma,4400,12.530196586035393,41.90184715838756,495.20037841796875,432
Roma,4400,12.554354618005371,41.90832549981064,456.25481033325195,432
Roma,4400,12.383974157800276,41.78757936393099,495.7765083312988,432
Roma,4400,12.473483737863587,41.88910781720579,453.7721538543701,432
Roma,4400,12.420816380434161,41.90665341832173,740.5469360351562,432
Roma,4400,12.486263206101476,41.87824075243211,405.2799835205078,432
Roma,4400,12.624605394200486,41.86704309545909,1033.1873016357422,432
Roma,4400,12.62592832921851,41.855131817288786,364.0045509338379,432
Roma,4400,12.607049504670053,41.812798920556304,732.6026229858398,432
Roma,4400,12.448539955679905,41.85062163886603,584.0186538696289,432
Roma,4400,12.450865707775172,41.84999076944707,641.4409790039062,432
Roma,4400,12.492031203863691,41.910423590521624,578.4198875427246,432
Roma,4400,12.568306192673738,41.83248461806751,437.0150032043457,432
Roma,4400,12.605060610747811,41.838429265442095,449.4194030761719,432
Roma,4400,12.623516366704854,41.81021100185288,611.0117321014404,432
Roma,4400,12.619142857518243,41.978520461073586,264.09374046325684,432
Roma,4400,12.401307401218961,41.88290052040743,315.1440601348877,432
Roma,4400,12.445133614433447,41.78925621942504,243.6346206665039,432
Roma,4400,12.41147334760954,41.912575879163676,611.7800731658936,432
Roma,4400,12.44542243363051,41.90301039852215,591.1235885620117,432
Roma,4400,12.48194357124221,41.92434996784339,967.4334335327148,432
Roma,4400,12.625256573263286,41.80844517630838,272.3614082336426,432
Roma,4400,12.578543910699459,41.86680190215327,668.1746025085449,432
Roma,4400,12.629470087798364,41.86396921843473,1019.4414558410645,432
Roma,4400,12.597083832663136,41.8105599344817,281.96094512939453,432
Roma,4400,12.535059867191602,41.94399529770699,879.5919952392578,432
Roma,4400,12.5641807150659,41.88166307096551,725.6794052124023,432
Roma,4400,12.429840259113611,41.93235097375959,556.1153144836426,432
Roma,4400,12.518967632731504,41.8197871933171,196.7702407836914,432
Roma,4400,12.39394977325449,41.78880744142669,300.95377349853516,432
Roma,4400,12.405442588654852,41.87259633630861,449.85127449035645,432
Roma,4400,12.58516970886416,41.85573692749597,621.2768878936768,432
Roma,4400,12.492670157447181,41.931640020508,342.5465717315674,432
Roma,4400,12.409813552782751,41.846992643604565,92.07014083862305,432
Roma,4400,12.67730061231746,41.778879683081314,192.41043853759766,432
Roma,4400,12.431692905384184,41.860352711865005,173.15011596679688,432
Roma,4400,12.581831289619428,41.80327066421487,160.1953582763672,432
Roma,4400,12.469887512730118,41.87211919634786,535.4496746063232,432
Roma,4400,12.631139038356041,41.97024490272757,276.70141983032227,432
Roma,4400,12.671681098565978,41.85591913334068,566.5212631225586,432
Roma,4400,12.604311135437328,41.796396078440466,434.59128189086914,432
Roma,4400,12.46205479305649,41.86099318847846,314.55381774902344,432
Roma,4400,12.459898738977076,41.916223988257904,663.5608444213867,432
Roma,4400,12.37296091600584,41.934412456824326,276.3961124420166,432
Roma,4400,12.525580572870835,41.93140485276151,759.131290435791,432
Roma,4400,12.414576277509584,41.85609934528331,247.69531440734863,432
Roma,4400,12.529731788217878,41.913429895717705,377.78617668151855,432
Roma,4400,12.520301186291121,41.81736231554618,92.09664916992188,432
Roma,4400,12.41188824564164,41.88912080239102,418.7287254333496,432
Roma,4400,12.426794838548135,41.92532823267529,460.0122375488281,432
Roma,4400,12.660805384301444,41.85261535362007,170.8787670135498,432
Roma,4400,12.674271227564883,41.87760269753014,395.49686431884766,432
Roma,4400,12.414690944737105,41.90060233548459,851.9712371826172,432
Roma,4400,12.576557166939606,41.93918089467903,393.7548065185547,432
Roma,4400,12.540059247533144,41.91232715990043,706.8954849243164,432
Roma,4400,12.585527367284172,41.88536598312279,317.31177139282227,432
Roma,4400,12.612005935293812,41.778937079428026,272.3754711151123,432
Roma,4400,12.464586427087767,41.83206376571079,637.6065292358398,432
Roma,4400,12.363477428441758,41.941113625206214,190.1653881072998,432
Roma,4400,12.533512836054186,41.78647742353947,188.20172119140625,432
Roma,4400,12.48899202047731,41.788724984904135,249.4459285736084,432
Roma,4400,12.408193459647794,41.82264678624558,269.42326736450195,432
Roma,4400,12.611527382360608,41.93547431922889,254.2059326171875,432
Roma,4400,12.599886634660189,41.79903869476939,441.8889846801758,432
Roma,4400,12.511138212832465,41.923240537344554,878.8011856079102,432
Roma,4400,12.439578420235957,41.86504611960333,500.9967269897461,432
Roma,4400,12.476671206522287,41.92164888981816,739.7048263549805,432
Roma,4400,12.435031377890985,41.925024820265804,203.05098724365234,432
Roma,4400,12.51410431295362,41.78462809732409,155.31984901428223,432
Roma,4400,12.557243281536808,41.86576377947787,717.255334854126,432
Roma,4400,12.361519299198322,41.77998959673382,857.6479339599609,432
Roma,4400,12.42668201830323,41.90247928548814,595.2344589233398,432
Roma,4400,12.600050367272772,41.817190906126925,333.54011154174805,432
Roma,4400,12.665864324571949,41.96333363144839,283.4446487426758,432
Roma,4400,12.36540286931965,41.783256177803985,714.8630752563477,432
Roma,4400,12.545586705430607,41.94095598788764,474.2022647857666,432
Roma,4400,12.533811216701322,41.90159682103641,872.2191848754883,432
Roma,4400,12.534929006565411,41.95659108163302,484.3790874481201,432
Roma,4400,12.573946151964812,41.81165365944032,76.42157173156738,432
Roma,4400,12.380693351722064,41.916532431187086,394.2329158782959,432
Roma,4400,12.576387309569348,41.89129420513333,727.1899642944336,432
Roma,4400,12.561673481956763,41.85418178106149,625.2777557373047,432
Roma,4400,12.560107048496066,41.85657423678639,589.3531036376953,432
Roma,4400,12.477989286001423,41.82141895346663,663.3759841918945,432
Roma,4400,12.412580755462121,41.95476781543037,305.0153522491455,432
Roma,4400,12.465195714884118,41.919750340055174,695.7752838134766,432
Roma,4400,12.49713522481713,41.9140090928488,385.6672019958496,432
Roma,4400,12.482018680255313,41.811478548967905,553.6127395629883,432
Roma,4400,12.4942228067452,41.86375507787731,499.49382400512695,432
Roma,4400,12.657313162851892,41.94509936433287,96.19358444213867,432
Roma,4400,12.618077173438007,41.87118825472349,604.5277938842773,432
Roma,4400,12.579440898962506,41.8751494122956,774.8394584655762,432
Roma,4400,12.367598865022824,41.9179188383055,633.409610748291,432
Roma,4400,12.564963821934331,41.97635050571741,300.30123138427734,432
Roma,4400,12.478879026383694,41.87887289858246,837.1157722473145,432
Roma,4400,12.695374246459064,41.95073219509653,348.1662940979004,432
Roma,4400,12.38498737961312,41.94334398960128,567.6816139221191,432
Roma,4400,12.674736520292381,41.915279534211294,262.61679458618164,432
Roma,4400,12.363646580627071,41.919961001664674,403.5078754425049,432
Roma,4400,12.528447517775433,41.87274195923903,518.0502014160156,432
Roma,4400,12.58215985788311,41.86834024108597,666.6269836425781,432
Roma,4400,12.576202489833022,41.85602445654615,380.48379707336426,432
Roma,4400,12.434503739557655,41.87460865362148,193.29203987121582,432
Roma,4400,12.578776896936299,41.89200275658594,310.69423484802246,432
Roma,4400,12.465720229126884,41.84237711173779,190.1859645843506,432
Roma,4400,12.484969796511514,41.83732495909371,423.84470558166504,432
Roma,4400,12.493312288441178,41.88268737614094,77.12226104736328,432
Roma,4400,12.526960805447114,41.90307011439258,702.712760925293,432
Roma,4400,12.687336253456388,41.85934715026835,802.5986404418945,432
Roma,4400,12.415954659820715,41.91085555934886,740.7552871704102,432
Roma,4400,12.597653160005821,41.902713461226945,100.15077590942383,432
Roma,4400,12.62930587667798,41.939207578636605,404.20556831359863,432
Roma,4400,12.480270103482665,41.88351608605661,707.6005630493164,432
Roma,4400,12.536469220613247,41.88581910370679,755.3214111328125,432
Roma,4400,12.43501152493964,41.81118575285566,344.8016128540039,432
Roma,4400,12.45012974840834,41.9514313687001,566.4826335906982,432
Roma,4400,12.572616871123792,41.91679876331324,564.2124328613281,432
Roma,4400,12.690292943735106,41.914092547808536,438.78516960144043,432
Roma,4400,12.390965363727092,41.9068642363672,845.8495445251465,432
Roma,4400,12.54571097257638,41.865021175328074,772.9293441772461,432
Roma,4400,12.518030032352943,41.82764576848363,130.1829833984375,432
Roma,4400,12.459393884089826,41.8959828161905,394.65064239501953,432
Roma,4400,12.588341129924,41.90414811188102,691.7966995239258,432
Roma,4400,12.571759591790878,41.829310116400286,265.5377655029297,432
Roma,4400,12.43098695174875,41.89719536842974,894.2426681518555,432
Roma,4400,12.696564911581305,41.90569345663854,361.5252208709717,432
Roma,4400,12.372053757230638,41.91522172151631,276.4438362121582,432
Roma,4400,12.585922058641296,41.939481696953074,717.6609382629395,432
Roma,4400,12.374887364787032,41.79755554210905,123.03181266784668,432
Roma,4400,12.599061100312687,41.86408373977909,522.325517654419,432
Roma,4400,12.673814881577194,41.813765997030664,98.31767082214355,432
Roma,4400,12.492709109702488,41.85897592838059,585.212043762207,432
Roma,4400,12.493761660086925,41.879060450235976,144.08050727844238,432
Roma,4400,12.445271026103292,41.86892024782154,796.2672348022461,432
Roma,4400,12.49442277396547,41.90868656703069,588.0366897583008,432
Roma,4400,12.560112723484972,41.95347874171043,345.2901668548584,432
Roma,4400,12.639310537796822,41.86800518300562,827.9934501647949,432
Roma,4400,12.422152084741153,41.93382008424759,1093.3135681152344,432
Roma,4400,12.51746673675466,41.89306798384318,701.2071228027344,432
Roma,4400,12.633757658500956,41.82207507300903,33.40042686462402,432
Roma,4400,12.676939593044008,41.858822474836934,1055.9264755249023,432
Roma,4400,12.468213210186823,41.87923412843554,639.4371910095215,432
Roma,4400,12.448332555185264,41.813157504910784,597.7538528442383,432
Roma,4400,12.37546991490701,41.932008159268065,103.99987983703613,432
Roma,4400,12.411622810568565,41.8506698760701,219.8798007965088,432
Roma,4400,12.511983800822948,41.89194320346659,820.3851661682129,432
Roma,4400,12.482479745361863,41.85120894658446,392.1804733276367,432
Roma,4400,12.438081019604853,41.907056715052704,151.45990371704102,432
Roma,4400,12.4096536533136,41.89264813080869,498.5567932128906,432
Roma,4400,12.485429315610402,41.86127928985665,665.2869110107422,432
Roma,4400,12.489431189502884,41.80554436898891,219.15106010437012,432
Roma,4400,12.479164368428439,41.814640990987456,631.0231781005859,432
Roma,4400,12.47915647951353,41.94576874799103,383.17193031311035,432
Roma,4400,12.668801891671084,41.85545465066099,719.56276512146,432
Roma,4400,12.479760793112307,41.908052299408794,711.5120334625244,432
Roma,4400,12.483455010409438,41.905182257834554,1018.3100395202637,432
Roma,4400,12.673332562639997,41.909555405523726,35.161123275756836,432
Roma,4400,12.490371432033552,41.932916712014496,197.07146644592285,432
Roma,4400,12.564170401654982,41.89416485145868,720.7508850097656,432
Roma,4400,12.456385106356576,41.851575332094704,723.4962310791016,432
Roma,4400,12.464328824367083,41.869536621932404,669.1981811523438,432
Roma,4400,12.54664901442755,41.9173633293321,695.5319519042969,432
Roma,4400,12.424908436632508,41.85209445009395,225.3864288330078,432
Roma,4400,12.589787019024442,41.896533104339355,294.3021583557129,432
Roma,4400,12.672222519800751,41.90275530419195,625.3811302185059,432
Roma,4400,12.637437275541055,41.85777858049313,580.9744968414307,432
Roma,4400,12.620975214679925,41.8486687155395,354.86988258361816,432
Roma,4400,12.511797589726363,41.95158549611169,284.44282150268555,432
Roma,4400,12.40253989791408,41.87228938859983,185.4799976348877,432
Roma,4400,12.562295107622987,41.83512974917859,248.6193027496338,432
Roma,4400,12.490097431838487,41.794179736706916,314.4784450531006,432
Roma,4400,12.47631945965006,41.86997859221864,552.0748023986816,432
Roma,4400,12.586556431215687,41.831066182848105,653.5969505310059,432
Roma,4400,12.440637442571596,41.91773880797396,831.6892700195312,432
Roma,4400,12.53747420607322,41.94022570305893,547.3637847900391,432
Roma,4400,12.646316137663254,41.81801236531938,123.49220275878906,432
Roma,4400,12.535745796281093,41.787084559176215,152.7342700958252,432
Roma,4400,12.467953047970912,41.888978071840505,458.10599517822266,432
Roma,4400,12.596277601707989,41.832746356334155,321.0415687561035,432
Roma,4400,12.610707053417359,41.80493797180704,376.7215270996094,432
Roma,4400,12.565696413692695,41.82988840172276,306.4767074584961,432
Roma,4400,12.402671670451262,41.924950295141684,694.9951438903809,432
Roma,4400,12.609113202672312,41.8222094232522,400.7866802215576,432
Roma,4400,12.49568919209983,41.923978174182004,626.8285446166992,432
Roma,4400,12.444153035676674,41.94622143283421,491.7361087799072,432
Roma,4400,12.585197482151269,41.82502282730206,327.6962146759033,432
Roma,4400,12.612902748344784,41.90963301859001,633.7701530456543,432
Roma,4400,12.558546943259465,41.90394789754748,218.23658752441406,432
Roma,4400,12.425822890169545,41.791725834050276,619.3885383605957,432
Roma,4400,12.568244165061591,41.94332271428396,469.69519805908203,432
Roma,4400,12.461405466988898,41.831385596696016,430.595760345459,432
Roma,4400,12.553278273770239,41.98023279370756,168.1890697479248,432
Roma,4400,12.515765631688343,41.9192972757395,506.8445701599121,432
Roma,4400,12.462182318389235,41.81000016875999,47.380727767944336,432
Roma,4400,12.587196633599442,41.892143621418775,481.7727470397949,432
Roma,4400,12.551338669732992,41.83739114131302,473.92855072021484,432
Roma,4400,12.480758207277416,41.89257518597273,620.4603385925293,432
Roma,4400,12.514999229939997,41.797094486056665,36.348344802856445,432
Roma,4400,12.689989917467535,41.858613695490845,454.4197082519531,432
Roma,4400,12.584493184115447,41.8724848106163,414.3947868347168,432
Roma,4400,12.55427628404664,41.85952639493474,796.3412055969238,432
Roma,4400,12.487301048530348,41.799169392933294,82.39006614685059,432
Roma,4400,12.452678537718347,41.89486468772272,668.3557052612305,432
Roma,4400,12.548511236785538,41.875959554189656,737.8312549591064,432
Roma,4400,12.683200623916852,41.879242814039664,204.52100563049316,432
Roma,4400,12.504289840777425,41.82254136868286,406.5064125061035,432
Roma,4400,12.619217187820784,41.81520506731295,410.3104248046875,432
Roma,4400,12.571235270730163,41.8726304475406,427.11672592163086,432
Roma,4400,12.650151188789117,41.95815954791944,226.86084365844727,432
Roma,4400,12.39240145754146,41.783665926117344,508.4719867706299,432
Roma,4400,12.46690270712865,41.94870149993907,710.2833137512207,432
Roma,4400,12.533224976230146,41.88241099619771,612.0741519927979,432
Roma,4400,12.497959612280404,41.86578564048833,392.479284286499,432
Roma,4400,12.512507900493645,41.93983710481084,237.34369087219238,432
Roma,4400,12.551270631941627,41.86736653861184,647.7717018127441,432
Roma,4400,12.471160462782855,41.86463297130293,847.3894271850586,432
Roma,4400,12.518824866275995,41.947689833885676,761.80810546875,432
Roma,4400,12.652210192412124,41.96198819710174,371.5596237182617,432
Roma,4400,12.414957822717424,41.945480673672265,139.88410186767578,432
Roma,4400,12.46108305329526,41.874648775271034,848.6904907226562,432
Roma,4400,12.495899170478754,41.865045453681525,462.35654067993164,432
Roma,4400,12.563826556711215,41.83326175492377,338.05700492858887,432
Roma,4400,12.469499650796768,41.8335102957381,512.0837688446045,432
Roma,4400,12.500151683808864,41.89903514618687,706.1340942382812,432
Roma,4400,12.67742345023371,41.78817492895889,170.75173568725586,432
Roma,4400,12.525762823041095,41.78559814319337,178.67581367492676,432
Roma,4400,12.421486981183135,41.85676633853048,699.1033306121826,432
Roma,4400,12.574865928370773,41.88962957149465,765.9214706420898,432
Roma,4400,12.614888766576968,41.80607685738963,324.7069034576416,432
Roma,4400,12.429271298483552,41.90174210060997,551.5436325073242,432
Roma,4400,12.512287374366647,41.9105841387727,711.8981742858887,432
Roma,4400,12.57761385519659,41.81284441246412,138.40004348754883,432
Roma,4400,12.623982716621278,41.85781777273724,568.3831081390381,432
Roma,4400,12.671564013401309,41.891242679701065,155.00623512268066,432
Roma,4400,12.429900114575707,41.97279370127367,199.1611385345459,432
Roma,4400,12.424150942580539,41.89206229365917,363.8303909301758,432
Roma,4400,12.509580406420937,41.88678417074103,1009.1107444763184,432
Roma,4400,12.498583706885768,41.88991404527945,647.4378967285156,432
Roma,4400,12.449209086725059,41.846334945565964,172.64069175720215,432
Roma,4400,12.595008340715456,41.8701322784312,695.9324645996094,432
Roma,4400,12.398030938977325,41.88251091773711,276.9712257385254,432
Roma,4400,12.36044711779128,41.789997501097,219.42282485961914,432
Roma,4400,12.604257154040155,41.8936082247047,211.0389747619629,432
Roma,4400,12.464583993613772,41.93943881737754,532.1719818115234,432
Roma,4400,12.587374985400578,41.8873920794125,291.21523666381836,432
Roma,4400,12.430560503773622,41.891695106362626,561.8375644683838,432
Roma,4400,12.592413758932555,41.807772739850684,309.16966247558594,432
Roma,4400,12.697957513395476,41.861948636083675,376.72375869750977,432
Roma,4400,12.410448834516723,41.87337318660534,328.6547088623047,432
Roma,4400,12.544623112446438,41.92023890838124,508.0973892211914,432
Roma,4400,12.474194140429061,41.92769262239024,386.1703872680664,432
Roma,4400,12.530732799496867,41.943230567809344,626.2026214599609,432
Roma,4400,12.512194206944748,41.884596561265994,738.2989349365234,432
Roma,4400,12.506959386445402,41.82323673493981,498.8759346008301,432
Roma,4400,12.690689590453628,41.870873521197076,393.1058654785156,432
Roma,4400,12.387643007882236,41.90887339746895,1017.7471046447754,432
Roma,4400,12.51331436376094,41.83402844109422,669.8617706298828,432
Roma,4400,12.446473872780642,41.84618657066548,352.6745204925537,432
Roma,4400,12.450027880629058,41.85637504729563,608.2797622680664,432
Roma,4400,12.697259759226432,41.77994967049063,131.6914520263672,432
Roma,4400,12.61578903380493,41.847159256060564,349.4342041015625,432
Roma,4400,12.684947313191143,41.92518725401972,184.3149757385254,432
Roma,4400,12.482488880328189,41.88941483246176,562.3796463012695,432
Roma,4400,12.363772682421484,41.86311275520786,204.7514533996582,432
Roma,4400,12.673419702651508,41.78327864705696,326.12574577331543,432
Roma,4400,12.579833225348043,41.89565729568505,220.58650398254395,432
Roma,4400,12.546802975983228,41.86033127533482,405.50598335266113,432
Roma,4400,12.659290668240818,41.965660853060626,169.57727432250977,432
Roma,4400,12.531939466536631,41.91044190206835,423.27427864074707,432
Roma,4400,12.441368627413345,41.932858584978995,444.3794937133789,432
Roma,4400,12.414304491552562,41.88102574831379,422.6832523345947,432
Roma,4400,12.454892265970502,41.85820405002193,756.8843326568604,432
Roma,4400,12.553978925751194,41.89077158078081,672.521577835083,432
Roma,4400,12.68938295811489,41.9513809482204,272.31023597717285,432
Roma,4400,12.448579616972482,41.80778251700401,457.5541801452637,432
Roma,4400,12.483535251881204,41.79436650670424,363.23390197753906,432
Roma,4400,12.54996107254494,41.93466903445047,676.7025108337402,432
Roma,4400,12.426786907859936,41.942546441127085,579.028865814209,432
Roma,4400,12.696710188038551,41.89291693403307,114.93024063110352,432
Roma,4400,12.662818899869311,41.80044818900538,142.35309982299805,432
Roma,4400,12.482431820822733,41.85294845996261,368.8606605529785,432
Roma,4400,12.50125863635899,41.88125389950434,654.4984741210938,432
Roma,4400,12.518812716625655,41.8993079091823,1077.2327556610107,432
Roma,4400,12.419626277070602,41.91633996818165,695.4643745422363,432
Roma,4400,12.441603120242165,41.85712449633422,890.9484634399414,432
Roma,4400,12.47800955094388,41.90292868883865,678.486946105957,432
Roma,4400,12.63307237108303,41.9349554918164,364.36951637268066,432
Roma,4400,12.669038791188585,41.86035586305937,891.0917205810547,432
Roma,4400,12.459993277664413,41.860386741367186,449.8403491973877,432
Roma,4400,12.488272684527079,41.841657520217446,452.69404220581055,432
Roma,4400,12.410864335470812,41.83042521100931,86.65317916870117,432
Roma,4400,12.573927828732783,41.94144632919601,443.05821418762207,432
Roma,4400,12.435236130201051,41.81312491926187,469.99995040893555,432
Roma,4400,12.494637835722822,41.91654011257855,385.57337188720703,432
Roma,4400,12.560864633936632,41.89902578182161,598.9276390075684,432
Roma,4400,12.573601707809615,41.87591789231774,904.6798248291016,432
Roma,4400,12.524132605282913,41.89729584705873,382.1279754638672,432
Roma,4400,12.563265981568572,41.84956304062642,438.40772247314453,432
Roma,4400,12.461249477426179,41.89770939365724,610.1835708618164,432
Roma,4400,12.699312266911837,41.77876668830035,136.33185577392578,432
Roma,4400,12.516476452159079,41.90119408066497,616.7215957641602,432
Roma,4400,12.629825965793952,41.97505576777871,400.76307678222656,432
Roma,4400,12.48646337988534,41.88901985791874,348.4063301086426,432
Roma,4400,12.471914584785436,41.934064798177594,244.0157070159912,432
Roma,4400,12.643007265232802,41.8649129123005,844.7843399047852,432
Roma,4400,12.500367868059794,41.83402632877525,367.47712326049805,432
Roma,4400,12.481780869312782,41.92174930576312,649.0263900756836,432
Roma,4400,12.583567507483547,41.834984823780324,379.2027111053467,432
Roma,4400,12.547198309941622,41.911308949281064,964.149242401123,432
Roma,4400,12.574615763379553,41.93907020566363,350.9986057281494,432
Roma,4400,12.560003821792277,41.89707619907556,448.29161834716797,432
Roma,4400,12.68782501672355,41.77856739221525,279.06471252441406,432
Roma,4400,12.609919357123795,41.93046953001435,123.49132537841797,432
Roma,4400,12.652535746217835,41.966920440843936,302.6623764038086,432
Roma,4400,12.44259578021407,41.91157359191001,618.4132308959961,432
Roma,4400,12.616367262724973,41.79047222208429,532.1937217712402,432
Roma,4400,12.382175750911976,41.910938904602666,356.00328254699707,432
Roma,4400,12.489311588910445,41.93460096754836,181.19268798828125,432
Roma,4400,12.696190819875312,41.879067546376355,531.2195777893066,432
Roma,4400,12.588512084710812,41.837304980934626,250.5592098236084,432
Roma,4400,12.385036492080287,41.884817764590146,257.1808204650879,432
Roma,4400,12.591725788727594,41.89438888019163,179.4777126312256,432
Roma,4400,12.67121340658348,41.92379876441013,234.90004348754883,432
Roma,4400,12.499884432223789,41.90342143727839,692.9824485778809,432
Roma,4400,12.403376560333381,41.91432082455673,418.3965892791748,432
Roma,4400,12.662155058266082,41.88883504172908,657.4816818237305,432
Roma,4400,12.467499230129997,41.80288568980508,36.756113052368164,432
Roma,4400,12.630807482846478,41.89309237372708,378.83423614501953,432
Roma,4400,12.536539333427307,41.909104768927286,647.3490447998047,432
Roma,4400,12.544166118583634,41.86691281200907,708.8852996826172,432
Roma,4400,12.440437775645057,41.862282430157805,625.5289764404297,432
Roma,4400,12.5708433608344,41.9135367931097,506.0701332092285,432
Roma,4400,12.677260302031891,41.77608235985638,62.03038787841797,432
Roma,4400,12.578960533482364,41.92161658294352,285.3883934020996,432
Roma,4400,12.629888462343882,41.94502257738752,185.93034553527832,432
Roma,4400,12.574241508279224,41.85075900173908,313.26817321777344,432
Roma,4400,12.638556210586541,41.835345455850266,125.56842041015625,432
Roma,4400,12.445032404368938,41.81169013219905,405.58171463012695,432
Roma,4400,12.374626904924586,41.77672510156021,785.5345306396484,432
Roma,4400,12.465917791519953,41.8739357310666,557.1195983886719,432
Roma,4400,12.43211417663034,41.84525510262699,887.1154022216797,432
Roma,4400,12.49630488185824,41.88130479644042,416.0295238494873,432
Roma,4400,12.454600271229657,41.82735529134583,472.56298446655273,432
Roma,4400,12.381174995041118,41.95124384049078,790.781364440918,432
Roma,4400,12.674223628298048,41.91358149181948,230.22990798950195,432
Roma,4400,12.485192048133356,41.85587085346759,455.51960372924805,432
Roma,4400,12.490297366106155,41.843964167954276,557.8682994842529,432
Roma,4400,12.529119307391367,41.948601578413516,704.9473304748535,432
Roma,4400,12.440000226585578,41.97653036706176,448.0666751861572,432
Roma,4400,12.545050318094066,41.922089475058876,412.22920989990234,432
Roma,4400,12.424326976236745,41.915945767649085,262.77587699890137,432
Roma,4400,12.407510688602175,41.79088267340702,455.80069732666016,432
Roma,4400,12.556091403476572,41.80696205970112,53.08760452270508,432
Roma,4400,12.531367510874299,41.8793868814621,904.6321506500244,432
Roma,4400,12.55163796495627,41.96786968514547,293.9683647155762,432
Roma,4400,12.47256432220318,41.95132310946302,135.67706489562988,432
Roma,4400,12.465762386684176,41.864714732492644,948.4126129150391,432
Roma,4400,12.52502483362001,41.921864274014396,775.7565841674805,432
Roma,4400,12.676552067796928,41.92584719762926,512.588945388794,432
Roma,4400,12.524756707115317,41.92372483569632,679.0813369750977,432
Roma,4400,12.581589524501808,41.873617322486815,501.491662979126,432
Roma,4400,12.50860638757303,41.908742644183754,982.1787071228027,432
Roma,4400,12.487104976808823,41.89419222794327,762.8716239929199,432
Roma,4400,12.656679210993081,41.96930118623858,296.23981285095215,432
Roma,4400,12.600155615312959,41.855613369904695,527.2499237060547,432
Roma,4400,12.538968174722715,41.873792327225964,784.159589767456,432
Roma,4400,12.43407519419444,41.90979962107686,104.33732223510742,432
Roma,4400,12.48441044658733,41.87794106440601,728.9564552307129,432
Roma,4400,12.532779027451642,41.94379261407024,733.2354583740234,432
Roma,4400,12.630335962351582,41.81444818404593,456.89028549194336,432
Roma,4400,12.480950556451443,41.86527280274281,467.81378173828125,432
Roma,4400,12.553830577152112,41.959957059017796,352.9790458679199,432
Roma,4400,12.478487703889119,41.89867244915769,673.2002105712891,432
Roma,4400,12.647499229409997,41.83916683530999,17.197473526000977,432
Roma,4400,12.609912972682816,41.9058008087716,477.13598442077637,432
Roma,4400,12.46834863006294,41.85229135714972,792.5963249206543,432
Roma,4400,12.427737978333177,41.783748936330106,235.84104347229004,432
Roma,4400,12.402837799539142,41.88773505079063,350.28026962280273,432
Roma,4400,12.46936735776671,41.8994584396351,879.3021202087402,432
Roma,4400,12.548055932779011,41.858488766481116,409.932315826416,432
Roma,4400,12.526429255618481,41.93431391877301,343.27528953552246,432
Roma,4400,12.47658985844541,41.91911808872227,521.5361042022705,432
Roma,4400,12.429259554111363,41.784671117258455,284.7718162536621,432
Roma,4400,12.489984273682829,41.8334545679791,479.6288261413574,432
Roma,4400,12.438764990913507,41.78117628068949,482.7714443206787,432
Roma,4400,12.591843144047026,41.89823020368039,563.37646484375,432
Roma,4400,12.561071656069712,41.910951533348545,420.6780643463135,432
Roma,4400,12.687910530999288,41.86266980927856,800.8074798583984,432
Roma,4400,12.387450120422653,41.89675707746252,392.35364723205566,432
Roma,4400,12.548844324080994,41.90556761676388,982.1835098266602,432
Roma,4400,12.367743138961966,41.94001641944423,292.07764625549316,432
Roma,4400,12.472086495144888,41.90661428824061,485.02014350891113,432
Roma,4400,12.365062207061577,41.93964311333922,179.05782508850098,432
Roma,4400,12.428429316745682,41.879097746838696,441.4282875061035,432
Roma,4400,12.550589875095495,41.969660631175486,525.8451614379883,432
Roma,4400,12.607819783140746,41.86327331618547,352.6438331604004,432
Roma,4400,12.523892669472474,41.829702583837125,56.58449745178223,432
Roma,4400,12.53566987691476,41.89639347074174,896.4247074127197,432
Roma,4400,12.485754914326163,41.830295901037,421.0760097503662,432
Roma,4400,12.604755928555193,41.84115453617008,826.9439239501953,432
Roma,4400,12.514866894875448,41.94539094051293,383.8229217529297,432
Roma,4400,12.436435425338349,41.91737131357683,530.3645477294922,432
Roma,4400,12.436461934917586,41.865331817042964,202.9543743133545,432
Roma,4400,12.37298880348934,41.794143141947096,154.04152488708496,432
Roma,4400,12.691196224012629,41.86347538407389,835.7669982910156,432
Roma,4400,12.552392087473187,41.96153248629642,224.6245937347412,432
Roma,4400,12.399111540337099,41.82340264222164,374.54271697998047,432
Roma,4400,12.540789114897771,41.89198977667408,885.1804580688477,432
Roma,4400,12.411449953794676,41.914868867776946,635.6960639953613,432
Roma,4400,12.439143790755896,41.84362214862785,615.7534065246582,432
Roma,4400,12.684705642021799,41.78290708119372,362.73007011413574,432
Roma,4400,12.411432746842996,41.980165389058804,239.87833786010742,432
Roma,4400,12.48991582569251,41.855761966479896,606.404167175293,432
Roma,4400,12.598545736477185,41.84219139242596,576.8116226196289,432
Roma,4400,12.657213117509336,41.98145966815452,124.70952987670898,432
Roma,4400,12.363292321695225,41.927052606459526,435.5165767669678,432
Roma,4400,12.442724168541698,41.90296228103365,335.8459281921387,432
Roma,4400,12.4653902217364,41.87584436807293,493.8481979370117,432
Roma,4400,12.48804963839586,41.86225892445748,814.6442108154297,432
Roma,4400,12.53446118163403,41.87961427935983,394.5565376281738,432
Roma,4400,12.524045344402992,41.96505185729613,307.6164321899414,432
Roma,4400,12.446006691460736,41.79442083391807,297.52017974853516,432
Roma,4400,12.651889900916197,41.87088813352513,435.3259696960449,432
Roma,4400,12.554397702212306,41.9476304207482,425.33129692077637,432
Roma,4400,12.568446991553895,41.87595534719564,589.4924392700195,432
Roma,4400,12.443213979241285,41.81041477049556,505.8603057861328,432
Roma,4400,12.461308464248258,41.847055956114666,556.6985473632812,432
Roma,4400,12.567143882025432,41.92679489645741,546.7591094970703,432
Roma,4400,12.406539503394136,41.88620999878354,352.00578117370605,432
Roma,4400,12.566242313364985,41.90370821888227,135.7078151702881,432
Roma,4400,12.533369586756871,41.894597551123674,731.95654296875,432
Roma,4400,12.43180773038908,41.842556006266136,639.7963542938232,432
Roma,4400,12.48938635615885,41.93139969974276,186.24819374084473,432
Roma,4400,12.6099832615943,41.79543054945435,547.6683197021484,432
Roma,4400,12.416096121589739,41.903583966158564,955.6929931640625,432
Roma,4400,12.416110183434897,41.91635582487439,912.3743667602539,432
Roma,4400,12.44439057083133,41.79079803355881,167.2130069732666,432
Roma,4400,12.515893050892288,41.97102978146109,436.6893768310547,432
Roma,4400,12.658660019342165,41.82516452875301,96.14887046813965,432
Roma,4400,12.603531264567518,41.910653081548816,539.8170852661133,432
Roma,4400,12.383674678821166,41.895512735313524,219.995756149292,432
Roma,4400,12.386428556705818,41.899235441741716,601.1939811706543,432
Roma,4400,12.483437621617735,41.919902237348495,681.8546905517578,432
Roma,4400,12.555091255842429,41.904459821324366,393.9190082550049,432
Roma,4400,12.614024316998808,41.82177922811769,517.0994453430176,432
Roma,4400,12.392543142108238,41.949108278737704,438.19554901123047,432
Roma,4400,12.454896158322086,41.96275348464204,568.6436500549316,432
Roma,4400,12.644702677001494,41.89098311433444,95.0976619720459,432
Roma,4400,12.561743179723479,41.8946901655316,887.3222045898438,432
Roma,4400,12.628434351749965,41.89379753669559,240.18096733093262,432
Roma,4400,12.53572304953606,41.939070463051905,631.8256988525391,432
Roma,4400,12.440936709721102,41.964726469380906,251.78168869018555,432
Roma,4400,12.615756993818115,41.87012800485476,347.5359878540039,432
Roma,4400,12.608558844692096,41.91568290321565,598.5562896728516,432
Roma,4400,12.535042680423583,41.92585296635289,633.8267364501953,432
Roma,4400,12.515006177733486,41.892479519921125,503.45585441589355,432
Roma,4400,12.584412849624734,41.88742764823565,429.34346771240234,432
Roma,4400,12.620052649272923,41.80825512057667,596.5344619750977,432
Roma,4400,12.537467557218887,41.963256495131354,344.9789066314697,432
Roma,4400,12.386983395721202,41.881257728737545,232.88544464111328,432
Roma,4400,12.44977223599404,41.872665760514224,721.125415802002,432
Roma,4400,12.516605711216469,41.950254094227084,770.8810577392578,432
Roma,4400,12.461233141077066,41.89443893633051,232.6700553894043,432
Roma,4400,12.685495582904226,41.92064697611413,199.0754108428955,432
Roma,4400,12.652132229679012,41.95740808278496,238.51408576965332,432
Roma,4400,12.50582521184424,41.91900296811108,824.625862121582,432
Roma,4400,12.58707515092928,41.883798955820886,208.49116897583008,432
Roma,4400,12.492926838634679,41.897824582526795,891.2978973388672,432
Roma,4400,12.566977671970328,41.88325356250701,906.1481323242188,432
Roma,4400,12.546839178396521,41.919745420811914,634.5515766143799,432
Roma,4400,12.541575990592783,41.93966106561567,495.7742118835449,432
Roma,4400,12.467698106755163,41.9328822033035,364.04498863220215,432
Roma,4400,12.558228504441155,41.85761416032203,611.2515258789062,432
Roma,4400,12.622849504238308,41.93818329222704,445.8113613128662,432
Roma,4400,12.428191940491487,41.78800911010174,355.01347160339355,432
Roma,4400,12.428658641561938,41.79310407030854,464.5879707336426,432
Roma,4400,12.539008505599845,41.95836286488837,430.351411819458,432
Roma,4400,12.55876908974675,41.880645903079156,679.6551189422607,432
Roma,4400,12.604936913861385,41.90050016589681,194.33038330078125,432
Roma,4400,12.67006223066234,41.86869647046839,570.645357131958,432
Roma,4400,12.612523423217954,41.87150160896947,281.9723529815674,432
Roma,4400,12.58733353873154,41.83600442543495,293.91063690185547,432
Roma,4400,12.440624801223706,41.87674552176149,474.70313453674316,432
Roma,4400,12.369214328348543,41.864744717888456,131.82855224609375,432
Roma,4400,12.58264709358809,41.843197926671124,214.5068817138672,432
Roma,4400,12.678624227781512,41.915392066260964,360.43224906921387,432
Roma,4400,12.491085788403385,41.919095211468964,522.9836006164551,432
Roma,4400,12.616536581963327,41.90197073726313,106.93922233581543,432
Roma,4400,12.624905869496247,41.88118831444314,401.2641372680664,432
Roma,4400,12.514528679613562,41.931302770749596,496.42265701293945,432
Roma,4400,12.423773763811111,41.882520793193756,769.1811180114746,432
Roma,4400,12.597460109317355,41.90686762287963,288.8495445251465,432
Roma,4400,12.471179792659274,41.92076539677027,580.5994777679443,432
Roma,4400,12.46387293186161,41.91709435814157,782.318416595459,432
Roma,4400,12.692213490977679,41.860494729590044,612.7872543334961,432
Roma,4400,12.42314221549335,41.91401622694606,328.85944747924805,432
Roma,4400,12.667594990888148,41.92029548414422,419.8265743255615,432
Roma,4400,12.436820129383042,41.900369668190045,735.3957061767578,432
Roma,4400,12.382259983898336,41.944391264533486,665.4338703155518,432
Roma,4400,12.505934753511337,41.8827738023859,755.8230285644531,432
Roma,4400,12.496921290569626,41.91970894963127,676.3959350585938,432
Roma,4400,12.550689941648324,41.96250834762611,277.99482345581055,432
Roma,4400,12.45756734114951,41.92426831790837,279.57834815979004,432
Roma,4400,12.538738597211491,41.907331975932664,817.5401382446289,432
Roma,4400,12.6196539239289,41.85499910314543,438.4157772064209,432
Roma,4400,12.402302797042164,41.79184058862917,210.32065200805664,432
Roma,4400,12.481940432783317,41.948427440882384,356.3419437408447,432
Roma,4400,12.582539281853261,41.86567375022038,678.8351211547852,432
Roma,4400,12.436254888717254,41.80563501746525,613.2702407836914,432
Roma,4400,12.576983157620331,41.893354918690534,627.558650970459,432
Roma,4400,12.676122352191632,41.814839686396375,109.91428184509277,432
Roma,4400,12.661916956700466,41.88532492233349,498.04601287841797,432
Roma,4400,12.560309168624777,41.94138855890935,562.5218925476074,432
Roma,4400,12.610625077626606,41.777286038029196,356.9989776611328,432
Roma,4400,12.451380684988488,41.95756654007459,248.34442138671875,432
Roma,4400,12.479808637869988,41.92674296911944,570.3595275878906,432
Roma,4400,12.395526319571784,41.78785055311012,204.0310459136963,432
Roma,4400,12.58335268220523,41.89192419361083,256.1334476470947,432
Roma,4400,12.671886169889753,41.87153357308944,398.35934829711914,432
Roma,4400,12.647938690966678,41.95332265646087,492.1724052429199,432
Roma,4400,12.517858189919687,41.97815072702904,250.06744766235352,432
Roma,4400,12.627557739224441,41.97596825006074,311.18784523010254,432
Roma,4400,12.644939303982754,41.982062755889345,110.79490089416504,432
Roma,4400,12.432153135097309,41.80777484731933,814.8645172119141,432
Roma,4400,12.532933833842735,41.96984835471762,413.9050693511963,432
Roma,4400,12.669079803386012,41.85245067352301,352.5524311065674,432
Roma,4400,12.611149914991959,41.80228070778515,209.76089096069336,432
Roma,4400,12.39591643015101,41.950390752267545,155.2009792327881,432
Roma,4400,12.474574090535008,41.91930305639715,275.5505599975586,432
Roma,4400,12.532904510747693,41.920324350732095,512.797420501709,432
Roma,4400,12.51493001964878,41.90956556049827,1071.0265426635742,432
Roma,4400,12.443638709103823,41.85994388831732,979.7631683349609,432
Roma,4400,12.674526043735721,41.86909935227373,806.2432250976562,432
Roma,4400,12.478701050270693,41.85738045378006,609.2690658569336,432
Roma,4400,12.621704062113212,41.97830378385515,340.19240951538086,432
Roma,4400,12.422326255158845,41.85374211371252,654.0947799682617,432
Roma,4400,12.51464613243409,41.95023012227258,490.74781036376953,432
Roma,4400,12.438807080128457,41.854495094957414,525.1463928222656,432
Roma,4400,12.584136691546941,41.94166678869831,670.919189453125,432
Roma,4400,12.526661492904715,41.89877801246767,465.2031135559082,432
Roma,4400,12.470655505858328,41.84938431338632,231.96399116516113,432
Roma,4400,12.636424936059312,41.80804184413884,169.73127365112305,432
Roma,4400,12.373729737307766,41.78998177954484,322.17224311828613,432
Roma,4400,12.616925396188808,41.97208701312032,257.29295539855957,432
Roma,4400,12.521782926899375,41.95089656009541,602.2927551269531,432
Roma,4400,12.524714758355138,41.91554728757043,1059.9307956695557,432
Roma,4400,12.5821309408822,41.82358516384718,355.5125160217285,432
Roma,4400,12.572744777968905,41.86877319400764,385.43366622924805,432
Roma,4400,12.477716381605244,41.86448746984043,379.9390869140625,432
Roma,4400,12.514058536248395,41.94396311720157,322.0340156555176,432
Roma,4400,12.447566532500902,41.9679259717507,641.596019744873,432
Roma,4400,12.43917945260243,41.89391586681111,472.9333381652832,432
Roma,4400,12.405012560906481,41.790898070150135,419.180419921875,432
Roma,4400,12.524509774226239,41.86817449592274,553.574031829834,432
Roma,4400,12.454017233967873,41.85986663895483,531.6035690307617,432
Roma,4400,12.541135809585317,41.866251300727484,566.1366233825684,432
Roma,4400,12.677122829436481,41.875304870809444,438.8808994293213,432
Roma,4400,12.43353675229383,41.78028264944267,674.1207160949707,432
Roma,4400,12.662387695202025,41.963414699129615,141.0336627960205,432
Roma,4400,12.669804453623627,41.81705979722558,196.74656295776367,432
Roma,4400,12.602453814889449,41.84338658997848,480.0603942871094,432
Roma,4400,12.464015653788234,41.84766806840805,534.0847263336182,432
Roma,4400,12.681136330186519,41.88979760589314,288.627405166626,432
Roma,4400,12.584668381696645,41.86439110834232,617.6841316223145,432
Roma,4400,12.489567239872551,41.87687166155941,399.7414951324463,432
Roma,4400,12.420422668631993,41.853777566905045,561.2649002075195,432
Roma,4400,12.536807643460252,41.93210457367872,629.8755722045898,432
Roma,4400,12.606119171217022,41.91050927088809,775.2288513183594,432
Roma,4400,12.537128965967593,41.878878230272576,744.5541076660156,432
Roma,4400,12.659627229635415,41.88688873909645,516.0033016204834,432
Roma,4400,12.49286966953484,41.815013199334444,441.47275733947754,432
Roma,4400,12.548752442943202,41.862533806569274,453.8607864379883,432
Roma,4400,12.589015487382282,41.88328749063878,341.1448669433594,432
Roma,4400,12.477078885561298,41.92767382554189,631.488208770752,432
Roma,4400,12.37306113848206,41.8239052585531,55.75544357299805,432
Roma,4400,12.57873952484739,41.88541768424946,893.4088726043701,432
Roma,4400,12.534170446816637,41.89089661173097,1134.9658164978027,432
Roma,4400,12.403086564288566,41.96056920592139,626.420223236084,432
Roma,4400,12.570586716465728,41.89436699855778,586.3305530548096,432
Roma,4400,12.554181312869385,41.91445831434791,496.38915252685547,432
Roma,4400,12.572316398581147,41.935746591033,261.9860382080078,432
Roma,4400,12.698127648312228,41.94540219295962,211.0317497253418,432
Roma,4400,12.468328287849635,41.88708744715694,461.87084197998047,432
Roma,4400,12.562733208539642,41.9801990085849,146.05761909484863,432
Roma,4400,12.58981389458304,41.935366075353464,140.39421844482422,432
Roma,4400,12.52350367691297,41.94615588800132,841.9234657287598,432
Roma,4400,12.510343691478528,41.93715627821097,237.07819175720215,432
Roma,4400,12.510056135102888,41.93188321658565,654.5263519287109,432
Roma,4400,12.374675797120188,41.930119911581365,105.05547142028809,432
Roma,4400,12.463837963877248,41.790692275006606,405.2219886779785,432
Roma,4400,12.497267652213958,41.89484171652584,1016.1887321472168,432
Roma,4400,12.675295396414336,41.9176777745026,264.8070545196533,432
Roma,4400,12.51271403742074,41.87024338424621,469.6510009765625,432
Roma,4400,12.50583930335384,41.83562475919217,409.7051582336426,432
Roma,4400,12.68759816906676,41.9493484087492,290.93792152404785,432
Roma,4400,12.375970955865464,41.95159176384212,383.50638580322266,432
Roma,4400,12.526298683673245,41.895628786270606,486.8407802581787,432
Roma,4400,12.642715278603651,41.87000180601848,530.4472465515137,432
Roma,4400,12.480199750582898,41.85281375287566,710.6973495483398,432
Roma,4400,12.694998048868806,41.85000016859998,52.19409370422363,432
Roma,4400,12.436780449538505,41.84290306362852,553.202320098877,432
Roma,4400,12.574679542635485,41.903994200004654,118.71728897094727,432
Roma,4400,12.564143800766185,41.82391149998224,149.11695289611816,432
Roma,4400,12.62411459820958,41.98243031785568,287.33766174316406,432
Roma,4400,12.54964600060046,41.941554409169996,568.3091201782227,432
Roma,4400,12.41990340271908,41.84319918743236,235.50702476501465,432
Roma,4400,12.588629920558102,41.79951822268845,128.44335174560547,432
Roma,4400,12.434827160224897,41.87899759262178,351.57526779174805,432
Roma,4400,12.412495892492148,41.89454404779683,771.0986137390137,432
Roma,4400,12.45712289548419,41.823545170392784,533.3378028869629,432
Roma,4400,12.4547512150947,41.873775776767495,1080.9784545898438,432
Roma,4400,12.528462163280327,41.88862619217996,738.0335388183594,432
Roma,4400,12.519375874492999,41.957156386046755,644.1399002075195,432
Roma,4400,12.529332609906614,41.95860398496042,383.5685214996338,432
Roma,4400,12.594776669303885,41.855702864818895,485.9398078918457,432
Roma,4400,12.467664172257876,41.876560758375945,674.4897041320801,432
Roma,4400,12.581733933465681,41.94127043178277,443.0171127319336,432
Roma,4400,12.533820946278855,41.974348191093654,151.0740795135498,432
Roma,4400,12.610233283989013,41.80052847204385,138.080415725708,432
Roma,4400,12.643412825360134,41.86036267431149,549.5349006652832,432
Roma,4400,12.483498925108938,41.791726525809324,345.4371585845947,432
Roma,4400,12.404754658602814,41.89096316875025,284.53977394104004,432
Roma,4400,12.612849838520429,41.92964180132692,98.46727752685547,432
Roma,4400,12.535096214622381,41.968179185317574,611.6510429382324,432
Roma,4400,12.405419772951749,41.79352591170781,271.70652770996094,432
Roma,4400,12.473683300361065,41.90992802872457,611.4646263122559,432
Roma,4400,12.437926137433285,41.908754550464124,252.5580177307129,432
Roma,4400,12.360750969216825,41.87422629453133,289.742151260376,432
Roma,4400,12.475409285096333,41.89250809005423,1017.2755718231201,432
Roma,4400,12.66236981898275,41.90715987115094,99.64843940734863,432
Roma,4400,12.510074562544597,41.894120842737124,680.6355133056641,432
Roma,4400,12.584478630783982,41.93492250292842,610.7816352844238,432
Roma,4400,12.542486411662354,41.77794113153937,183.8947410583496,432
Roma,4400,12.456178876236923,41.87175990097181,848.7233963012695,432
Roma,4400,12.421952682473437,41.924965689276625,709.2745170593262,432
Roma,4400,12.408803609527501,41.8715794177343,369.70174407958984,432
Roma,4400,12.683423650380147,41.87231848167524,424.4900588989258,432
Roma,4400,12.496329966998891,41.89829152054552,736.077579498291,432
Roma,4400,12.5283557074133,41.94317810025776,740.1858444213867,432
Roma,4400,12.627531953556609,41.85230767912596,160.94192695617676,432
Roma,4400,12.589161967537844,41.9016732603871,705.1724853515625,432
Roma,4400,12.385599483794147,41.92236021708118,863.5586929321289,432
Roma,4400,12.605313343576913,41.80321390668421,604.4203414916992,432
Roma,4400,12.464028992599378,41.818823971134016,377.7626705169678,432
Roma,4400,12.415897968474017,41.85072669844975,279.3157196044922,432
Roma,4400,12.451600296303507,41.85476932590992,560.322566986084,432
Roma,4400,12.673891035728811,41.80395860415189,141.08687591552734,432
Roma,4400,12.474427419528382,41.92161135187452,542.7025566101074,432
Roma,4400,12.61355912269978,41.93631728867479,132.9214096069336,432
Roma,4400,12.585529243050509,41.84784647858171,138.9152374267578,432
Roma,4400,12.542785446702748,41.882036424446426,791.8287086486816,432
Roma,4400,12.471274789162202,41.81061353390013,444.62095642089844,432
Roma,4400,12.593392000652072,41.90636068200692,400.4291477203369,432
Roma,4400,12.418051796344335,41.85556072659168,494.9645309448242,432
Roma,4400,12.514129021350456,41.981313300599396,268.868314743042,432
Roma,4400,12.499987801620332,41.91251564838003,570.6957550048828,432
Roma,4400,12.680383288668242,41.86415292480535,1029.8669967651367,432
Roma,4400,12.489247158952413,41.8465182306044,508.3007583618164,432
Roma,4400,12.59855808309565,41.866584859680344,574.978551864624,432
Roma,4400,12.450414344243734,41.81800716201691,415.89237213134766,432
Roma,4400,12.480901995854941,41.86912235304173,659.1375732421875,432
Roma,4400,12.50333171270823,41.9181613809936,823.9575271606445,432
Roma,4400,12.597311787871952,41.84408537465573,629.2903518676758,432
Roma,4400,12.489674535767204,41.815748376035124,731.8035202026367,432
Roma,4400,12.650839618434329,41.852062361370194,315.0401916503906,432
Roma,4400,12.654050814254415,41.85102624111001,325.08816146850586,432
Roma,4400,12.410403486083558,41.86392639456791,192.86715126037598,432
Roma,4400,12.564597485444386,41.928071865855934,678.8791637420654,432
Roma,4400,12.518673477755904,41.87061781613405,612.5838088989258,432
Roma,4400,12.664999229339998,41.872500168509994,16.935684204101562,432
Roma,4400,12.616250943145296,41.784200286943914,412.0389766693115,432
Roma,4400,12.556006010601982,41.965354798629534,115.86786270141602,432
Roma,4400,12.526659266680445,41.87502515995598,730.2717514038086,432
Roma,4400,12.455006941292732,41.89567175645756,533.4050464630127,432
Roma,4400,12.678847363676102,41.78361711018907,482.44583892822266,432
Roma,4400,12.50817071013553,41.83342179247946,711.3539657592773,432
Roma,4400,12.485263888812227,41.84594180054343,657.8512649536133,432
Roma,4400,12.44405045767876,41.81472637294591,637.6289863586426,432
Roma,4400,12.693433858899452,41.85720031841457,253.46858406066895,432
Roma,4400,12.518615177390767,41.92940696738472,875.6487884521484,432
Roma,4400,12.634165896129998,41.969166834789995,17.765615463256836,432
Roma,4400,12.587650919831022,41.90695293459591,436.42122077941895,432
Roma,4400,12.669567959643015,41.90159768950856,656.3694152832031,432
Roma,4400,12.625092660185375,41.82610148633903,339.9058437347412,432
Roma,4400,12.429786805057331,41.92854769273987,285.8462219238281,432
Roma,4400,12.64059826311138,41.93478289757053,416.99007415771484,432
Roma,4400,12.559685849206174,41.892862923104225,763.4589729309082,432
Roma,4400,12.573944790526719,41.83445130463149,364.4421901702881,432
Roma,4400,12.475192638556022,41.88818403560242,545.8008460998535,432
Roma,4400,12.55668048191095,41.831630473949794,715.0656890869141,432
Roma,4400,12.681554148214662,41.87880456003369,174.46924209594727,432
Roma,4400,12.521612651414952,41.95697234203479,678.3040733337402,432
Roma,4400,12.54466790062019,41.91304723402022,886.9502906799316,432
Roma,4400,12.629205657382254,41.9724388498408,297.14061164855957,432
Roma,4400,12.360884783149466,41.92002090785329,351.64895248413086,432
Roma,4400,12.465757311756652,41.93210732926188,633.7955741882324,432
Roma,4400,12.537310534563183,41.969325819404894,208.58604621887207,432
Roma,4400,12.61163079596385,41.907805888613275,476.35376358032227,432
Roma,4400,12.610102720287385,41.91028761743389,660.5673751831055,432
Roma,4400,12.385359581851958,41.87166683518,76.33073234558105,432
Roma,4400,12.587514884163548,41.860965033732555,423.10279083251953,432
Roma,4400,12.510770933749939,41.918037804762875,876.9663238525391,432
Roma,4400,12.448156820463526,41.89882707693624,937.9164428710938,432
Roma,4400,12.524031578175752,41.877945437628746,1082.5068893432617,432
Roma,4400,12.57271167537417,41.853827831111076,466.93216133117676,432
Roma,4400,12.54894805141253,41.854488763721584,358.41345024108887,432
Roma,4400,12.487455275996297,41.85419047803832,473.2632827758789,432
Roma,4400,12.412499230349997,41.83127776996279,36.97598838806152,432
Roma,4400,12.476666242893936,41.92392702027707,549.0597610473633,432
Roma,4400,12.476644462970432,41.89724730364421,580.7367324829102,432
Roma,4400,12.582410001664382,41.820062224184774,173.03071975708008,432
Roma,4400,12.585099479384244,41.89260876368052,601.7288284301758,432
Roma,4400,12.48452692836814,41.815441268778315,569.9309043884277,432
Roma,4400,12.383030297653693,41.9188270718935,689.3383712768555,432
Roma,4400,12.419114418709555,41.9353967715015,832.5878009796143,432
Roma,4400,12.539167046983549,41.88838978679996,990.8327789306641,432
Roma,4400,12.645376154413857,41.853374859421564,201.41303253173828,432
Roma,4400,12.403323678250185,41.8899800166539,254.0077667236328,432
Roma,4400,12.493521333641251,41.919951918885225,828.9488258361816,432
Roma,4400,12.489993573960303,41.899242326590375,810.2902603149414,432
Roma,4400,12.518170485006468,41.911304381166644,1152.0400390625,432
Roma,4400,12.592457373899292,41.84902683779925,496.13568115234375,432
Roma,4400,12.401322250731752,41.95459200562452,193.83866691589355,432
Roma,4400,12.474543198374594,41.816605231546674,815.5029792785645,432
Roma,4400,12.373853058786466,41.943653080572204,302.013973236084,432
Roma,4400,12.460375934676406,41.86973211451404,484.7660140991211,432
Roma,4400,12.437019914400041,41.79171632971472,425.1926612854004,432
Roma,4400,12.50704450784191,41.96875899769591,269.6148319244385,432
Roma,4400,12.520842559956025,41.91983189108811,878.0542449951172,432
Roma,4400,12.674503597879191,41.81507595307267,148.38307571411133,432
Roma,4400,12.547751628230213,41.97089869447622,484.8979835510254,432
Roma,4400,12.509156174365096,41.93582845235776,335.81019401550293,432
Roma,4400,12.595728599730078,41.90513253257147,464.39921379089355,432
Roma,4400,12.641563899592496,41.8556203581863,546.6131591796875,432
Roma,4400,12.44192002472697,41.87499918973394,491.56658935546875,432
Roma,4400,12.630431148435742,41.84444946902264,366.8135585784912,432
Roma,4400,12.66169426622246,41.965635256152815,202.75793647766113,432
Roma,4400,12.676548840379464,41.87229052087161,580.3548622131348,432
Roma,4400,12.494396366998881,41.914185778935234,556.1724281311035,432
Roma,4400,12.521387227216483,41.78547998010555,312.49089431762695,432
Roma,4400,12.509662729144983,41.9436389033255,103.04213905334473,432
Roma,4400,12.645727238966662,41.8771619037838,474.13813400268555,432
Roma,4400,12.675088759204538,41.812455591929336,180.67426872253418,432
Roma,4400,12.606173103416264,41.84873233731525,363.6372661590576,432
Roma,4400,12.559258733819075,41.912838128388664,365.4976043701172,432
Roma,4400,12.491820656580332,41.924990549381256,741.083610534668,432
Roma,4400,12.526666284014764,41.89341648122623,387.1426200866699,432
Roma,4400,12.608484073984357,41.830836171560684,252.14105606079102,432
Roma,4400,12.527510865043935,41.91853326094344,576.9171028137207,432
Roma,4400,12.594908535122977,41.864921169293964,716.2202682495117,432
Roma,4400,12.696218247905662,41.86436248345863,613.0436325073242,432
Roma,4400,12.44982840727291,41.96730563639082,371.41254234313965,432
Roma,4400,12.642910512647369,41.862510708754186,468.0634536743164,432
Roma,4400,12.420820735580104,41.84084794540613,269.6089401245117,432
Roma,4400,12.691485882854762,41.9190019570189,307.3405990600586,432
Roma,4400,12.67573221671268,41.809584485644244,207.5523509979248,432
Roma,4400,12.469807445695892,41.89484113337724,717.4319190979004,432
Roma,4400,12.42985721264387,41.94577127274294,362.2940444946289,432
Roma,4400,12.428741568397754,41.80678882500363,696.0421962738037,432
Roma,4400,12.486117498675984,41.82444914031424,404.68848609924316,432
Roma,4400,12.472593338013514,41.91897146043806,432.4605522155762,432
Roma,4400,12.373904319821925,41.79587828143045,119.5393238067627,432
Roma,4400,12.653238057404614,41.82123798114913,94.9313907623291,432
Roma,4400,12.458515975710757,41.908031093580185,1096.4399185180664,432
Roma,4400,12.436687677424423,41.81753641379297,365.3221435546875,432
Roma,4400,12.445580247093755,41.85842538931232,767.0444107055664,432
Roma,4400,12.56890558627863,41.934575913847546,477.71125411987305,432
