City_Name,K_Resolution,Centroid_Longitude,Centroid_Latitude,Aggregated_Population,Population_Center_ID
Napoli,3525,14.270111939846855,40.86986682827781,833.8963088989258,547
Napoli,3525,14.169078084354203,40.973887367131645,522.9234466552734,547
Napoli,3525,14.349413888524234,40.85703267815867,363.5100288391113,547
Napoli,3525,14.185519919639042,40.90249598876564,259.9292182922363,547
Napoli,3525,14.174143502942538,40.81944608962727,578.990966796875,547
Napoli,3525,14.375242961403963,40.93895030189632,678.6386680603027,547
Napoli,3525,14.23083405163654,40.91440091143587,563.7412872314453,547
Napoli,3525,14.357419661433399,40.89846705650319,394.13376235961914,547
Napoli,3525,14.339668748623968,40.80576883600827,483.5233726501465,547
Napoli,3525,14.267561578060514,40.89459188026352,641.716423034668,547
Napoli,3525,14.297540534804874,40.95794206231686,552.0047912597656,547
Napoli,3525,14.240045661846185,40.876074003883964,229.10916709899902,547
Napoli,3525,14.204505982670213,40.848318391845034,615.1465644836426,547
Napoli,3525,14.165139990765136,40.858184983090474,639.1199035644531,547
Napoli,3525,14.2561345846077,40.96627149847329,537.612434387207,547
Napoli,3525,14.213454326554926,40.97439706762574,443.57855224609375,547
Napoli,3525,14.328655314177476,40.82405949403399,1079.6123275756836,547
Napoli,3525,14.30481671079321,40.915849607301176,756.3798065185547,547
Napoli,3525,14.189972941459867,40.919507952515495,967.3366661071777,547
Napoli,3525,14.147514403935094,40.918347467789715,710.8908157348633,547
Napoli,3525,14.29933883372475,40.906489712241196,178.04393196105957,547
Napoli,3525,14.227243216510548,40.88431540731261,385.8200378417969,547
Napoli,3525,14.237431969103778,40.83255484465573,693.1113739013672,547
Napoli,3525,14.379043291388655,40.79631193648063,346.7919235229492,547
Napoli,3525,14.319456591243199,40.859226234970826,544.6353569030762,547
Napoli,3525,14.180413417461823,40.887500928800044,123.3738956451416,547
Napoli,3525,14.168908629829982,40.95285859154905,371.2219066619873,547
Napoli,3525,14.234495938392095,40.89591204753392,361.0243110656738,547
Napoli,3525,14.176974419673016,40.92897132475038,311.6639175415039,547
Napoli,3525,14.320735866252209,40.92126385150323,368.1264190673828,547
Napoli,3525,14.265114026338706,40.922725297144886,440.99117279052734,547
Napoli,3525,14.248540689499182,40.85521519362547,919.8641510009766,547
Napoli,3525,14.232993588390936,40.95823690975767,191.8162498474121,547
Napoli,3525,14.202040731948864,40.96692036303781,390.03795433044434,547
Napoli,3525,14.192770490238457,40.81594270183539,219.8139762878418,547
Napoli,3525,14.35059039996994,40.92091159424491,365.3007164001465,547
Napoli,3525,14.364587669445376,40.9507984591267,345.8360710144043,547
Napoli,3525,14.189307344195706,40.79763670397877,379.48995208740234,547
Napoli,3525,14.21347110193402,40.91844346966267,529.5085029602051,547
Napoli,3525,14.260993785627674,40.852413076872715,781.7103424072266,547
Napoli,3525,14.330740594844274,40.834751468303374,811.3896331787109,547
Napoli,3525,14.293576165879845,40.85351359985487,698.4128456115723,547
Napoli,3525,14.216930426593155,40.86249777601024,788.7582778930664,547
Napoli,3525,14.203268193439847,40.92032816986934,656.0891189575195,547
Napoli,3525,14.335863344186421,40.81486353417784,883.69580078125,547
Napoli,3525,14.347910845901666,40.88412368968576,465.193660736084,547
Napoli,3525,14.15675880536158,40.9209046934968,658.669189453125,547
Napoli,3525,14.382879752669933,40.872479410180304,380.62232971191406,547
Napoli,3525,14.190229333330873,40.865630184066816,375.8082466125488,547
Napoli,3525,14.184604630124962,40.93394443198026,313.32933807373047,547
Napoli,3525,14.283639655522986,40.953176621102415,347.2481575012207,547
Napoli,3525,14.369996304823742,40.91226390313666,255.69173049926758,547
Napoli,3525,14.255553927861703,40.944133782344004,576.6270408630371,547
Napoli,3525,14.252993908798837,40.86629947032707,360.4563179016113,547
Napoli,3525,14.291343138423732,40.86565455130819,572.0152053833008,547
Napoli,3525,14.17916380680664,40.873742870045994,228.20989608764648,547
Napoli,3525,14.217739773280236,40.91629933562209,432.8075408935547,547
Napoli,3525,14.275820125677805,40.945010110897954,530.5738105773926,547
Napoli,3525,14.212378400323699,40.871917817914074,477.46413803100586,547
Napoli,3525,14.202629760241864,40.93571791826251,440.6864585876465,547
Napoli,3525,14.269248390388075,40.86742334360878,842.6996231079102,547
Napoli,3525,14.245754883277419,40.90882900537634,460.96417236328125,547
Napoli,3525,14.289138453866766,40.88943728811371,377.34016609191895,547
Napoli,3525,14.329833164026258,40.84449560830855,603.176383972168,547
Napoli,3525,14.196350525996206,40.9107925152977,726.6404457092285,547
Napoli,3525,14.20883387981006,40.8739631031343,214.3365821838379,547
Napoli,3525,14.237516207234044,40.90578850535122,672.3922500610352,547
Napoli,3525,14.304922647071715,40.93746405725576,475.1422805786133,547
Napoli,3525,14.24581634314794,40.84859301770945,694.9965667724609,547
Napoli,3525,14.211146344022433,40.948854619833185,264.1607189178467,547
Napoli,3525,14.292982514712968,40.87077887757781,922.087272644043,547
Napoli,3525,14.263693549224618,40.89982303563087,313.15829849243164,547
Napoli,3525,14.373741299675983,40.84083350596999,128.01625633239746,547
Napoli,3525,14.281685789313519,40.845697229816125,558.467170715332,547
Napoli,3525,14.163390156058927,40.96325033934815,435.44361114501953,547
Napoli,3525,14.251630934567999,40.88494995020817,622.3169364929199,547
Napoli,3525,14.232161497899638,40.94384618322257,553.3457336425781,547
Napoli,3525,14.353384022897865,40.83623456265604,354.6814384460449,547
Napoli,3525,14.224087735820255,40.84849728870449,1031.0109329223633,547
Napoli,3525,14.197721234470547,40.84338537827432,927.0493316650391,547
Napoli,3525,14.322116569580364,40.83759405055594,769.8855590820312,547
Napoli,3525,14.38039636402223,40.7762984877385,159.43299102783203,547
Napoli,3525,14.275192917344901,40.96751651436542,441.1550636291504,547
Napoli,3525,14.286480781753575,40.936936857914695,552.5716743469238,547
Napoli,3525,14.28071129512306,40.909614458107384,390.14430236816406,547
Napoli,3525,14.369960758549517,40.937861205372855,296.4336624145508,547
Napoli,3525,14.144212980436523,40.883333132841614,416.0666046142578,547
Napoli,3525,14.349013275036354,40.912719898849154,953.3343276977539,547
Napoli,3525,14.238900119467907,40.92300021465955,479.3641700744629,547
Napoli,3525,14.355786779185681,40.84989798190318,352.55988693237305,547
Napoli,3525,14.296240103983516,40.84023485151326,695.2727794647217,547
Napoli,3525,14.325825266525197,40.862095927844344,1037.159652709961,547
Napoli,3525,14.35587862595646,40.81426330156711,523.6275291442871,547
Napoli,3525,14.277523770360764,40.90104571670992,1177.220573425293,547
Napoli,3525,14.317229048358465,40.881124524354696,98.32271194458008,547
Napoli,3525,14.214236786208215,40.84071904443202,649.1298980712891,547
Napoli,3525,14.234835248113674,40.90797808689109,859.3424835205078,547
Napoli,3525,14.214847196717438,40.90562823049278,407.2399101257324,547
Napoli,3525,14.333854412277415,40.876570353289644,559.4162101745605,547
Napoli,3525,14.352207154973563,40.819424781694714,639.8605728149414,547
Napoli,3525,14.193455919702586,40.91926224214404,570.3606872558594,547
Napoli,3525,14.322726632819254,40.86838070632889,469.13231658935547,547
Napoli,3525,14.223461310015276,40.91657695348971,355.1379089355469,547
Napoli,3525,14.234827696207423,40.83381513372357,784.733814239502,547
Napoli,3525,14.358040218851665,40.79549987869467,591.2236270904541,547
Napoli,3525,14.24258069778122,40.88971050989283,1001.4123153686523,547
Napoli,3525,14.35283544243929,40.874558994279944,378.1055088043213,547
Napoli,3525,14.228046868318046,40.86870247282655,851.1652030944824,547
Napoli,3525,14.226039081892582,40.96426695010419,414.46144104003906,547
Napoli,3525,14.373203724695692,40.78825226696188,646.2290344238281,547
Napoli,3525,14.276186976117923,40.85593650765303,335.5462951660156,547
Napoli,3525,14.245518928859928,40.96278660565146,384.97249031066895,547
Napoli,3525,14.207089468915077,40.96251326854308,432.3320007324219,547
Napoli,3525,14.363624039058127,40.789275938010874,629.6346893310547,547
Napoli,3525,14.178977275982787,40.86235271388063,496.4060363769531,547
Napoli,3525,14.22431730813251,40.887180329458246,419.0829849243164,547
Napoli,3525,14.199651640746998,40.80010019651853,445.79182624816895,547
Napoli,3525,14.302051720453285,40.90575706279904,231.9631690979004,547
Napoli,3525,14.288970646005874,40.91506598227972,670.7676811218262,547
Napoli,3525,14.226154309456222,40.93907392470758,345.3818759918213,547
Napoli,3525,14.29663084521342,40.91125869297062,469.3786849975586,547
Napoli,3525,14.173128015228304,40.92356479035536,324.28076934814453,547
Napoli,3525,14.365414182678872,40.88875675865322,133.0950927734375,547
Napoli,3525,14.189210993722838,40.82498608567911,645.7666015625,547
Napoli,3525,14.298792032527134,40.92043801021722,960.2918853759766,547
Napoli,3525,14.367816853724708,40.807274444784106,347.36545181274414,547
Napoli,3525,14.28185704033766,40.864942357609365,665.1769332885742,547
Napoli,3525,14.380893567875804,40.850728715703326,216.13822555541992,547
Napoli,3525,14.345781745056547,40.90839633497097,768.734317779541,547
Napoli,3525,14.207509433930376,40.87496373857856,175.81823348999023,547
Napoli,3525,14.197746697324579,40.97446585256183,405.4435234069824,547
Napoli,3525,14.270782826391844,40.84868781346602,747.6049346923828,547
Napoli,3525,14.322568911415875,40.88916155820325,347.246395111084,547
Napoli,3525,14.26421844174265,40.95801058625631,467.50109100341797,547
Napoli,3525,14.319311131230872,40.849942001295574,824.8936614990234,547
Napoli,3525,14.267311469400187,40.85953602083667,1041.685546875,547
Napoli,3525,14.353133807532645,40.831132534183354,174.79174995422363,547
Napoli,3525,14.154145643589601,40.916329518681835,812.7246932983398,547
Napoli,3525,14.262497133027793,40.93500141711289,642.5996322631836,547
Napoli,3525,14.342145496237194,40.82894492837306,1216.5484008789062,547
Napoli,3525,14.234130766173218,40.87148804270576,566.0398902893066,547
Napoli,3525,14.198308233698679,40.85250612426796,500.12231063842773,547
Napoli,3525,14.340944447801425,40.81677192905709,832.202751159668,547
Napoli,3525,14.207547503458983,40.81478952548601,485.49020767211914,547
Napoli,3525,14.307881776268049,40.8731351922599,207.80782508850098,547
Napoli,3525,14.318582238524904,40.93412603528748,299.4776420593262,547
Napoli,3525,14.26572720969345,40.94986826122142,478.7502555847168,547
Napoli,3525,14.237549353494355,40.92977831354787,262.1537971496582,547
Napoli,3525,14.180037032720824,40.922480600712355,531.9965400695801,547
Napoli,3525,14.271200093861816,40.884019338818824,594.4751739501953,547
Napoli,3525,14.27254896119092,40.93176770613213,430.2870674133301,547
Napoli,3525,14.189090477182935,40.9301514746236,325.5009460449219,547
Napoli,3525,14.235723248949789,40.883748734750654,281.5025863647461,547
Napoli,3525,14.231551389077918,40.92617530050699,743.6302833557129,547
Napoli,3525,14.310723550083702,40.95675562032712,253.6543197631836,547
Napoli,3525,14.360292349167237,40.85910504216427,264.342830657959,547
Napoli,3525,14.283763750534975,40.8529762460702,810.0897216796875,547
Napoli,3525,14.36447895435075,40.84317607279319,554.397310256958,547
Napoli,3525,14.186990270418747,40.845683660174984,510.8121967315674,547
Napoli,3525,14.251178070922116,40.83967708881617,561.1800575256348,547
Napoli,3525,14.365057788391779,40.81448052349939,377.69605255126953,547
Napoli,3525,14.329211727363472,40.913610002317455,286.1605339050293,547
Napoli,3525,14.221669112516249,40.84124843349993,629.1549911499023,547
Napoli,3525,14.333714545245263,40.85553989211154,635.0074806213379,547
Napoli,3525,14.287872624082887,40.841107322127684,366.0842819213867,547
Napoli,3525,14.363791574259148,40.90518704348207,280.2261734008789,547
Napoli,3525,14.159997601857098,40.8393787325097,146.59248733520508,547
Napoli,3525,14.297907689034771,40.8804611120129,148.96155166625977,547
Napoli,3525,14.182717435805097,40.917199163637676,575.8772563934326,547
Napoli,3525,14.354342070461486,40.827419157181154,578.8618202209473,547
Napoli,3525,14.377588548001883,40.94904243317722,522.7077903747559,547
Napoli,3525,14.293068750642448,40.89623377969559,396.98228454589844,547
Napoli,3525,14.295106730917558,40.94906226829124,520.2802505493164,547
Napoli,3525,14.190865634553905,40.88957376150149,558.6820278167725,547
Napoli,3525,14.147653276550267,40.90076937593334,321.5762405395508,547
Napoli,3525,14.220000304297017,40.8953026905335,942.5863761901855,547
Napoli,3525,14.249978892392454,40.89508653026865,818.4459190368652,547
Napoli,3525,14.248682055931983,40.94110959640471,383.5607433319092,547
Napoli,3525,14.270510435168548,40.9605393938101,853.858528137207,547
Napoli,3525,14.215888736956925,40.92646684532043,519.3124122619629,547
Napoli,3525,14.381192291097392,40.9445404922588,541.9238452911377,547
Napoli,3525,14.270463868230543,40.94381260486588,537.9846954345703,547
Napoli,3525,14.174581748390276,40.84544115729013,228.86956405639648,547
Napoli,3525,14.261665257212675,40.964843736483544,613.8289947509766,547
Napoli,3525,14.303480431860365,40.92821317455435,518.4333343505859,547
Napoli,3525,14.195553500810988,40.82307783884549,538.4861526489258,547
Napoli,3525,14.302614866134014,40.94275562257696,545.1751976013184,547
Napoli,3525,14.307986406494162,40.95675157781743,501.0125923156738,547
Napoli,3525,14.345042506856075,40.84233517151406,590.9552993774414,547
Napoli,3525,14.25945289090216,40.86611234298309,485.89834213256836,547
Napoli,3525,14.22634003977419,40.9282805129571,431.3348083496094,547
Napoli,3525,14.217544895630468,40.832585524278606,634.7324295043945,547
Napoli,3525,14.265035242921664,40.87101450865747,789.1629829406738,547
Napoli,3525,14.225780775935396,40.97355188107465,142.7459201812744,547
Napoli,3525,14.144074955254178,40.874140863667996,310.8420696258545,547
Napoli,3525,14.313479517311725,40.92164729565196,731.8791122436523,547
Napoli,3525,14.195010730783132,40.96734224370094,302.0356788635254,547
Napoli,3525,14.30324166179256,40.93396010572379,407.51458740234375,547
Napoli,3525,14.335799316368083,40.9031389629224,134.06822204589844,547
Napoli,3525,14.352419659834004,40.902222016077864,623.2048149108887,547
Napoli,3525,14.23927193184933,40.93989898347921,596.8046112060547,547
Napoli,3525,14.250262705753448,40.92592768056494,368.10208320617676,547
Napoli,3525,14.210774047522321,40.8601718107496,331.32590103149414,547
Napoli,3525,14.223362458784774,40.83547337897093,962.8019256591797,547
Napoli,3525,14.359813208992014,40.86065369870022,296.9373779296875,547
Napoli,3525,14.238444630040828,40.951790110800175,166.83944702148438,547
Napoli,3525,14.191390425229498,40.837432066430566,427.26789474487305,547
Napoli,3525,14.243904273529937,40.84294126463382,301.80877685546875,547
Napoli,3525,14.300462047262776,40.86457375699479,209.95114135742188,547
Napoli,3525,14.304594674054849,40.880328641734344,248.04312133789062,547
Napoli,3525,14.171030545095894,40.89888894988526,353.35518646240234,547
Napoli,3525,14.342496542247343,40.87958076741428,338.2024345397949,547
Napoli,3525,14.33642124670239,40.841497116522994,447.8330612182617,547
Napoli,3525,14.30080293649889,40.91833915153003,701.1542510986328,547
Napoli,3525,14.364315734214635,40.83481978269443,360.2953586578369,547
Napoli,3525,14.209129565492157,40.82089641174686,587.3405380249023,547
Napoli,3525,14.17594702632698,40.85824151111851,596.1057586669922,547
Napoli,3525,14.273336874891552,40.90514682643941,1131.5124740600586,547
Napoli,3525,14.204556691177748,40.96109866635939,452.67322540283203,547
Napoli,3525,14.381887699873772,40.9070220574964,283.7928047180176,547
Napoli,3525,14.22819886365659,40.83905640413363,1017.843090057373,547
Napoli,3525,14.286793305537351,40.922981589408174,223.32461738586426,547
Napoli,3525,14.341963664766359,40.868209254857454,680.2526626586914,547
Napoli,3525,14.35717220237237,40.91038543661568,659.1578598022461,547
Napoli,3525,14.193370502077409,40.97157373720563,461.2009468078613,547
Napoli,3525,14.183453574670615,40.97347173744865,276.8533401489258,547
Napoli,3525,14.290251676367976,40.95332162179407,471.8496208190918,547
Napoli,3525,14.179440644631061,40.89813101289232,746.8452949523926,547
Napoli,3525,14.295830758226408,40.92937714938355,417.728515625,547
Napoli,3525,14.275710955194004,40.934341284038986,381.56725311279297,547
Napoli,3525,14.205877511784392,40.838435562940184,790.7769775390625,547
Napoli,3525,14.160659398923096,40.849867851817386,277.47705459594727,547
Napoli,3525,14.219523491033032,40.892022051616735,1009.3471069335938,547
Napoli,3525,14.247893453588063,40.834165400102435,644.3981323242188,547
Napoli,3525,14.19455201686895,40.90094343107914,762.8394546508789,547
Napoli,3525,14.259866072437895,40.88642245629209,538.6080474853516,547
Napoli,3525,14.373343490891092,40.84483967143498,454.1282539367676,547
Napoli,3525,14.187539980363388,40.81023259436821,169.72393226623535,547
Napoli,3525,14.259889270042995,40.908431712156904,637.9078369140625,547
Napoli,3525,14.324186510111566,40.82908314959181,808.3236846923828,547
Napoli,3525,14.236754920999184,40.84235909402135,800.2102661132812,547
Napoli,3525,14.316298866299466,40.835554487441186,947.8354721069336,547
Napoli,3525,14.340302186029703,40.875625544423116,473.9089546203613,547
Napoli,3525,14.335942983609796,40.84971979315004,878.0990409851074,547
Napoli,3525,14.212915632379412,40.92599420682832,650.9699478149414,547
Napoli,3525,14.172409241849858,40.82436691856183,540.3243942260742,547
Napoli,3525,14.23071994005428,40.92995422013566,424.5617332458496,547
Napoli,3525,14.264991910230632,40.90999360730037,662.2637786865234,547
Napoli,3525,14.184444981164702,40.96682536349774,245.90521240234375,547
Napoli,3525,14.233511165757422,40.87847527088511,453.8065299987793,547
Napoli,3525,14.246535216639863,40.95275700814223,291.46152114868164,547
Napoli,3525,14.236860757783312,40.85850187194242,610.7291011810303,547
Napoli,3525,14.298958495724984,40.95360839938502,745.8791275024414,547
Napoli,3525,14.230275248164864,40.91962776164768,755.2576293945312,547
Napoli,3525,14.28110188446166,40.87754175074528,386.44980239868164,547
Napoli,3525,14.301460923738174,40.94690209407797,311.5413055419922,547
Napoli,3525,14.302924921340459,40.93005219186174,337.3067321777344,547
Napoli,3525,14.188358158925661,40.840497840460806,646.2389144897461,547
Napoli,3525,14.34735437602511,40.84951261802029,297.2547492980957,547
Napoli,3525,14.34068289053052,40.90581107214503,506.6500473022461,547
Napoli,3525,14.301805019010652,40.85590723912437,466.4260444641113,547
Napoli,3525,14.266199900517138,40.919351546690834,809.3301963806152,547
Napoli,3525,14.158578641282181,40.9565937416758,295.3639144897461,547
Napoli,3525,14.19315554686181,40.932431882693216,346.44809341430664,547
Napoli,3525,14.201708614972787,40.96095614696872,340.1771659851074,547
Napoli,3525,14.190584716479753,40.9080869719662,266.28675651550293,547
Napoli,3525,14.147085489018995,40.93333350559999,65.92920684814453,547
Napoli,3525,14.15280189922252,40.92327775700112,365.5607566833496,547
Napoli,3525,14.337346835662244,40.83492943897761,567.400203704834,547
Napoli,3525,14.202087286679424,40.8249930258013,596.9033432006836,547
Napoli,3525,14.162522786189127,40.820036799896506,219.62923049926758,547
Napoli,3525,14.220129772363235,40.877557165567595,377.5871124267578,547
Napoli,3525,14.235840849658226,40.937102018671474,733.0635375976562,547
Napoli,3525,14.333400919143244,40.825283392631434,785.8077774047852,547
Napoli,3525,14.306782424267197,40.839321453665725,650.8114700317383,547
Napoli,3525,14.28713431583249,40.956558400543784,461.86596298217773,547
Napoli,3525,14.168897773442103,40.86139110411127,550.1774978637695,547
Napoli,3525,14.302499231270744,40.95583528444497,580.2508125305176,547
Napoli,3525,14.325819577947382,40.834769550374304,758.3335494995117,547
Napoli,3525,14.18658999455546,40.80242033060098,321.6331329345703,547
Napoli,3525,14.221739588899938,40.85668693630737,746.8979568481445,547
Napoli,3525,14.291579210022107,40.935051470172496,532.9143180847168,547
Napoli,3525,14.324711295560249,40.91818124905449,568.6306095123291,547
Napoli,3525,14.32688355075748,40.84448556651041,454.81698989868164,547
Napoli,3525,14.35604763991038,40.86449781206062,522.2712707519531,547
Napoli,3525,14.18244211722378,40.90283461716504,301.0395965576172,547
Napoli,3525,14.252486493436765,40.904070854991645,451.6534309387207,547
Napoli,3525,14.201970293791724,40.89496997535501,479.49404525756836,547
Napoli,3525,14.31399447907568,40.827577110027605,674.0858001708984,547
Napoli,3525,14.286509439826787,40.91199258904329,480.1540641784668,547
Napoli,3525,14.294056825795957,40.91750691235141,590.1649932861328,547
Napoli,3525,14.319587359863513,40.83096649630014,988.7926216125488,547
Napoli,3525,14.317239424195622,40.844635671360535,830.5210762023926,547
Napoli,3525,14.278188038691656,40.8509762406162,403.9433116912842,547
Napoli,3525,14.257574135153922,40.84498871918591,453.8952980041504,547
Napoli,3525,14.21740356125697,40.85223823840244,560.8918933868408,547
Napoli,3525,14.19793514973189,40.905394264411605,243.0359992980957,547
Napoli,3525,14.336297320573195,40.821932716420065,825.6249771118164,547
Napoli,3525,14.338777466658327,40.82967079991737,696.9380989074707,547
Napoli,3525,14.293209678516943,40.90525057872693,605.5168304443359,547
Napoli,3525,14.305749728928356,40.90134652197285,349.88061904907227,547
Napoli,3525,14.252286966701687,40.95069692836035,373.9630126953125,547
Napoli,3525,14.296064242028429,40.87502300795064,428.24289321899414,547
Napoli,3525,14.260367265892674,40.8951557965025,1061.6609954833984,547
Napoli,3525,14.245679564847066,40.864182485361,592.1874694824219,547
Napoli,3525,14.234893673351706,40.836583688887025,809.0292282104492,547
Napoli,3525,14.275003821619164,40.96282844207837,590.1977958679199,547
Napoli,3525,14.214016345267101,40.89355879854694,621.7508926391602,547
Napoli,3525,14.169393862880385,40.96472349929729,465.763240814209,547
Napoli,3525,14.260255031366736,40.89987153033169,571.6695556640625,547
Napoli,3525,14.161470791888158,40.91357672853727,287.7610664367676,547
Napoli,3525,14.245117969537768,40.91156038014875,388.9035530090332,547
Napoli,3525,14.27497512317196,40.949883654527845,659.0698585510254,547
Napoli,3525,14.277169621575297,40.9513793831629,455.823543548584,547
Napoli,3525,14.304441852717675,40.875454999710136,1138.8732070922852,547
Napoli,3525,14.186543624236537,40.83543138986546,398.5124740600586,547
Napoli,3525,14.28365246990332,40.85823708102927,405.2476577758789,547
Napoli,3525,14.200701773521699,40.8148830129678,523.3032875061035,547
Napoli,3525,14.327875062810131,40.895771467525925,285.7564582824707,547
Napoli,3525,14.318163218144292,40.89996955981066,237.65286827087402,547
Napoli,3525,14.374276948436078,40.94406491841475,592.7643966674805,547
Napoli,3525,14.229844272387645,40.93505944531129,163.2970962524414,547
Napoli,3525,14.240601834293807,40.833056523165915,1063.5922813415527,547
Napoli,3525,14.184786683006546,40.817757062074385,1037.876106262207,547
Napoli,3525,14.197619846338062,40.82712737785283,718.198860168457,547
Napoli,3525,14.253050057697576,40.95735289124373,533.2223434448242,547
Napoli,3525,14.18284670916331,40.85042667743056,239.30096626281738,547
Napoli,3525,14.34037968143976,40.84245144631414,549.4209594726562,547
Napoli,3525,14.25550563159063,40.946823591906856,305.26416778564453,547
Napoli,3525,14.305105545774245,40.910127720473106,707.3087558746338,547
Napoli,3525,14.166525091710163,40.82177708504818,362.8360080718994,547
Napoli,3525,14.21655106830771,40.84704244362386,338.74488830566406,547
Napoli,3525,14.30847344718668,40.86857592470131,277.2759094238281,547
Napoli,3525,14.294080372330564,40.93579251447703,368.5217933654785,547
Napoli,3525,14.144922157473038,40.90188824100341,236.79655265808105,547
Napoli,3525,14.241165045765975,40.86895947566022,881.9881019592285,547
Napoli,3525,14.34584888900611,40.81708448856808,598.4590835571289,547
Napoli,3525,14.207899666270993,40.91179053734409,548.6772613525391,547
Napoli,3525,14.252055950303367,40.91878042000744,148.3360939025879,547
Napoli,3525,14.314154225324986,40.882712338875315,305.93857192993164,547
Napoli,3525,14.199712989700663,40.89902459228996,432.2835006713867,547
Napoli,3525,14.351647296419195,40.827232778598976,517.6521606445312,547
Napoli,3525,14.163296908600135,40.921122039893824,411.4493865966797,547
Napoli,3525,14.256574928734908,40.85756752463414,869.9816436767578,547
Napoli,3525,14.195815892960596,40.89709356486641,430.32923889160156,547
Napoli,3525,14.35665547665879,40.80334688443817,533.9795684814453,547
Napoli,3525,14.312890281782332,40.84707819090746,149.79967498779297,547
Napoli,3525,14.303296895318557,40.949580119225594,379.6732978820801,547
Napoli,3525,14.202143468890108,40.806873234402254,668.5273170471191,547
Napoli,3525,14.243306925210677,40.83791411406819,565.8375091552734,547
Napoli,3525,14.380934772882108,40.85760586045892,280.80518531799316,547
Napoli,3525,14.16435733654238,40.852763323964524,719.6350479125977,547
Napoli,3525,14.261239979330945,40.84629440660777,330.34232330322266,547
Napoli,3525,14.374978849827485,40.779363589731034,135.42754936218262,547
Napoli,3525,14.167392186086955,40.89662675755348,300.3115406036377,547
Napoli,3525,14.265529990043985,40.8780719651799,245.653076171875,547
Napoli,3525,14.242585965828631,40.85158452793457,915.4166641235352,547
Napoli,3525,14.194329254998179,40.80760552764298,596.1248302459717,547
Napoli,3525,14.346958309388468,40.88244996390397,377.1446113586426,547
Napoli,3525,14.289650075988634,40.89592694152348,401.82859802246094,547
Napoli,3525,14.270938251306118,40.89790747216268,684.3041229248047,547
Napoli,3525,14.202448037762316,40.89763836434629,408.3376884460449,547
Napoli,3525,14.26632801671495,40.968938328561755,567.9945983886719,547
Napoli,3525,14.354900119271853,40.80823070570027,553.5885925292969,547
Napoli,3525,14.204418827532688,40.81098131353011,363.2685966491699,547
Napoli,3525,14.344155929292606,40.82085359632977,890.3611679077148,547
Napoli,3525,14.226766521354007,40.857357508830376,772.9891662597656,547
Napoli,3525,14.255649301103432,40.93483670776536,521.9388847351074,547
Napoli,3525,14.157839457582602,40.897706467286824,182.81962203979492,547
Napoli,3525,14.249891667527342,40.93456026958336,501.10465240478516,547
Napoli,3525,14.235180358178466,40.843805696378205,870.331413269043,547
Napoli,3525,14.3269710852567,40.83675504753511,982.1589660644531,547
Napoli,3525,14.328460862911498,40.834694458266334,947.1266593933105,547
Napoli,3525,14.370813393182289,40.807909419756825,125.02351379394531,547
Napoli,3525,14.335331282502557,40.87340999843864,619.0749320983887,547
Napoli,3525,14.246949653696301,40.84167729664352,943.1067352294922,547
Napoli,3525,14.19694059662451,40.93073267993942,564.8747138977051,547
Napoli,3525,14.245313699578839,40.89577595999121,1037.3584747314453,547
Napoli,3525,14.270187096811808,40.9061647506797,872.2408065795898,547
Napoli,3525,14.162175685761452,40.863202079291746,191.4016513824463,547
Napoli,3525,14.288331397794172,40.90927686332763,280.8368110656738,547
Napoli,3525,14.309082512594005,40.83128095942759,680.1494884490967,547
Napoli,3525,14.29930560367713,40.925197640667534,613.2389183044434,547
Napoli,3525,14.146150120006435,40.8800117152059,401.00218200683594,547
Napoli,3525,14.185834580559712,40.895381066857965,514.2033767700195,547
Napoli,3525,14.239136975371746,40.9183431737663,387.94626235961914,547
Napoli,3525,14.361214499259388,40.819617406578544,312.15889739990234,547
Napoli,3525,14.245419607202384,40.94516885682802,412.4783515930176,547
Napoli,3525,14.305734258544206,40.85376205502103,490.84581565856934,547
Napoli,3525,14.356636428639478,40.828260644521535,422.8383560180664,547
Napoli,3525,14.231515259545406,40.95884300150922,222.45498275756836,547
Napoli,3525,14.193200020111876,40.86819292018132,339.7221794128418,547
Napoli,3525,14.310282336032621,40.85582905437223,277.3026714324951,547
Napoli,3525,14.20342172432024,40.9302811902727,607.5285186767578,547
Napoli,3525,14.286778766684163,40.89445256414962,240.9176902770996,547
Napoli,3525,14.225281758632043,40.878047916065,97.07991409301758,547
Napoli,3525,14.237640039863587,40.866625535826586,352.54944610595703,547
Napoli,3525,14.270108505660437,40.91157658818519,560.6766204833984,547
Napoli,3525,14.320513146037234,40.92924547932709,308.7225646972656,547
Napoli,3525,14.36042659679083,40.915050524313486,426.37025260925293,547
Napoli,3525,14.346634885541544,40.89961670026896,739.0613784790039,547
Napoli,3525,14.382400563178287,40.78931914921391,412.4027557373047,547
Napoli,3525,14.361272677638013,40.94342284715157,308.7068672180176,547
Napoli,3525,14.214634466302329,40.93287623822231,169.87328910827637,547
Napoli,3525,14.300415650643796,40.840710723939125,491.15724182128906,547
Napoli,3525,14.2333559696601,40.93439933457787,410.37328720092773,547
Napoli,3525,14.373466328914496,40.906138128813005,311.192928314209,547
Napoli,3525,14.211936435593833,40.84287027057472,647.5108757019043,547
Napoli,3525,14.323841898022005,40.82474831212846,276.7640686035156,547
Napoli,3525,14.212932153804541,40.92250741050318,572.8384323120117,547
Napoli,3525,14.159882577123934,40.85171278791843,348.36501693725586,547
Napoli,3525,14.236263117015417,40.90340077219345,567.5542907714844,547
Napoli,3525,14.25372307227842,40.85042068920253,725.7108612060547,547
Napoli,3525,14.200983389684268,40.843531514192236,1046.2747802734375,547
Napoli,3525,14.374165969742256,40.86375460551892,132.4872169494629,547
Napoli,3525,14.258782542506497,40.85307668110009,832.5377426147461,547
Napoli,3525,14.20597583409931,40.9711156423881,381.01294326782227,547
Napoli,3525,14.283734091892368,40.948782474109684,694.3479232788086,547
Napoli,3525,14.16822345601243,40.863426110356606,448.21823501586914,547
Napoli,3525,14.187010088172869,40.83015536040111,404.8825912475586,547
Napoli,3525,14.189226687878222,40.81930538773942,561.265552520752,547
Napoli,3525,14.3258922717876,40.87533683016954,492.9838752746582,547
Napoli,3525,14.298530151999925,40.8377179575184,589.1787567138672,547
Napoli,3525,14.315673091960322,40.83079824096501,661.0814666748047,547
Napoli,3525,14.265543720573103,40.86417593394132,549.1225624084473,547
Napoli,3525,14.207215522176842,40.845945012700355,525.3981475830078,547
Napoli,3525,14.349643232904011,40.825375746670325,677.5637550354004,547
Napoli,3525,14.234137478914798,40.953064392760375,279.96917152404785,547
Napoli,3525,14.378752490379151,40.935196039271666,468.4048099517822,547
Napoli,3525,14.302525065825051,40.936710575412924,502.7706489562988,547
Napoli,3525,14.370832555849997,40.95833350549999,30.82803726196289,547
Napoli,3525,14.197635705119277,40.91337288332139,555.2690773010254,547
Napoli,3525,14.35692160045924,40.89321152927486,210.5660400390625,547
Napoli,3525,14.335370685695935,40.91188386476546,425.2063179016113,547
Napoli,3525,14.207576698919922,40.90260359609236,464.18470764160156,547
Napoli,3525,14.21789875343095,40.87121001568002,141.20249938964844,547
Napoli,3525,14.296074992737147,40.859793942668986,372.08501052856445,547
Napoli,3525,14.26556498715086,40.85074161163415,922.7311172485352,547
Napoli,3525,14.275883553379847,40.87083403262983,347.5516815185547,547
Napoli,3525,14.317862125668253,40.91779471330525,631.8984146118164,547
Napoli,3525,14.303474678369096,40.899881351939236,615.3813133239746,547
Napoli,3525,14.187470037250895,40.916844334947875,763.7291374206543,547
Napoli,3525,14.347876128934983,40.80770795595758,535.4612007141113,547
Napoli,3525,14.354408632156161,40.86250680939315,383.25862884521484,547
Napoli,3525,14.24041942942688,40.8868717003075,402.56884384155273,547
Napoli,3525,14.271291668474769,40.951368556976924,690.755615234375,547
Napoli,3525,14.181036967590648,40.81880545816937,715.1988677978516,547
Napoli,3525,14.357285205880753,40.870133029157195,218.9111213684082,547
Napoli,3525,14.328939713856494,40.82135774841653,982.8849258422852,547
Napoli,3525,14.307190634413558,40.919789312981955,631.4850463867188,547
Napoli,3525,14.320433876468934,40.88415847027596,457.16541290283203,547
Napoli,3525,14.283169410190142,40.95477014769341,179.0550994873047,547
Napoli,3525,14.198576096870086,40.9324789820986,408.56955337524414,547
Napoli,3525,14.204725800769076,40.870482951374676,253.10013580322266,547
Napoli,3525,14.314080968853373,40.926111897669905,435.6299629211426,547
Napoli,3525,14.1723840040054,40.851693794191476,438.94886779785156,547
Napoli,3525,14.329289273750787,40.83777243027599,983.0398654937744,547
Napoli,3525,14.355946307189376,40.913436959030726,591.6137084960938,547
Napoli,3525,14.243147732958821,40.93160231311531,269.31615447998047,547
Napoli,3525,14.352209143734967,40.84206815661916,185.8438892364502,547
Napoli,3525,14.239107840984088,40.895032020133456,1004.8502197265625,547
Napoli,3525,14.221660191412035,40.905606182364814,250.21651077270508,547
Napoli,3525,14.263494191449515,40.88646052412074,537.0273361206055,547
Napoli,3525,14.277033131875639,40.86108765937349,821.2344741821289,547
Napoli,3525,14.316141409621057,40.86925769026402,362.200382232666,547
Napoli,3525,14.292941940624782,40.856349536874,810.1206512451172,547
Napoli,3525,14.23280600227316,40.94907956345042,315.92166900634766,547
Napoli,3525,14.382854782060239,40.95259681150322,277.84032440185547,547
Napoli,3525,14.311670053497542,40.92523382167755,506.06397247314453,547
Napoli,3525,14.263581807068554,40.905835730001975,536.7801284790039,547
Napoli,3525,14.228474252046809,40.85347346346701,631.2799987792969,547
Napoli,3525,14.36887582176294,40.78356118248333,641.8817672729492,547
Napoli,3525,14.313786771288338,40.917124294724246,853.0337677001953,547
Napoli,3525,14.226680174952337,40.94499110094841,376.5735549926758,547
Napoli,3525,14.194602126401367,40.9125728581704,544.7522296905518,547
Napoli,3525,14.23198066065991,40.90908809634245,687.1650581359863,547
Napoli,3525,14.250528878063614,40.96849873500235,290.11811447143555,547
Napoli,3525,14.227665548978965,40.94740652158294,410.7661781311035,547
Napoli,3525,14.269032730884254,40.95375919114087,797.7598495483398,547
Napoli,3525,14.203426377095946,40.83159087093735,859.1173095703125,547
Napoli,3525,14.235002167465804,40.85055196418273,1032.6614532470703,547
Napoli,3525,14.337204980136205,40.88353049691037,181.0955295562744,547
Napoli,3525,14.185375770253914,40.814112222172504,338.55014419555664,547
Napoli,3525,14.333335955504781,40.849581117256776,707.4376678466797,547
Napoli,3525,14.25815977377652,40.87196001181968,225.40868186950684,547
Napoli,3525,14.29458023524022,40.925911954771664,384.52305603027344,547
Napoli,3525,14.189213375076918,40.96010618761716,476.43983268737793,547
Napoli,3525,14.215391408292477,40.88679231200428,688.7033023834229,547
Napoli,3525,14.287026889986707,40.87822425717408,330.15694427490234,547
Napoli,3525,14.17240296466251,40.92793336533737,204.6993350982666,547
Napoli,3525,14.350951281157053,40.82314768999273,607.832649230957,547
Napoli,3525,14.376649106174309,40.852091569497446,320.8187065124512,547
Napoli,3525,14.269683820832341,40.860732376635944,976.7194519042969,547
Napoli,3525,14.219307463213006,40.86385583049976,728.915828704834,547
Napoli,3525,14.326556588054652,40.856132008322966,1017.174430847168,547
Napoli,3525,14.295921342992775,40.9057238430994,857.9523315429688,547
Napoli,3525,14.258185337771188,40.84958652357133,745.268726348877,547
Napoli,3525,14.327957913577583,40.85066542188772,1183.6731338500977,547
Napoli,3525,14.230860273420827,40.89268725964262,961.4140319824219,547
Napoli,3525,14.168306094039622,40.84936728305673,487.41818618774414,547
Napoli,3525,14.283943175678559,40.90005635693724,590.0227966308594,547
Napoli,3525,14.305166865445683,40.850350562812764,157.66150093078613,547
Napoli,3525,14.26780026604819,40.84705359579428,896.212646484375,547
Napoli,3525,14.311652393228762,40.93258221869398,450.4358444213867,547
Napoli,3525,14.20843287806644,40.9715812895795,353.0022506713867,547
Napoli,3525,14.283287033459645,40.8766374184729,523.790843963623,547
Napoli,3525,14.370384737499867,40.90879830031111,297.67539978027344,547
Napoli,3525,14.236789452490504,40.85440180809974,833.2502593994141,547
Napoli,3525,14.35350498196428,40.87244728310372,346.1289691925049,547
Napoli,3525,14.193673069761234,40.86532368270774,285.00061988830566,547
Napoli,3525,14.149185506360787,40.8291689774399,185.41598892211914,547
Napoli,3525,14.292166402437642,40.932730438446164,359.82851791381836,547
Napoli,3525,14.255428999367899,40.84336662719347,458.2756538391113,547
Napoli,3525,14.180078524652926,40.89430865830401,493.32714080810547,547
Napoli,3525,14.255748460484245,40.88772964974977,688.7753562927246,547
Napoli,3525,14.256975822155825,40.9153673229384,280.9631118774414,547
Napoli,3525,14.244065984137045,40.90157184044444,777.5903854370117,547
Napoli,3525,14.225408501117128,40.859049965637894,597.0934524536133,547
Napoli,3525,14.33720816063731,40.90946293950194,873.5331115722656,547
Napoli,3525,14.250123960817398,40.965982583406046,403.02038192749023,547
Napoli,3525,14.353872763040604,40.84988616955487,173.01197624206543,547
Napoli,3525,14.187605967042089,40.90461065456024,382.878116607666,547
Napoli,3525,14.249966892089521,40.86176179803756,991.1318283081055,547
Napoli,3525,14.324411711403576,40.85891935792787,1240.5472869873047,547
Napoli,3525,14.167903772715187,40.85625098891615,713.5783081054688,547
Napoli,3525,14.22431347541848,40.845695904479996,621.0906257629395,547
Napoli,3525,14.248715142197895,40.869985462215425,454.1725311279297,547
Napoli,3525,14.208558827235217,40.92244178960343,616.1639633178711,547
Napoli,3525,14.34145092952718,40.84981686099201,517.2451858520508,547
Napoli,3525,14.374456578087603,40.85079065670275,350.2950096130371,547
Napoli,3525,14.323903382837317,40.86573024035787,665.201057434082,547
Napoli,3525,14.357980583100046,40.887217164977216,547.7342586517334,547
Napoli,3525,14.210024519760635,40.958963099594186,257.58654594421387,547
Napoli,3525,14.376039048347927,40.78592599837299,661.1892700195312,547
Napoli,3525,14.155056704153044,40.92402925658432,511.56207275390625,547
Napoli,3525,14.217793132418777,40.880666100700005,422.1849594116211,547
Napoli,3525,14.167512934244975,40.859753945924716,619.5441360473633,547
Napoli,3525,14.370394721722839,40.95323129105678,266.52453231811523,547
Napoli,3525,14.241443888920571,40.85661706905963,712.5698852539062,547
Napoli,3525,14.342531565052225,40.81327273129817,762.4751968383789,547
Napoli,3525,14.248319707696867,40.933344686396396,369.5122375488281,547
Napoli,3525,14.367786788962848,40.94379584895086,650.3758773803711,547
Napoli,3525,14.333428280054815,40.86697775318364,521.9443054199219,547
Napoli,3525,14.179543568719547,40.85972199613543,536.2411117553711,547
Napoli,3525,14.282592822649347,40.94069637490437,430.8148956298828,547
Napoli,3525,14.35349005591165,40.88407831154058,306.7901802062988,547
Napoli,3525,14.305420698612801,40.92510668328966,595.4218139648438,547
Napoli,3525,14.353780923758872,40.882081571419384,148.0875015258789,547
Napoli,3525,14.36772563887955,40.847849411684024,357.0058288574219,547
Napoli,3525,14.144194721429484,40.921147967067455,423.9208984375,547
Napoli,3525,14.191099822200076,40.84035087849929,903.5216369628906,547
Napoli,3525,14.284697237216728,40.91821776011465,327.9211120605469,547
Napoli,3525,14.20498933158842,40.93332401477517,550.280200958252,547
Napoli,3525,14.325953024244749,40.87060649430108,631.1738967895508,547
Napoli,3525,14.324224993407293,40.85189682864736,1082.4879150390625,547
Napoli,3525,14.251289435511408,40.95292690327764,410.01172256469727,547
Napoli,3525,14.249047178322495,40.851018080632656,876.1464157104492,547
Napoli,3525,14.265851438910953,40.861182749629116,873.3202590942383,547
Napoli,3525,14.231582956806829,40.848040006461105,1000.2453536987305,547
Napoli,3525,14.290344479646164,40.94833627990706,210.3741226196289,547
Napoli,3525,14.332334887606567,40.857213870835515,940.9996109008789,547
Napoli,3525,14.192657380708994,40.92568628147536,422.5728530883789,547
Napoli,3525,14.288801267056614,40.872207213014285,630.9845123291016,547
Napoli,3525,14.318755138860064,40.9121219290427,150.14519882202148,547
Napoli,3525,14.226696871705885,40.90497928180856,246.67913818359375,547
Napoli,3525,14.278258359009348,40.891954317036394,912.5218391418457,547
Napoli,3525,14.275731310584836,40.965292941280204,365.8558769226074,547
Napoli,3525,14.176394940052955,40.97393431571879,534.9100456237793,547
Napoli,3525,14.197024472181123,40.91692176916754,526.85693359375,547
Napoli,3525,14.265843892387743,40.89974823150634,635.1615829467773,547
Napoli,3525,14.256407341213622,40.962116312053745,699.9146842956543,547
Napoli,3525,14.308243832103338,40.95038468893804,425.6407928466797,547
Napoli,3525,14.173007347685475,40.92554828434206,251.26233291625977,547
Napoli,3525,14.264879553347017,40.94010641543518,339.77742767333984,547
Napoli,3525,14.17649334993287,40.899040543210205,566.8882827758789,547
Napoli,3525,14.237596837810887,40.911177700228045,531.8311538696289,547
Napoli,3525,14.26944738761748,40.93927998385643,533.0198631286621,547
Napoli,3525,14.220424239623428,40.90748347269313,69.72369766235352,547
Napoli,3525,14.178555244877797,40.97245564450801,382.4348564147949,547
Napoli,3525,14.229333080839803,40.94463587800806,464.3756332397461,547
Napoli,3525,14.213341177072847,40.91083414586263,596.5113906860352,547
Napoli,3525,14.28057876800689,40.875897693956546,431.6211166381836,547
Napoli,3525,14.276439668785887,40.95610372685907,244.3647232055664,547
Napoli,3525,14.270624566492215,40.87986968992334,493.168155670166,547
Napoli,3525,14.257506422512972,40.89666222623482,1065.5805740356445,547
Napoli,3525,14.27420550068089,40.91275533742773,285.0614929199219,547
Napoli,3525,14.187183906764409,40.97286218577056,284.8397903442383,547
Napoli,3525,14.143858488492844,40.917779244784924,460.99738693237305,547
Napoli,3525,14.20898134399841,40.828624149496775,826.1063346862793,547
Napoli,3525,14.2307069559516,40.8331290352427,684.5036430358887,547
Napoli,3525,14.38033310811656,40.91065813743083,291.48383712768555,547
Napoli,3525,14.343997961851342,40.866493992533165,829.9198875427246,547
Napoli,3525,14.348816787796228,40.87765476662927,222.6861915588379,547
Napoli,3525,14.198444643978993,40.92335642880868,704.9724311828613,547
Napoli,3525,14.300712435796887,40.913330938481195,770.0747871398926,547
Napoli,3525,14.277515595383901,40.939183068139165,388.8194770812988,547
Napoli,3525,14.240020531937585,40.96015404642561,339.23635482788086,547
Napoli,3525,14.371127817848839,40.7925782029599,780.5334396362305,547
Napoli,3525,14.209396640004023,40.89250364032794,136.23900604248047,547
Napoli,3525,14.179942655252681,40.92860532808834,503.4212646484375,547
Napoli,3525,14.207816847531765,40.94483481057628,161.44979667663574,547
Napoli,3525,14.275109161804064,40.95993478909964,587.7760238647461,547
Napoli,3525,14.300737515480137,40.84614352094381,510.4787483215332,547
Napoli,3525,14.272722535980845,40.96915525355642,530.1334457397461,547
Napoli,3525,14.323713963788556,40.85528703589133,1225.0454635620117,547
Napoli,3525,14.289279515282251,40.92672237205557,307.317195892334,547
Napoli,3525,14.210748679878716,40.87401763498305,372.56517028808594,547
Napoli,3525,14.186647414823758,40.90041762422482,483.4326705932617,547
Napoli,3525,14.228916658622964,40.86546596169959,539.190450668335,547
Napoli,3525,14.203266436678751,40.827494291497096,831.4218101501465,547
Napoli,3525,14.273976610511848,40.866631833776424,501.88915634155273,547
Napoli,3525,14.250658591326141,40.846543674604504,738.1074829101562,547
Napoli,3525,14.202539341221218,40.91620125797632,208.08790588378906,547
Napoli,3525,14.323529789714923,40.8489625053394,689.1718788146973,547
Napoli,3525,14.278075882386386,40.84190016612122,231.36008644104004,547
Napoli,3525,14.382961600005691,40.77914240514287,455.4580879211426,547
Napoli,3525,14.254987209865448,40.89396695194422,1013.9631958007812,547
Napoli,3525,14.193768086114575,40.93450727281779,377.19397354125977,547
Napoli,3525,14.375213156445607,40.79244653385773,559.0082244873047,547
Napoli,3525,14.31985354948311,40.844312650667376,853.775016784668,547
Napoli,3525,14.253048966165263,40.890866596599466,912.6104888916016,547
Napoli,3525,14.283312834613186,40.867158576067354,799.6215515136719,547
Napoli,3525,14.36910338611144,40.9466898045208,609.1066017150879,547
Napoli,3525,14.293922816572678,40.956620301024444,337.23723793029785,547
Napoli,3525,14.215043029022448,40.822286394254945,553.1900959014893,547
Napoli,3525,14.264253253054768,40.891110659931165,910.487922668457,547
Napoli,3525,14.356208276535511,40.79812199782394,345.14653396606445,547
Napoli,3525,14.21717729565737,40.83688765979651,946.9183502197266,547
Napoli,3525,14.380130423256023,40.866960370180905,398.6169319152832,547
Napoli,3525,14.191531234180472,40.82056571736968,482.04402923583984,547
Napoli,3525,14.178477438717632,40.857716962989706,545.9617309570312,547
Napoli,3525,14.330041272472677,40.853730629368776,792.4049758911133,547
Napoli,3525,14.194175057620201,40.83106996925187,749.759033203125,547
Napoli,3525,14.26212381014065,40.96848134661558,514.796947479248,547
Napoli,3525,14.298254627788568,40.94075529592275,474.5049629211426,547
Napoli,3525,14.181661525540118,40.825261360552446,263.89855575561523,547
Napoli,3525,14.294591316294163,40.92773571411963,436.66503524780273,547
Napoli,3525,14.380097685911851,40.908310646029854,357.08957290649414,547
Napoli,3525,14.17667254554295,40.91733840359993,163.16169929504395,547
Napoli,3525,14.169859558476759,40.924321783101234,340.0331916809082,547
Napoli,3525,14.211755167130367,40.93612743549651,267.8303050994873,547
Napoli,3525,14.208105014746659,40.837296120613054,873.1201477050781,547
Napoli,3525,14.20588358781528,40.831108012904906,689.6384582519531,547
Napoli,3525,14.178056374230799,40.890867751008,539.2580223083496,547
Napoli,3525,14.28568044013287,40.90390317503528,566.4506225585938,547
Napoli,3525,14.19881292822365,40.92890489327429,476.98162841796875,547
Napoli,3525,14.204334988408732,40.906661046019046,598.5545425415039,547
Napoli,3525,14.298433895779144,40.87205236794588,564.0335330963135,547
Napoli,3525,14.361369842216668,40.91140954145084,348.7941017150879,547
Napoli,3525,14.174883579502577,40.860114664939665,625.6351623535156,547
Napoli,3525,14.259055644245283,40.91473531724738,220.6781711578369,547
Napoli,3525,14.293293849518315,40.893310587189866,565.9066123962402,547
Napoli,3525,14.206708825876932,40.84223733956706,644.3161392211914,547
Napoli,3525,14.329289851483349,40.85578538791102,902.0769271850586,547
Napoli,3525,14.358232307491932,40.822417496422204,442.19188690185547,547
Napoli,3525,14.283681705141865,40.93871869993082,370.6076469421387,547
Napoli,3525,14.310973941943695,40.91681651892821,465.11077880859375,547
Napoli,3525,14.220248185167492,40.97472020344279,101.70275497436523,547
Napoli,3525,14.243315730954574,40.93584639841498,403.67385482788086,547
Napoli,3525,14.231898766351813,40.902993452223896,721.3038864135742,547
Napoli,3525,14.21221388348875,40.95856648649723,144.61002159118652,547
Napoli,3525,14.247963315255218,40.897637293809744,568.0026779174805,547
Napoli,3525,14.193729626062495,40.8042948874886,430.71734619140625,547
Napoli,3525,14.204865148291237,40.91416722255617,457.36045837402344,547
Napoli,3525,14.275125562685899,40.859730402210985,771.0214996337891,547
Napoli,3525,14.235730576354571,40.88711274254454,409.91930770874023,547
Napoli,3525,14.312559909228423,40.929802516841384,539.3144493103027,547
Napoli,3525,14.247721522548774,40.83729414376204,518.7245407104492,547
Napoli,3525,14.272469688676491,40.91308390155463,312.6448440551758,547
Napoli,3525,14.315322829879898,40.956500194999975,157.77602005004883,547
Napoli,3525,14.27232825041905,40.95616753454185,346.90704345703125,547
Napoli,3525,14.19351467750495,40.927151186857536,338.36170196533203,547
Napoli,3525,14.266917404450401,40.88462980445216,436.5312614440918,547
Napoli,3525,14.299729164964889,40.85460869207359,426.80638885498047,547
Napoli,3525,14.350425597405886,40.80206791105525,189.68147659301758,547
Napoli,3525,14.160424952792821,40.86209547984213,130.4132785797119,547
Napoli,3525,14.353692540174583,40.89972693050969,570.541820526123,547
Napoli,3525,14.34108861827147,40.85489349185048,319.79940032958984,547
Napoli,3525,14.358121108028183,40.81254645326554,422.3516426086426,547
Napoli,3525,14.26581958228799,40.96210125309671,664.5238876342773,547
Napoli,3525,14.370287028606974,40.78990915291729,771.1276779174805,547
Napoli,3525,14.345172576636198,40.830994488514754,944.8812217712402,547
Napoli,3525,14.213800655508862,40.96691310090228,423.8868637084961,547
Napoli,3525,14.176261544324456,40.87417163675782,194.14313316345215,547
Napoli,3525,14.23020055561368,40.83614233823307,1214.2485046386719,547
Napoli,3525,14.188361090320322,40.96345069287238,574.3243370056152,547
Napoli,3525,14.176610827790661,40.85305519908039,475.4345054626465,547
Napoli,3525,14.191756859982762,40.89844707904242,644.8949432373047,547
Napoli,3525,14.237274465832167,40.87156324583712,735.0114974975586,547
Napoli,3525,14.335255556658321,40.82008966696882,899.8709564208984,547
Napoli,3525,14.19582901673574,40.898932364078334,554.5808334350586,547
Napoli,3525,14.245201113109601,40.871769480671965,449.0625762939453,547
Napoli,3525,14.214822513091153,40.83235379771281,607.6885948181152,547
Napoli,3525,14.328471724916223,40.898404616381235,289.9220657348633,547
Napoli,3525,14.19480202468387,40.85183454325233,391.7335624694824,547
Napoli,3525,14.268285392719164,40.849650291671075,953.5807418823242,547
Napoli,3525,14.26335993431444,40.91764457642588,386.7560501098633,547
Napoli,3525,14.342088864174706,40.82507570737858,917.4808883666992,547
Napoli,3525,14.230809880818063,40.86809823054789,754.6698532104492,547
Napoli,3525,14.167501742146884,40.81506402286596,707.9801750183105,547
Napoli,3525,14.277450184497473,40.84853417029469,467.9633331298828,547
Napoli,3525,14.188128161724814,40.86418609084225,272.73664474487305,547
Napoli,3525,14.195840999723949,40.919997244377626,671.9844818115234,547
Napoli,3525,14.26219451605416,40.89297222295846,1154.302391052246,547
Napoli,3525,14.283317323599915,40.890670781876736,1211.2547302246094,547
Napoli,3525,14.251862286522396,40.96962177378943,176.557523727417,547
Napoli,3525,14.295142675158882,40.88320225712121,343.58108139038086,547
Napoli,3525,14.216082367240151,40.83416743842089,715.237419128418,547
Napoli,3525,14.244341404554781,40.93990261416332,582.9538116455078,547
Napoli,3525,14.257600251537538,40.9382507615683,580.250373840332,547
Napoli,3525,14.210592640162842,40.92916103950146,448.9980278015137,547
Napoli,3525,14.287155168025944,40.864546015264835,376.8000259399414,547
Napoli,3525,14.269169535756273,40.94166640309574,539.6296730041504,547
Napoli,3525,14.205004626648071,40.81540702231225,387.8616142272949,547
Napoli,3525,14.24101507222983,40.90345643355574,566.9667358398438,547
Napoli,3525,14.34020251261181,40.82689760363488,806.3850898742676,547
Napoli,3525,14.170271661776193,40.96935878366859,325.4570770263672,547
Napoli,3525,14.23999568147741,40.8711864987032,692.0566825866699,547
Napoli,3525,14.361096116605006,40.84101669357245,387.5248336791992,547
Napoli,3525,14.29490971412606,40.866952386519756,470.78576278686523,547
Napoli,3525,14.215471360477563,40.854358706684415,433.10297775268555,547
Napoli,3525,14.186890287255277,40.83255986626437,399.65936279296875,547
Napoli,3525,14.30916535292379,40.835414991621434,566.9956283569336,547
Napoli,3525,14.32905287150937,40.86681001083502,849.4341888427734,547
Napoli,3525,14.383805756362252,40.90937268033141,414.29718017578125,547
Napoli,3525,14.172340748503458,40.860802345935035,791.1707000732422,547
Napoli,3525,14.286834844599749,40.8730950577685,520.5364608764648,547
Napoli,3525,14.244855185059897,40.93283984599959,295.7420310974121,547
Napoli,3525,14.267447559596448,40.956423450991835,723.7591171264648,547
Napoli,3525,14.207015047207014,40.931396040190336,439.3498649597168,547
Napoli,3525,14.280611643528525,40.873475137808846,315.14887619018555,547
Napoli,3525,14.378362454829508,40.90955768511584,348.9725799560547,547
Napoli,3525,14.203664178535439,40.84224343918825,629.093879699707,547
Napoli,3525,14.198576170183744,40.82314690853991,797.7581939697266,547
Napoli,3525,14.248674867977334,40.901514764486116,573.8000946044922,547
Napoli,3525,14.175836392008508,40.92376130029277,347.6692886352539,547
Napoli,3525,14.228105211786788,40.96583893661102,481.56229400634766,547
Napoli,3525,14.220243071934599,40.85988951299754,621.4246597290039,547
Napoli,3525,14.159871723267196,40.95793942887554,627.1509056091309,547
Napoli,3525,14.18513347857507,40.8440544552122,806.5724220275879,547
Napoli,3525,14.33069628340166,40.85168046668385,1111.4904403686523,547
Napoli,3525,14.310930064828554,40.88056558826943,437.80877685546875,547
Napoli,3525,14.297529269308328,40.86089308199809,411.4967956542969,547
Napoli,3525,14.225181530398643,40.896399750343676,401.8327102661133,547
Napoli,3525,14.200486332481537,40.910650498426236,335.1763610839844,547
Napoli,3525,14.248315322632196,40.84791918433873,637.5725784301758,547
Napoli,3525,14.213524192603359,40.874553073573594,308.16772842407227,547
Napoli,3525,14.248837358895365,40.88633105165151,849.8327751159668,547
Napoli,3525,14.2310174039053,40.93767376447004,405.02050399780273,547
Napoli,3525,14.18060318682374,40.90179156028256,421.8647689819336,547
Napoli,3525,14.149921260289338,40.898497508684194,569.1672096252441,547
Napoli,3525,14.339917450600652,40.831580466222235,772.9514999389648,547
Napoli,3525,14.340270832186418,40.914688711081766,409.5290069580078,547
Napoli,3525,14.382908828915808,40.79353399728101,511.14917182922363,547
Napoli,3525,14.28925201541228,40.90306264178266,744.1735305786133,547
Napoli,3525,14.226765883064404,40.84990961700972,821.1096878051758,547
Napoli,3525,14.246667537587177,40.902083365519346,668.7014694213867,547
Napoli,3525,14.277402899199707,40.886296920715296,333.4084129333496,547
Napoli,3525,14.211803637833302,40.931186720357175,549.6139755249023,547
Napoli,3525,14.21731778649743,40.91187430958898,544.7980690002441,547
Napoli,3525,14.295210593075671,40.91335688273071,539.9277191162109,547
Napoli,3525,14.362137977613479,40.805171808833755,788.1690254211426,547
Napoli,3525,14.345309767328459,40.912830887277174,649.5931549072266,547
Napoli,3525,14.151688679116418,40.879021141818924,416.1433982849121,547
Napoli,3525,14.265355375131634,40.93248437775267,328.14201736450195,547
Napoli,3525,14.279083783348955,40.86562433974779,346.2771110534668,547
Napoli,3525,14.22060167074924,40.85327126492584,881.082160949707,547
Napoli,3525,14.204619884254816,40.89658763850257,674.5084533691406,547
Napoli,3525,14.252547314738285,40.89388509286123,915.6417274475098,547
Napoli,3525,14.19289267197235,40.95962648081068,182.00495529174805,547
Napoli,3525,14.225343059583185,40.88937812913511,506.7551803588867,547
Napoli,3525,14.325458275477834,40.892151800087476,150.8704013824463,547
Napoli,3525,14.200811449211614,40.971252458138366,563.6779136657715,547
Napoli,3525,14.293473213168976,40.91501620070509,633.4705352783203,547
Napoli,3525,14.30324769928205,40.91760105279101,596.3949508666992,547
Napoli,3525,14.372301734036315,40.909306550794156,294.69081115722656,547
Napoli,3525,14.366228970125558,40.79446339316397,468.71934509277344,547
Napoli,3525,14.218280668890023,40.83907296239929,883.4068450927734,547
Napoli,3525,14.213332556479997,40.88333350579999,30.236534118652344,547
Napoli,3525,14.2698938106814,40.974305409085346,413.1758460998535,547
Napoli,3525,14.222521475574563,40.92494363975589,621.9897842407227,547
Napoli,3525,14.211234012091355,40.899964186731395,419.1607608795166,547
Napoli,3525,14.258247159639623,40.93328738027616,340.5284996032715,547
Napoli,3525,14.301959610455645,40.87123832974916,536.8461227416992,547
Napoli,3525,14.232641572046642,40.855215108971656,928.0144271850586,547
Napoli,3525,14.350496252661756,40.8527011025769,133.4714584350586,547
Napoli,3525,14.184714458036437,40.8807800713894,394.8002815246582,547
Napoli,3525,14.331197615796025,40.871957429345194,849.9735488891602,547
Napoli,3525,14.18421060317956,40.90921444637259,257.4244728088379,547
Napoli,3525,14.216544881504861,40.96673549003627,260.82909393310547,547
Napoli,3525,14.301442918366432,40.83637521409709,950.8146286010742,547
Napoli,3525,14.304995105805991,40.90346885369522,290.1551761627197,547
Napoli,3525,14.1866601007045,40.90725927259072,473.7240753173828,547
Napoli,3525,14.2221608408832,40.887113708261374,268.13180923461914,547
Napoli,3525,14.243525014763067,40.945279478066084,558.7263717651367,547
Napoli,3525,14.215109134881681,40.84268341692466,324.6523971557617,547
Napoli,3525,14.261677581930375,40.8481182202751,684.8644027709961,547
Napoli,3525,14.28051989830128,40.946707903999425,569.9540405273438,547
Napoli,3525,14.187932248297633,40.92515962227428,672.6466674804688,547
Napoli,3525,14.28410583443109,40.8449215618602,641.444896697998,547
Napoli,3525,14.150764371061747,40.92896961900469,356.7497673034668,547
Napoli,3525,14.216939004490788,40.85012054143731,386.66171646118164,547
Napoli,3525,14.19085644309497,40.8323983471337,698.9156646728516,547
Napoli,3525,14.273128789958307,40.952235281749466,550.1508827209473,547
Napoli,3525,14.241893989569107,40.86213302864416,416.0804672241211,547
Napoli,3525,14.197636067954987,40.835576033999516,541.5786285400391,547
Napoli,3525,14.246977973861881,40.924905278217516,430.94311904907227,547
Napoli,3525,14.38116621830453,40.86964423527945,342.35164642333984,547
Napoli,3525,14.178069936221407,40.893344661785285,532.8484992980957,547
Napoli,3525,14.37663613433682,40.85028279157839,351.26908111572266,547
Napoli,3525,14.249820538535634,40.95573198920109,445.2296905517578,547
Napoli,3525,14.307916655949938,40.96333350547999,62.3390998840332,547
Napoli,3525,14.203108398718866,40.87090256127973,248.88825035095215,547
Napoli,3525,14.179053981748764,40.81748141026639,639.1303405761719,547
Napoli,3525,14.24383946034658,40.89958414865284,493.87012100219727,547
Napoli,3525,14.17598319346866,40.896850830843725,341.6116428375244,547
Napoli,3525,14.296658257919868,40.951515021357,646.3861045837402,547
Napoli,3525,14.20533210220572,40.97317492944001,308.71499252319336,547
Napoli,3525,14.163661047743997,40.85019354652574,367.46833419799805,547
Napoli,3525,14.251117961632707,40.954715611748945,313.7594795227051,547
Napoli,3525,14.312567273000877,40.84125666086739,613.5084991455078,547
Napoli,3525,14.264720687800004,40.914264627477515,639.3114471435547,547
Napoli,3525,14.190016412741315,40.91668362167841,575.9074668884277,547
Napoli,3525,14.247733109508014,40.84417581209313,770.6512222290039,547
Napoli,3525,14.247449056977434,40.930660263745786,452.00450134277344,547
Napoli,3525,14.251634364486764,40.85520891469591,1067.359130859375,547
Napoli,3525,14.19677229359561,40.968609586984705,582.9036865234375,547
Napoli,3525,14.172183341390028,40.84691797812473,288.9109001159668,547
Napoli,3525,14.24334700518755,40.85806949865666,656.7875213623047,547
Napoli,3525,14.257096960193955,40.96894744520703,503.6507148742676,547
Napoli,3525,14.301034769432821,40.87851934035064,257.0784549713135,547
Napoli,3525,14.206041071916138,40.9012627454023,439.31152725219727,547
Napoli,3525,14.269070315687769,40.852671608552754,774.4382705688477,547
Napoli,3525,14.222866372532511,40.86832365798781,282.49772453308105,547
Napoli,3525,14.262907724876788,40.86589870972863,606.6435241699219,547
Napoli,3525,14.147975545971047,40.87443048750549,247.2939224243164,547
Napoli,3525,14.22879157765575,40.88297474858071,281.0722427368164,547
Napoli,3525,14.276726710838135,40.868353406846346,457.90311431884766,547
Napoli,3525,14.236675860324283,40.93998703829562,556.2954292297363,547
Napoli,3525,14.269645363793698,40.91754372400337,486.3983497619629,547
Napoli,3525,14.271766434443515,40.9077726838457,703.926513671875,547
Napoli,3525,14.149165674771206,40.92081517347689,549.2332534790039,547
Napoli,3525,14.233645028911104,40.91603440288722,653.7340774536133,547
Napoli,3525,14.309113161090616,40.88309409743912,466.84569358825684,547
Napoli,3525,14.16504837591403,40.8150938443578,634.4950904846191,547
Napoli,3525,14.234082833462015,40.869228400611156,753.5448760986328,547
Napoli,3525,14.307505817716349,40.92436435847154,715.1588821411133,547
Napoli,3525,14.270553885852072,40.903061976584304,1414.4407539367676,547
Napoli,3525,14.345933129843534,40.83674092036832,766.7965927124023,547
Napoli,3525,14.221026467056465,40.82959518135132,839.0188980102539,547
Napoli,3525,14.165891028573407,40.81908130035228,636.9151840209961,547
Napoli,3525,14.23219395187119,40.839351389841624,965.9892158508301,547
Napoli,3525,14.350189044510554,40.8712994886515,327.63941192626953,547
Napoli,3525,14.229698064924069,40.959862825679345,373.72719383239746,547
Napoli,3525,14.24616772278364,40.95499593491932,390.87588119506836,547
Napoli,3525,14.347859344299616,40.89747203552174,652.6765213012695,547
Napoli,3525,14.199164333520384,40.97306341639186,383.6451301574707,547
Napoli,3525,14.307285404381837,40.89796285166075,460.066104888916,547
Napoli,3525,14.338817021256359,40.81630574921989,711.2329864501953,547
Napoli,3525,14.14458322501199,40.865402110724744,125.66867446899414,547
Napoli,3525,14.344222964870388,40.90645805163335,639.5242881774902,547
Napoli,3525,14.250001140212296,40.88429822569101,435.1231346130371,547
Napoli,3525,14.159222993887216,40.92016289008659,534.0016670227051,547
Napoli,3525,14.368332555859997,40.85250017258999,32.583065032958984,547
Napoli,3525,14.375092129886541,40.94903735670179,542.0768432617188,547
Napoli,3525,14.292254444414432,40.9471454058944,300.38059997558594,547
Napoli,3525,14.36923783583352,40.94010748366486,611.2669906616211,547
Napoli,3525,14.332067824274947,40.91047997094811,156.51644325256348,547
Napoli,3525,14.354320741104138,40.8711631069294,267.6997947692871,547
Napoli,3525,14.210978508251598,40.912004476642856,605.5786018371582,547
Napoli,3525,14.21096457237399,40.82496941485062,730.3910388946533,547
Napoli,3525,14.240473511785728,40.877565113680724,299.2870979309082,547
Napoli,3525,14.380209273664587,40.938187689701486,222.76360893249512,547
Napoli,3525,14.174866655329735,40.93429636995797,217.97488021850586,547
Napoli,3525,14.296861308466625,40.86294144993764,195.90230560302734,547
Napoli,3525,14.318197481656243,40.833018757939286,1476.6276016235352,547
Napoli,3525,14.348357721579822,40.81716156138782,800.6668853759766,547
Napoli,3525,14.327883571519052,40.87212805679835,854.2157020568848,547
Napoli,3525,14.209167484851442,40.83499919895622,753.984504699707,547
Napoli,3525,14.35418310852076,40.803366655037976,526.1924247741699,547
Napoli,3525,14.168510757860899,40.826424620027225,350.58643913269043,547
Napoli,3525,14.313354211307681,40.83153133575992,725.9301643371582,547
Napoli,3525,14.260088732117413,40.88995960973503,862.196533203125,547
Napoli,3525,14.292415568200301,40.85879182564902,639.9033432006836,547
Napoli,3525,14.33600495833983,40.84509936611774,409.81468963623047,547
Napoli,3525,14.27239137436411,40.938231979226686,478.17470932006836,547
Napoli,3525,14.33411235180501,40.85845456082369,674.6176567077637,547
Napoli,3525,14.299219855463951,40.94760648925308,552.5319137573242,547
Napoli,3525,14.221557189631705,40.89285111784145,501.08612060546875,547
Napoli,3525,14.192394148626695,40.82998460536407,741.6548538208008,547
Napoli,3525,14.191305986045089,40.79958322978624,296.93967056274414,547
Napoli,3525,14.247733950027925,40.872274231287186,670.920711517334,547
Napoli,3525,14.260072407727211,40.861325372057756,709.8982086181641,547
Napoli,3525,14.318703131283943,40.84204137344337,1178.0305557250977,547
Napoli,3525,14.348210959766654,40.83589789857442,977.5842132568359,547
Napoli,3525,14.233032212119689,40.86733646094331,757.6641693115234,547
Napoli,3525,14.285574115398441,40.84946897407054,571.6716194152832,547
Napoli,3525,14.221825152402925,40.85083172467939,968.4455642700195,547
Napoli,3525,14.219983253478413,40.924946959324195,617.1649436950684,547
Napoli,3525,14.2008512375034,40.80469932294908,392.09218978881836,547
Napoli,3525,14.212605704995763,40.92824851226445,493.1459503173828,547
Napoli,3525,14.280529407274049,40.939286902079814,543.3829116821289,547
Napoli,3525,14.32079471814935,40.861608673436905,565.8085899353027,547
Napoli,3525,14.184675338648765,40.96250925941942,376.46227645874023,547
Napoli,3525,14.231047785214168,40.880859731392725,313.91072845458984,547
Napoli,3525,14.355058275254454,40.90211571538371,684.0546493530273,547
Napoli,3525,14.345813760376005,40.87724996246372,376.7190246582031,547
Napoli,3525,14.366445767430848,40.787507234595246,609.1540946960449,547
Napoli,3525,14.340953508046477,40.84746340329766,888.3647117614746,547
Napoli,3525,14.321521329950864,40.85405602524271,817.6389617919922,547
Napoli,3525,14.310933630131412,40.96007212299618,245.04669380187988,547
Napoli,3525,14.366604815885319,40.95112786344596,408.03208923339844,547
Napoli,3525,14.360835855574402,40.795370412515695,372.6631660461426,547
Napoli,3525,14.178460643256944,40.847724562172516,544.5417556762695,547
Napoli,3525,14.161545873150294,40.974160045063826,246.192626953125,547
Napoli,3525,14.32652032285538,40.900299677194695,534.7426414489746,547
Napoli,3525,14.312585041627202,40.85624376346874,259.3415946960449,547
Napoli,3525,14.200300926625513,40.925375779944474,817.2634124755859,547
Napoli,3525,14.198192712900314,40.829856757047345,658.0579299926758,547
Napoli,3525,14.366290389207496,40.90623589201289,444.0666046142578,547
Napoli,3525,14.272502563693063,40.856903276384195,728.9445190429688,547
Napoli,3525,14.358784211381195,40.80502348351707,460.5878314971924,547
Napoli,3525,14.166023244249892,40.97099145005954,481.55528450012207,547
Napoli,3525,14.332862574199359,40.837579971428006,401.8480987548828,547
Napoli,3525,14.332211499708327,40.81729879667915,698.9044876098633,547
Napoli,3525,14.273808559901019,40.890154647520795,654.5434265136719,547
Napoli,3525,14.195484286424398,40.80530158219766,542.2111473083496,547
Napoli,3525,14.224694735182796,40.83296172144633,1003.2008285522461,547
Napoli,3525,14.215682980196467,40.913348115770646,376.1415672302246,547
Napoli,3525,14.174722170117006,40.86565410095167,307.3284492492676,547
Napoli,3525,14.174818402522979,40.88975626575058,315.21776962280273,547
Napoli,3525,14.232904595708048,40.91351922124638,863.1429977416992,547
Napoli,3525,14.168654045802331,40.90186213600238,271.3390522003174,547
Napoli,3525,14.317312437773465,40.82493065188288,182.90436172485352,547
Napoli,3525,14.299944947462789,40.89711661475371,152.0588150024414,547
Napoli,3525,14.321729027970044,40.84129150967301,1097.1220741271973,547
Napoli,3525,14.304528674740311,40.8784079859334,268.8467559814453,547
Napoli,3525,14.328257042041935,40.886647963324165,412.5752067565918,547
Napoli,3525,14.354860736406334,40.86001419260232,391.27034759521484,547
Napoli,3525,14.368315301978086,40.822695010137885,251.77325248718262,547
Napoli,3525,14.26472606900432,40.96490239000944,739.3787612915039,547
Napoli,3525,14.20656596175336,40.92359861147196,667.3650436401367,547
Napoli,3525,14.318198385774755,40.93124401946036,265.5136089324951,547
Napoli,3525,14.208541350267224,40.93737302692579,240.58576202392578,547
Napoli,3525,14.168706766888729,40.95666850892632,423.3600158691406,547
Napoli,3525,14.36678257736807,40.946754243225264,564.4964981079102,547
Napoli,3525,14.36054509060547,40.947497866877384,389.28015899658203,547
Napoli,3525,14.308338922282884,40.833483910189244,608.940357208252,547
Napoli,3525,14.207166151819308,40.87230305549601,411.75217056274414,547
Napoli,3525,14.234110761614359,40.92301435357348,705.0416297912598,547
Napoli,3525,14.297212706170303,40.89757610082807,484.81744384765625,547
Napoli,3525,14.18708641293855,40.87456139599288,132.85444450378418,547
Napoli,3525,14.264267057838325,40.85761811561263,906.0970840454102,547
Napoli,3525,14.161773722029656,40.83374570354446,135.70589447021484,547
Napoli,3525,14.301251993278136,40.92207052296286,662.7764129638672,547
Napoli,3525,14.334965982188073,40.838388672072114,353.26475524902344,547
Napoli,3525,14.341511537433353,40.86379154262742,392.9846496582031,547
Napoli,3525,14.337749343766953,40.807749124016716,226.70619201660156,547
Napoli,3525,14.353731506513334,40.81564624967982,638.3249855041504,547
Napoli,3525,14.236658056742462,40.92581351968705,608.7969245910645,547
Napoli,3525,14.301915600799024,40.932139745998846,285.10677337646484,547
Napoli,3525,14.332245101683124,40.82756403789358,752.9587478637695,547
Napoli,3525,14.14448515318677,40.91336701372602,641.1718139648438,547
Napoli,3525,14.207905089024983,40.9424750091101,282.3186683654785,547
Napoli,3525,14.301466843801796,40.951117809759545,540.8453788757324,547
Napoli,3525,14.257765833741114,40.8598711111234,930.3320159912109,547
Napoli,3525,14.169781310030537,40.963163081103474,426.82691955566406,547
Napoli,3525,14.18928992278558,40.96870570607064,408.74203872680664,547
Napoli,3525,14.200148106245289,40.91411270229657,484.46437072753906,547
Napoli,3525,14.320031868217397,40.926765167443605,412.7326774597168,547
Napoli,3525,14.359873609015652,40.81650470388422,491.77500915527344,547
Napoli,3525,14.36194475535778,40.84891478393656,501.09510803222656,547
Napoli,3525,14.355707242238932,40.8224566571764,610.0390090942383,547
Napoli,3525,14.26207981842161,40.93833688902749,290.18155670166016,547
Napoli,3525,14.23283341570995,40.83709964161624,1032.9004821777344,547
Napoli,3525,14.210372208331234,40.89166683909999,67.63278388977051,547
Napoli,3525,14.269585726130721,40.893250507550256,553.1818695068359,547
Napoli,3525,14.191257333628982,40.868272737881334,255.50057220458984,547
Napoli,3525,14.199835402006801,40.90529392135844,303.51856231689453,547
Napoli,3525,14.229349991510961,40.84925818092628,1057.5267028808594,547
Napoli,3525,14.2516714063883,40.938005994983726,312.4755325317383,547
Napoli,3525,14.154898848005637,40.92154581061878,666.5559539794922,547
Napoli,3525,14.189179615694325,40.86866908709705,398.3905143737793,547
Napoli,3525,14.158741222215781,40.85637460927214,209.20321083068848,547
Napoli,3525,14.243499811603254,40.8325436208259,679.7360534667969,547
Napoli,3525,14.166793825592704,40.96502689759638,464.25630950927734,547
Napoli,3525,14.195881005739157,40.895222196662274,408.476993560791,547
Napoli,3525,14.34676324324047,40.91139942529341,787.1557998657227,547
Napoli,3525,14.312791994126533,40.8716418566982,252.66563034057617,547
Napoli,3525,14.187702233121545,40.93321592037209,248.37693786621094,547
Napoli,3525,14.266490101229103,40.972221186834005,752.7515487670898,547
Napoli,3525,14.350004449636511,40.81875491873072,684.4075164794922,547
Napoli,3525,14.308638403503485,40.85433637141252,163.71356773376465,547
Napoli,3525,14.380822969403763,40.78082668936838,669.065803527832,547
Napoli,3525,14.367474449419309,40.820110553437566,227.53100204467773,547
Napoli,3525,14.22476611930685,40.9683824312593,249.22138595581055,547
Napoli,3525,14.210535917481645,40.81810280986562,527.6336402893066,547
Napoli,3525,14.20073259300599,40.82184326897405,606.3780059814453,547
Napoli,3525,14.343817916045014,40.89793493016138,193.10543060302734,547
Napoli,3525,14.282116573648732,40.904428781485706,523.8837127685547,547
Napoli,3525,14.30972022805482,40.85777690752179,91.4002456665039,547
Napoli,3525,14.247187588275267,40.92217432651045,409.1403636932373,547
Napoli,3525,14.207578372569868,40.8263812111516,821.0865135192871,547
Napoli,3525,14.358356444855541,40.81005077194301,518.6471862792969,547
Napoli,3525,14.280167407742491,40.86998040308418,565.2391662597656,547
Napoli,3525,14.245751560918118,40.891980853062634,899.157112121582,547
Napoli,3525,14.201735407711547,40.811701829423875,394.2550678253174,547
Napoli,3525,14.311671572257131,40.914812120414915,571.0641708374023,547
Napoli,3525,14.199376571211682,40.81086093666118,332.8965606689453,547
Napoli,3525,14.185238313981612,40.92446752826535,905.546028137207,547
Napoli,3525,14.153526872976498,40.91348023226209,294.22533416748047,547
Napoli,3525,14.239064819873287,40.85902575460732,625.6713714599609,547
Napoli,3525,14.213584797543664,40.82990878495934,824.3667297363281,547
Napoli,3525,14.25470993832631,40.949033292769116,348.86170196533203,547
Napoli,3525,14.191659048151685,40.93015559663532,443.2550964355469,547
Napoli,3525,14.34062082902978,40.91071765475992,724.7380905151367,547
Napoli,3525,14.189174029699046,40.90174990947972,721.9193115234375,547
Napoli,3525,14.343282294676085,40.83403514913411,755.9346237182617,547
Napoli,3525,14.241146591766668,40.91753912136535,180.20989608764648,547
Napoli,3525,14.358807048974379,40.834928602159366,531.1437072753906,547
Napoli,3525,14.318658684256143,40.878186318972354,310.6453323364258,547
Napoli,3525,14.377164998563398,40.846644250401816,296.7602024078369,547
Napoli,3525,14.197834755869115,40.926145814430804,735.7096328735352,547
Napoli,3525,14.35172236526545,40.86664086229325,387.72884368896484,547
Napoli,3525,14.195219802640931,40.86665068187694,267.56668853759766,547
Napoli,3525,14.309304450243493,40.93571810061333,371.4718589782715,547
Napoli,3525,14.344621015859548,40.827814646752195,1129.6836700439453,547
Napoli,3525,14.1989633755969,40.84518713723161,783.6184310913086,547
Napoli,3525,14.207480358312171,40.934155416921094,520.600399017334,547
Napoli,3525,14.312602605269234,40.839409500914186,632.7468414306641,547
Napoli,3525,14.312579774851704,40.86692791727685,429.6360969543457,547
Napoli,3525,14.326727605503597,40.81996730550379,710.3532295227051,547
Napoli,3525,14.274849606029926,40.846422074111906,265.6808090209961,547
Napoli,3525,14.289967352665018,40.93870961112403,314.1486282348633,547
Napoli,3525,14.207074397849437,40.940420406392576,224.05921936035156,547
Napoli,3525,14.21035588854466,40.93348967511384,504.5730400085449,547
Napoli,3525,14.190421939666637,40.96334183712088,352.6747741699219,547
Napoli,3525,14.287521130101185,40.85070965455018,654.2330150604248,547
Napoli,3525,14.202068033653786,40.92822241532687,554.8840637207031,547
Napoli,3525,14.215172135893937,40.85611233083263,193.27756309509277,547
Napoli,3525,14.321997424973057,40.83270273538015,923.1486206054688,547
Napoli,3525,14.171646123285925,40.85416838547222,757.3199234008789,547
Napoli,3525,14.24230254328337,40.89530547116754,1096.6997833251953,547
Napoli,3525,14.21237601092541,40.822415142206026,675.1390151977539,547
Napoli,3525,14.203014436311088,40.97320464765949,346.70435333251953,547
Napoli,3525,14.295665293539114,40.843844237165534,172.58514022827148,547
Napoli,3525,14.362216818192225,40.787680070154906,358.16537857055664,547
Napoli,3525,14.34970092006518,40.91558711767652,395.6521644592285,547
Napoli,3525,14.180604819543024,40.891497207112536,460.7264518737793,547
Napoli,3525,14.246648342490051,40.947563509478144,392.97257232666016,547
Napoli,3525,14.187876022242097,40.81379702098333,149.63003540039062,547
Napoli,3525,14.359526843292022,40.88792923778575,285.3549461364746,547
Napoli,3525,14.351679636661258,40.86959838294428,511.5835494995117,547
Napoli,3525,14.329948153213564,40.86941814573038,1210.3720626831055,547
Napoli,3525,14.356931309286455,40.84637614574062,106.72858810424805,547
Napoli,3525,14.2941849330622,40.91986942820319,375.72777557373047,547
Napoli,3525,14.2696629507268,40.88815950937951,538.490478515625,547
Napoli,3525,14.21847009478264,40.824320482210304,757.8433151245117,547
Napoli,3525,14.249965699739512,40.83301325326999,587.4733772277832,547
Napoli,3525,14.18754316770298,40.82160820594491,577.0109939575195,547
Napoli,3525,14.146331475052225,40.928323794637635,170.6534423828125,547
Napoli,3525,14.151124267069966,40.922743018543876,354.16850662231445,547
Napoli,3525,14.379151520070927,40.85208993783984,309.1863822937012,547
Napoli,3525,14.205441369948351,40.940824549668214,211.22992515563965,547
Napoli,3525,14.339276404653955,40.849598172727156,631.787353515625,547
Napoli,3525,14.236346072339629,40.879964831855936,388.7400016784668,547
Napoli,3525,14.296497005830311,40.918499384748465,668.6873359680176,547
Napoli,3525,14.306898844710254,40.93085575595677,448.1122169494629,547
Napoli,3525,14.376590218278665,40.79742736344633,576.8802452087402,547
Napoli,3525,14.269171250142946,40.854583092699706,647.0451583862305,547
Napoli,3525,14.315187304240355,40.852223995649574,424.50890350341797,547
Napoli,3525,14.266804718333026,40.94095135016389,472.0830764770508,547
Napoli,3525,14.215905215547421,40.824490182682695,769.6644058227539,547
Napoli,3525,14.328440619082611,40.82929688057167,553.561595916748,547
Napoli,3525,14.209377112759903,40.961702176452576,353.45706939697266,547
Napoli,3525,14.288999548629842,40.93243536188821,217.99440002441406,547
Napoli,3525,14.251377065542917,40.9604227423844,606.7659111022949,547
Napoli,3525,14.331024603894207,40.84307832308051,413.33850479125977,547
Napoli,3525,14.21247947136594,40.83187426121379,653.9426040649414,547
Napoli,3525,14.26078910863457,40.88302420262523,182.15774536132812,547
Napoli,3525,14.26905002929588,40.91491152425002,598.4185485839844,547
Napoli,3525,14.166353233966472,40.959032196361505,355.6916618347168,547
Napoli,3525,14.21474368863423,40.83543755737048,723.5320892333984,547
Napoli,3525,14.2782439627195,40.86321749658163,722.0782852172852,547
Napoli,3525,14.168122412110495,40.925814485757165,249.97582054138184,547
Napoli,3525,14.23161953260465,40.96619465804963,493.6302604675293,547
Napoli,3525,14.308338272997903,40.84001701656179,717.9325714111328,547
Napoli,3525,14.286780834272566,40.91667620702961,440.77877044677734,547
Napoli,3525,14.237565818532827,40.888308786040206,472.9405059814453,547
Napoli,3525,14.29075445541743,40.911164180421224,661.0755348205566,547
Napoli,3525,14.236500012634977,40.89650218499136,688.5398101806641,547
Napoli,3525,14.195068188455506,40.8467773620433,695.7431259155273,547
Napoli,3525,14.297502608833575,40.88244898800693,249.33837509155273,547
Napoli,3525,14.283357971636681,40.86144612841434,875.1033802032471,547
Napoli,3525,14.310857639135756,40.928918182994835,474.20664978027344,547
Napoli,3525,14.229014959548575,40.90932094251977,364.89579010009766,547
Napoli,3525,14.341171836466183,40.838387645686055,601.2107772827148,547
Napoli,3525,14.177278052610072,40.90405486836312,244.82410621643066,547
Napoli,3525,14.301642227492646,40.87569699604195,558.7021598815918,547
Napoli,3525,14.287501605860337,40.9541040613454,494.4757843017578,547
Napoli,3525,14.31408277376775,40.87029757148103,393.7786407470703,547
Napoli,3525,14.198335267199647,40.86939713272394,301.34872817993164,547
Napoli,3525,14.236712931729716,40.960250066534726,253.1501808166504,547
Napoli,3525,14.324155703849394,40.82032947102884,518.1087818145752,547
Napoli,3525,14.222492512762447,40.92250037872317,715.5796737670898,547
Napoli,3525,14.289568995768189,40.86519736434502,520.1657905578613,547
Napoli,3525,14.19090020845658,40.89428723592692,648.2010498046875,547
Napoli,3525,14.28656393870179,40.94789700794371,583.3550109863281,547
Napoli,3525,14.22166977140162,40.832539320643534,761.2170104980469,547
Napoli,3525,14.200181103248187,40.847149372258805,747.0549049377441,547
Napoli,3525,14.163433053974527,40.923538182775005,514.1757545471191,547
Napoli,3525,14.284803076310592,40.859650663035325,342.06645011901855,547
Napoli,3525,14.342399009210443,40.87308989241404,507.1380844116211,547
Napoli,3525,14.209911218312,40.90222317108033,456.47165298461914,547
Napoli,3525,14.305098092171363,40.94821506415133,363.77199935913086,547
Napoli,3525,14.282112628441498,40.93532559828162,267.5334777832031,547
Napoli,3525,14.273840806840674,40.85162938206644,485.2462921142578,547
Napoli,3525,14.297643161946636,40.9640563804902,293.40991401672363,547
Napoli,3525,14.304891676299222,40.955656036630764,601.315128326416,547
Napoli,3525,14.265671399167392,40.876228492421205,393.32010650634766,547
Napoli,3525,14.234648361171505,40.90498976596628,733.1129455566406,547
Napoli,3525,14.21277544636353,40.96991454315364,533.1968383789062,547
Napoli,3525,14.320153583517172,40.83933261103364,996.6165542602539,547
Napoli,3525,14.243539950390034,40.89288345291122,1149.6755828857422,547
Napoli,3525,14.268332288859696,40.94478796054971,579.8718414306641,547
Napoli,3525,14.21880571385957,40.910371383436704,261.5043716430664,547
Napoli,3525,14.253141064528519,40.899109726593444,1022.1131896972656,547
Napoli,3525,14.327395975698298,40.84760839160486,900.1014862060547,547
Napoli,3525,14.347483368386952,40.80977679451447,469.5537757873535,547
Napoli,3525,14.22500157313769,40.92416051414933,698.5707855224609,547
Napoli,3525,14.366171608503615,40.936282235959375,208.04711151123047,547
Napoli,3525,14.208113072860163,40.85035965836393,270.75182914733887,547
Napoli,3525,14.183003373424608,40.82167404040342,392.65755462646484,547
Napoli,3525,14.182599638421106,40.89890968965462,684.0150451660156,547
Napoli,3525,14.363518412243527,40.80955259969979,218.23115730285645,547
Napoli,3525,14.256416519794435,40.90632426773079,340.9640121459961,547
Napoli,3525,14.23584372637264,40.88547904701176,345.54113006591797,547
Napoli,3525,14.209939896177668,40.8698961925743,294.06295585632324,547
Napoli,3525,14.264922895583084,40.85474786163281,948.8291397094727,547
Napoli,3525,14.215038795840693,40.86642955696223,443.59658432006836,547
Napoli,3525,14.26237268433936,40.850684602163476,609.4649200439453,547
Napoli,3525,14.173501259026038,40.846686576142076,178.07585525512695,547
Napoli,3525,14.344496474876475,40.86907712836175,331.2499542236328,547
Napoli,3525,14.322015928540793,40.87093604361961,313.71999168395996,547
Napoli,3525,14.338853773747491,40.87439450233864,463.87184143066406,547
Napoli,3525,14.288297694023885,40.94856279190258,449.13111877441406,547
Napoli,3525,14.198604129758161,40.80577357569694,650.363525390625,547
Napoli,3525,14.219318970871695,40.85058923752552,753.7722549438477,547
Napoli,3525,14.292259741130149,40.890927748073494,524.3713722229004,547
Napoli,3525,14.34215975308373,40.90707352793768,596.746768951416,547
Napoli,3525,14.263782424349392,40.9323464944594,442.38802337646484,547
Napoli,3525,14.276951757127433,40.962772187736,386.41325759887695,547
Napoli,3525,14.3080344021565,40.92171249771354,839.5731811523438,547
Napoli,3525,14.169696771586125,40.92088959743142,335.3514404296875,547
Napoli,3525,14.18711003982426,40.804531209771156,213.10807418823242,547
Napoli,3525,14.239088981575804,40.85668376402726,729.9025650024414,547
Napoli,3525,14.35872549501619,40.872070067912894,139.00096893310547,547
Napoli,3525,14.245674889050402,40.84301061856247,548.4546051025391,547
Napoli,3525,14.204905842585665,40.93570953357449,464.66710662841797,547
Napoli,3525,14.156662336598668,40.85486701011635,345.98449325561523,547
Napoli,3525,14.216950399223311,40.892586180639036,762.3923530578613,547
Napoli,3525,14.194061694778277,40.80198559937994,337.5410346984863,547
Napoli,3525,14.189401777333044,40.84290620436623,1066.8451309204102,547
Napoli,3525,14.19413721374467,40.82661251847085,712.5487823486328,547
Napoli,3525,14.331867683664068,40.87986757701694,179.22315979003906,547
Napoli,3525,14.30702767142296,40.882301463107865,345.8587074279785,547
Napoli,3525,14.267489018332506,40.865439445376445,1105.5650482177734,547
Napoli,3525,14.3152961746862,40.84175617004183,1201.3687744140625,547
Napoli,3525,14.379314537977336,40.945854009684375,372.7372055053711,547
Napoli,3525,14.184263764217203,40.92135949264991,708.9791030883789,547
Napoli,3525,14.230500515096688,40.96180695727983,412.53936767578125,547
Napoli,3525,14.24024714281453,40.94486089567337,509.87417221069336,547
Napoli,3525,14.337095246404047,40.87940419894205,465.8709259033203,547
Napoli,3525,14.356113164572921,40.87395309090988,410.9214172363281,547
Napoli,3525,14.246655057846686,40.866651268651324,399.77165603637695,547
Napoli,3525,14.347712889727113,40.91517723492432,632.7171173095703,547
Napoli,3525,14.182937976707976,40.90126200427295,295.95670318603516,547
Napoli,3525,14.291720357839182,40.95120788247943,508.62400817871094,547
Napoli,3525,14.355749358078176,40.810628228383656,564.3450622558594,547
Napoli,3525,14.282612383974108,40.898100343917704,788.8558616638184,547
Napoli,3525,14.285813485847783,40.86596725526337,455.03384017944336,547
Napoli,3525,14.21322131079837,40.84672106046934,401.3005256652832,547
Napoli,3525,14.261737846497383,40.943725946490176,311.2663764953613,547
Napoli,3525,14.36401939078711,40.9413727538175,453.0136070251465,547
Napoli,3525,14.346632249696514,40.90283536591344,800.0804748535156,547
Napoli,3525,14.272877793391583,40.94448240221013,665.7840118408203,547
Napoli,3525,14.145015809752312,40.88798122025274,160.58102416992188,547
Napoli,3525,14.229033620659102,40.88742965061595,702.3163452148438,547
Napoli,3525,14.362637461432186,40.952337241625244,296.4183292388916,547
Napoli,3525,14.303984030302155,40.83644058936047,625.0232925415039,547
Napoli,3525,14.152980147339292,40.880116226906054,190.2331428527832,547
Napoli,3525,14.245384225747559,40.85100956745855,1069.0819396972656,547
Napoli,3525,14.309297685130131,40.92654354320933,537.1540794372559,547
Napoli,3525,14.16201457360167,40.95493997162048,546.1627769470215,547
Napoli,3525,14.271648647772626,40.867559586708246,812.6160697937012,547
Napoli,3525,14.334900019126334,40.83430074720673,694.5223541259766,547
Napoli,3525,14.195841037559939,40.96159563047806,437.11389541625977,547
Napoli,3525,14.199058333515737,40.849513167841074,750.3865089416504,547
Napoli,3525,14.353338964805392,40.85164938437128,187.6361846923828,547
Napoli,3525,14.19400480858547,40.903237693647014,522.6025810241699,547
Napoli,3525,14.185230265367018,40.90493537538255,385.22682189941406,547
Napoli,3525,14.354205617675944,40.90939440236898,511.80524826049805,547
Napoli,3525,14.352175973424865,40.861253524505074,369.5367546081543,547
Napoli,3525,14.188324365980383,40.80092499903481,326.6431121826172,547
Napoli,3525,14.334974132931682,40.829978929014615,525.940544128418,547
Napoli,3525,14.209777266930343,40.96917758281449,405.25414657592773,547
Napoli,3525,14.22624972431863,40.84499494082014,646.3128433227539,547
Napoli,3525,14.243886808015242,40.90617307726095,603.1478157043457,547
Napoli,3525,14.263379935017737,40.873464850301254,832.7191467285156,547
Napoli,3525,14.357376420649953,40.857499467500084,199.33874702453613,547
Napoli,3525,14.188785360085486,40.82295020609533,329.39009857177734,547
Napoli,3525,14.178328138349254,40.927250326116166,443.691837310791,547
Napoli,3525,14.288551072918628,40.85598618713006,1111.4873695373535,547
Napoli,3525,14.330500071508375,40.91192229683779,214.4881477355957,547
Napoli,3525,14.260467824638962,40.884570415787636,308.3247718811035,547
Napoli,3525,14.315580626754745,40.85933195547316,306.4509105682373,547
Napoli,3525,14.237803265141807,40.84981724782607,914.8182220458984,547
Napoli,3525,14.288730721550571,40.8783074133193,353.81934356689453,547
Napoli,3525,14.246800707548696,40.93640392296129,460.5906639099121,547
Napoli,3525,14.349100407336802,40.80098130111811,226.4097442626953,547
Napoli,3525,14.186116616358282,40.92992504299325,379.2158432006836,547
Napoli,3525,14.261932236873415,40.90015352995566,512.893196105957,547
Napoli,3525,14.206705322442856,40.97469572779459,355.74524688720703,547
Napoli,3525,14.173336279104646,40.89087993335179,273.4878673553467,547
Napoli,3525,14.365711406648307,40.78446768111482,427.3024444580078,547
Napoli,3525,14.175952589233503,40.84742009748684,296.9866065979004,547
Napoli,3525,14.18229164767699,40.92388826492554,777.7257385253906,547
Napoli,3525,14.26490226686894,40.970285593867985,662.4622077941895,547
Napoli,3525,14.177719672352957,40.86397850716068,407.81493949890137,547
Napoli,3525,14.196025434865717,40.9146499269846,634.713737487793,547
Napoli,3525,14.25166588966,40.90942941232706,98.87664604187012,547
Napoli,3525,14.30892893970737,40.933283218755676,488.0532112121582,547
Napoli,3525,14.310740920705967,40.838064926333075,867.3009948730469,547
Napoli,3525,14.346815513549496,40.84071182900674,298.428165435791,547
Napoli,3525,14.314454916507769,40.83874642473362,941.6704788208008,547
Napoli,3525,14.198737604246348,40.9662869350607,437.77478408813477,547
Napoli,3525,14.278734638700039,40.856205266317005,544.3018608093262,547
Napoli,3525,14.287345484345051,40.90431618522441,557.2944183349609,547
Napoli,3525,14.175106554758552,40.96983055321602,617.5661125183105,547
Napoli,3525,14.33651125740333,40.837417850392804,337.2562675476074,547
Napoli,3525,14.362416986149677,40.816532430775844,391.41126251220703,547
Napoli,3525,14.314163229196296,40.92791466914266,427.9789505004883,547
Napoli,3525,14.37699276918404,40.9509236842943,402.0548095703125,547
Napoli,3525,14.246232463982295,40.85586542477285,668.1832046508789,547
Napoli,3525,14.153429544235857,40.91925817726779,660.4131546020508,547
Napoli,3525,14.212957215464664,40.904735932782515,430.4447784423828,547
Napoli,3525,14.338354583254374,40.84292051857881,656.6764144897461,547
Napoli,3525,14.341121369947393,40.913184761214744,413.34611892700195,547
Napoli,3525,14.223936566925019,40.86507023223764,339.39551734924316,547
Napoli,3525,14.20069211024965,40.93403824195305,343.2900848388672,547
Napoli,3525,14.177752637201161,40.89593633283065,656.8701858520508,547
Napoli,3525,14.32696901029915,40.83937673406852,1088.576789855957,547
Napoli,3525,14.25027896544062,40.95824139900901,448.0064125061035,547
Napoli,3525,14.25105517632447,40.90077998199561,775.5455169677734,547
Napoli,3525,14.356132163802076,40.8059348812744,738.4647979736328,547
Napoli,3525,14.309191992414481,40.87664180605559,368.21600341796875,547
Napoli,3525,14.351392112177567,40.834599968971055,495.9723815917969,547
Napoli,3525,14.147150742312801,40.87720915890989,574.7331657409668,547
Napoli,3525,14.356367878430854,40.83100302980584,495.912805557251,547
Napoli,3525,14.336524466350808,40.853156168052614,512.7853469848633,547
Napoli,3525,14.190358821216984,40.97479844638063,261.03100776672363,547
Napoli,3525,14.25947023933947,40.8579205239515,1227.1260223388672,547
Napoli,3525,14.237509603657632,40.943915401514026,403.0847969055176,547
Napoli,3525,14.34616809982567,40.80564568203694,288.81142807006836,547
Napoli,3525,14.310428156945846,40.872937980990734,150.31244659423828,547
Napoli,3525,14.367241044462643,40.94093138317466,637.6478881835938,547
Napoli,3525,14.30266181082648,40.953174272812035,798.8535461425781,547
Napoli,3525,14.257584367447839,40.935944539635436,514.3558311462402,547
Napoli,3525,14.251060146220253,40.92411061786624,359.31872177124023,547
Napoli,3525,14.171584171924128,40.91743630066417,225.6824016571045,547
Napoli,3525,14.226670285467181,40.91947480893186,576.518180847168,547
Napoli,3525,14.35755737470022,40.800761260422604,442.8450355529785,547
Napoli,3525,14.261935145225008,40.88825198677283,637.5252380371094,547
Napoli,3525,14.252339897224177,40.86158426677676,705.5191688537598,547
Napoli,3525,14.235298258552607,40.8401843449403,1272.9484558105469,547
Napoli,3525,14.21575630774692,40.84845170944742,325.2056350708008,547
Napoli,3525,14.259161821340188,40.940819550918334,520.2186889648438,547
Napoli,3525,14.26749745533288,40.86899361320034,1131.5450134277344,547
Napoli,3525,14.148390329991987,40.88162311446892,334.3105278015137,547
Napoli,3525,14.236187789704623,40.837981565020655,752.0198516845703,547
Napoli,3525,14.301104927263289,40.92663586059705,528.0030975341797,547
Napoli,3525,14.270259058729957,40.84522345413221,408.8659858703613,547
Napoli,3525,14.34568785351682,40.83905280460111,663.7904052734375,547
Napoli,3525,14.26728068761312,40.88781882058397,724.0938949584961,547
Napoli,3525,14.253062581118371,40.96228571492069,491.9789009094238,547
Napoli,3525,14.160824220986818,40.84060308470264,136.82765769958496,547
Napoli,3525,14.32171978530385,40.86402242915509,275.9763526916504,547
Napoli,3525,14.263274032029463,40.921756025476,289.04748916625977,547
Napoli,3525,14.256661931149807,40.93999725079812,531.2739181518555,547
Napoli,3525,14.181564201674757,40.849022842419004,411.45626068115234,547
Napoli,3525,14.248427243735385,40.86425839074796,753.4937324523926,547
Napoli,3525,14.175171641835446,40.97220431089062,430.8871955871582,547
Napoli,3525,14.360250860383491,40.82270079882545,205.8668556213379,547
Napoli,3525,14.21650590257167,40.929511523601704,466.04047775268555,547
Napoli,3525,14.159143760042676,40.91511203896682,475.69399642944336,547
Napoli,3525,14.29160770950481,40.937190267017094,353.0017509460449,547
Napoli,3525,14.377028226545704,40.78778447644438,533.6479187011719,547
Napoli,3525,14.379583166524014,40.85574367952431,224.72125434875488,547
Napoli,3525,14.360868679007345,40.828071985395745,353.2107982635498,547
Napoli,3525,14.370818942854909,40.782081860994545,637.5980262756348,547
Napoli,3525,14.264323109358234,40.93734043687322,554.4739189147949,547
Napoli,3525,14.333046389201643,40.83461467597112,537.6819076538086,547
Napoli,3525,14.290956607917456,40.872825523118195,1018.9899673461914,547
Napoli,3525,14.164268260400306,40.959254932630174,506.42648696899414,547
Napoli,3525,14.234351520761736,40.945925781100826,431.4537048339844,547
Napoli,3525,14.3298491792365,40.83188077681249,802.4874992370605,547
Napoli,3525,14.381185708842011,40.78522402780612,399.97301864624023,547
Napoli,3525,14.244436750277965,40.855919828880424,760.679931640625,547
Napoli,3525,14.2747692028299,40.917269559710554,128.90564346313477,547
Napoli,3525,14.24610184916623,40.873850484443,471.1922378540039,547
Napoli,3525,14.382449951402625,40.94194408067372,413.56302642822266,547
Napoli,3525,14.203036422548832,40.816930136622084,610.4356079101562,547
Napoli,3525,14.301103636071954,40.91576163729095,833.9687576293945,547
Napoli,3525,14.164514204752912,40.82178812476618,188.44786071777344,547
Napoli,3525,14.368338064919236,40.79399235977943,587.6017799377441,547
Napoli,3525,14.375732394173577,40.95252076587127,303.63771629333496,547
Napoli,3525,14.26424215943866,40.92460591774353,344.38573455810547,547
Napoli,3525,14.34628474223692,40.82084579805393,576.5657119750977,547
Napoli,3525,14.283988110603877,40.87047808426876,495.95081329345703,547
Napoli,3525,14.208593505543146,40.954445177984724,96.5363941192627,547
Napoli,3525,14.262708797543835,40.92971073203711,441.8516159057617,547
Napoli,3525,14.377911044190974,40.940662629266924,659.0105743408203,547
Napoli,3525,14.37204566412967,40.842707661933545,380.14971923828125,547
Napoli,3525,14.229259346190252,40.90399504841501,463.1032524108887,547
Napoli,3525,14.24431293169874,40.96438155601475,308.6592674255371,547
Napoli,3525,14.261699359422217,40.86366348419437,493.958438873291,547
Napoli,3525,14.33093294034534,40.819942986163255,896.5435180664062,547
Napoli,3525,14.305960359857549,40.94677784250949,355.31800842285156,547
Napoli,3525,14.376188799668412,40.84383595025231,392.0193290710449,547
Napoli,3525,14.347869920295647,40.87026684306326,231.052734375,547
Napoli,3525,14.29681831736978,40.89978105820313,427.2545928955078,547
Napoli,3525,14.340836119318805,40.89891761961596,144.18529510498047,547
Napoli,3525,14.201219333712112,40.90193714354591,371.2946357727051,547
Napoli,3525,14.247461043477,40.94329667020367,352.4607391357422,547
Napoli,3525,14.300653296536595,40.83830133760026,584.1915512084961,547
Napoli,3525,14.187755159703086,40.86666865177977,395.7771511077881,547
Napoli,3525,14.174776479195776,40.89375608262059,285.00794219970703,547
Napoli,3525,14.36564799274514,40.91249011084074,585.5399131774902,547
Napoli,3525,14.376707769970116,40.78217385890278,467.9667663574219,547
Napoli,3525,14.227395288712625,40.85509631497756,820.3031921386719,547
Napoli,3525,14.353714628098286,40.89539108859298,471.99322509765625,547
Napoli,3525,14.1908398544614,40.92747967121336,573.7646865844727,547
Napoli,3525,14.323421448959303,40.822382909436904,607.1635055541992,547
Napoli,3525,14.331360438003019,40.86328120671994,1070.2591304779053,547
Napoli,3525,14.256928751568108,40.91683624258014,171.4625701904297,547
Napoli,3525,14.190945369172601,40.921777138871306,580.7947998046875,547
Napoli,3525,14.314550411707723,40.879630908701905,190.41023635864258,547
Napoli,3525,14.305979174203385,40.950066714838854,406.67637634277344,547
Napoli,3525,14.21610671158361,40.87426142271499,364.3540267944336,547
Napoli,3525,14.22246264303611,40.89482219929589,551.8119277954102,547
Napoli,3525,14.30456603041305,40.9212475714682,645.7854232788086,547
Napoli,3525,14.318141013406569,40.827543670644374,258.72069549560547,547
Napoli,3525,14.261956532263525,40.8837915257323,244.24248504638672,547
Napoli,3525,14.19490931476805,40.84900350137932,613.6144752502441,547
Napoli,3525,14.267727539001282,40.95207920792329,685.5008506774902,547
Napoli,3525,14.350783722055377,40.820809398177325,735.1733245849609,547
Napoli,3525,14.35011526578865,40.80962204250454,700.3926239013672,547
Napoli,3525,14.19890170939928,40.821001557596624,553.2357063293457,547
Napoli,3525,14.330589975091891,40.82913934737032,598.228141784668,547
Napoli,3525,14.229379546672439,40.851351168504024,853.9765701293945,547
Napoli,3525,14.219915187711871,40.843627875520596,715.2914886474609,547
Napoli,3525,14.36972506832141,40.94370063198156,674.1182708740234,547
Napoli,3525,14.2709934341546,40.93387295237188,339.8406677246094,547
Napoli,3525,14.35944732733183,40.80771820209018,695.411434173584,547
Napoli,3525,14.275143073551822,40.93205229062708,338.28306579589844,547
Napoli,3525,14.212389320026977,40.96491594248857,440.70238876342773,547
Napoli,3525,14.341668045868342,40.87774020476704,415.1871109008789,547
Napoli,3525,14.198227840593095,40.83343496664283,839.7624053955078,547
Napoli,3525,14.236656771693236,40.95190922156587,342.9284782409668,547
Napoli,3525,14.193163232033758,40.908474529207524,320.7786560058594,547
Napoli,3525,14.28570345387887,40.87607741584534,246.10644340515137,547
Napoli,3525,14.379908608702337,40.95236101255172,247.43289184570312,547
Napoli,3525,14.18750095653158,40.89608513162956,544.5422821044922,547
Napoli,3525,14.188774645399235,40.8341185172266,567.5400619506836,547
Napoli,3525,14.271157995219042,40.8881863143898,518.436882019043,547
Napoli,3525,14.27031517445283,40.882345288579586,458.69605255126953,547
Napoli,3525,14.302199498579272,40.89841602974537,475.55042457580566,547
Napoli,3525,14.356412166783436,40.94708594367246,203.4056568145752,547
Napoli,3525,14.274664622065034,40.954003772553456,332.62477111816406,547
Napoli,3525,14.247187897253172,40.96514576141438,505.7967071533203,547
Napoli,3525,14.321953217121937,40.834795916013206,969.7028961181641,547
Napoli,3525,14.189888701176484,40.84818258536449,605.8525772094727,547
Napoli,3525,14.237210084300926,40.83493230267949,788.3302421569824,547
Napoli,3525,14.3514200982887,40.90937604011651,776.8631782531738,547
Napoli,3525,14.21177511017849,40.96231913321765,394.2615966796875,547
Napoli,3525,14.251167895897929,40.84209898572579,497.4403266906738,547
Napoli,3525,14.167087968969604,40.96187853602114,614.2639045715332,547
Napoli,3525,14.258023778458009,40.8467568671368,387.4004211425781,547
Napoli,3525,14.298497436884938,40.944604649612565,603.2607307434082,547
Napoli,3525,14.348317322151573,40.8378702900643,481.08948516845703,547
Napoli,3525,14.232990666324678,40.906529503715426,596.0985412597656,547
Napoli,3525,14.369259387688306,40.80481926149399,268.0308494567871,547
Napoli,3525,14.210207359982435,40.96408075284833,378.6152000427246,547
Napoli,3525,14.230004935273392,40.85523032889925,724.2303466796875,547
Napoli,3525,14.2097193616377,40.839065344947635,978.4928741455078,547
Napoli,3525,14.231347142857361,40.941383652749245,576.1160430908203,547
Napoli,3525,14.295001451690585,40.946914846958684,442.1657409667969,547
Napoli,3525,14.285523268075146,40.91413687131616,575.5608024597168,547
Napoli,3525,14.34550404893759,40.84897087444715,549.9054946899414,547
Napoli,3525,14.218311991926235,40.97463411889384,264.4647750854492,547
Napoli,3525,14.262500612073845,40.88999917442364,710.4343185424805,547
Napoli,3525,14.369271432980616,40.845243005248236,304.99557876586914,547
Napoli,3525,14.220528532910881,40.928651512550196,433.1388969421387,547
Napoli,3525,14.172929281306425,40.8637060239459,626.2876052856445,547
Napoli,3525,14.254571645711419,40.85422442790137,967.4302749633789,547
Napoli,3525,14.243130118050196,40.87064738701314,621.8907279968262,547
Napoli,3525,14.333959985300925,40.813260414680784,417.55595779418945,547
Napoli,3525,14.174969490204193,40.854763570659,532.68310546875,547
Napoli,3525,14.296767013327722,40.85707070909414,362.2529811859131,547
Napoli,3525,14.259689287444228,40.96714478943691,557.8120651245117,547
Napoli,3525,14.181450748897962,40.861691518602015,366.9812355041504,547
Napoli,3525,14.20297930693885,40.92427722782557,523.8268203735352,547
Napoli,3525,14.327978467534168,40.888802468429546,404.25027084350586,547
Napoli,3525,14.22789211533394,40.915256025656134,331.5950508117676,547
Napoli,3525,14.191786469568639,40.96905626294648,435.56432342529297,547
Napoli,3525,14.308076816860135,40.87060994674933,328.664737701416,547
Napoli,3525,14.203433588968362,40.90227358988961,317.63453674316406,547
Napoli,3525,14.222191641631658,40.88873738222128,259.18523025512695,547
Napoli,3525,14.22317670628294,40.88624123373736,161.74558067321777,547
Napoli,3525,14.299416005867451,40.96445210958674,103.47175979614258,547
Napoli,3525,14.318091312752182,40.92525377483542,619.8879470825195,547
Napoli,3525,14.204989840474488,40.84579793761629,796.6366195678711,547
Napoli,3525,14.29138276544993,40.931416027334116,262.594669342041,547
Napoli,3525,14.383060875698998,40.79577311261437,448.10062408447266,547
Napoli,3525,14.200556499192746,40.840644239718536,723.6563911437988,547
Napoli,3525,14.173203078998997,40.90191396632522,330.55905532836914,547
Napoli,3525,14.286962465446525,40.8454228933186,441.2194709777832,547
Napoli,3525,14.181795530120114,40.90772504245998,231.24355697631836,547
Napoli,3525,14.350425801470541,40.81679328022246,512.3603286743164,547
Napoli,3525,14.199161678518843,40.80304311104747,523.2550430297852,547
Napoli,3525,14.30134485810882,40.873388583297846,626.7057800292969,547
Napoli,3525,14.350240600920005,40.850580231010866,340.9618797302246,547
Napoli,3525,14.331087667817904,40.880524071616,101.04518508911133,547
Napoli,3525,14.352716301759308,40.80969889890449,819.807373046875,547
Napoli,3525,14.162499223349998,40.89250017242999,30.414196014404297,547
Napoli,3525,14.254069669210542,40.884151380990964,414.94309997558594,547
Napoli,3525,14.18345022241077,40.969268682216104,269.64683532714844,547
Napoli,3525,14.158594991325366,40.820287348978255,113.98970794677734,547
Napoli,3525,14.336074622450692,40.83249571814064,573.8721542358398,547
Napoli,3525,14.275145734559251,40.95199862382841,335.065128326416,547
Napoli,3525,14.218272895277616,40.91987942529576,628.6941070556641,547
Napoli,3525,14.218179895480137,40.82977492205753,679.9037208557129,547
Napoli,3525,14.37211524158476,40.939348356099984,670.4256973266602,547
Napoli,3525,14.283423090078117,40.89589477649046,582.1801834106445,547
Napoli,3525,14.365180548477879,40.94537235751741,620.0106048583984,547
Napoli,3525,14.301253505184215,40.90393829977581,340.409481048584,547
Napoli,3525,14.298447011298215,40.917424604167444,674.4289093017578,547
Napoli,3525,14.173587601049697,40.856274114181474,706.7139434814453,547
Napoli,3525,14.199232342034087,40.968288677930396,475.5337905883789,547
Napoli,3525,14.15899136311303,40.926938518559005,215.67525482177734,547
Napoli,3525,14.34650155195206,40.83319594247248,1087.4539947509766,547
Napoli,3525,14.17466894541822,40.90016179316849,318.19979095458984,547
Napoli,3525,14.204550590564768,40.83399591446408,748.9926147460938,547
Napoli,3525,14.286055829859986,40.85477491262299,756.4530906677246,547
Napoli,3525,14.37328942688244,40.907946665354075,293.44963455200195,547
Napoli,3525,14.23523437466328,40.91178820034534,579.7352905273438,547
Napoli,3525,14.303799356925403,40.91355974625512,907.645866394043,547
Napoli,3525,14.278548327069496,40.937537130180736,387.04107666015625,547
Napoli,3525,14.309280022815832,40.844673948918405,272.1896228790283,547
Napoli,3525,14.302626771459504,40.960757039626436,503.86310958862305,547
Napoli,3525,14.23991542331958,40.88864284348241,545.3212127685547,547
Napoli,3525,14.317551933989293,40.85088886869735,583.3155250549316,547
Napoli,3525,14.179287048819553,40.85329163673912,401.0092544555664,547
Napoli,3525,14.250262513269702,40.9508182825548,279.46551513671875,547
Napoli,3525,14.326357891380436,40.89543719883128,196.00382614135742,547
Napoli,3525,14.195916452920166,40.83690108106598,466.83934020996094,547
Napoli,3525,14.212084250850278,40.95500017217999,60.29817199707031,547
Napoli,3525,14.175075113437897,40.850988479872264,614.4764556884766,547
Napoli,3525,14.22440631333206,40.84214266212339,750.9090347290039,547
Napoli,3525,14.335182878176102,40.84291851346377,832.210563659668,547
Napoli,3525,14.19430785234256,40.930708958485056,345.781982421875,547
Napoli,3525,14.362487427896394,40.81431054607522,439.05344581604004,547
Napoli,3525,14.180965637286864,40.90013230839327,461.69258880615234,547
Napoli,3525,14.238207347404742,40.84008398587242,824.8931655883789,547
Napoli,3525,14.202601627527011,40.92643071134437,486.5856246948242,547
Napoli,3525,14.172084234358321,40.81789924868532,480.7934799194336,547
Napoli,3525,14.212367495713261,40.895091426934755,330.7524108886719,547
Napoli,3525,14.240244936784588,40.90942476287398,692.5092735290527,547
Napoli,3525,14.209713899998768,40.973440105898824,461.35036849975586,547
Napoli,3525,14.23418513522703,40.94052815223712,519.7224769592285,547
Napoli,3525,14.264062111417688,40.8950410353265,796.0768814086914,547
Napoli,3525,14.3595922293125,40.8204350881097,223.3845977783203,547
Napoli,3525,14.268359678034548,40.97009232229489,589.1427536010742,547
Napoli,3525,14.362699804747368,40.79425424967066,521.9079627990723,547
Napoli,3525,14.284720340706905,40.95123786146498,383.27403259277344,547
Napoli,3525,14.339124644738908,40.840842098345185,630.5350322723389,547
Napoli,3525,14.268699418831785,40.87653094149952,825.9512138366699,547
Napoli,3525,14.210688034413856,40.85736702394433,206.42559814453125,547
Napoli,3525,14.238109962851915,40.8972820727773,656.3061828613281,547
Napoli,3525,14.301377089874528,40.93408106680625,194.49052047729492,547
Napoli,3525,14.294501128931131,40.94191242616224,200.08969497680664,547
Napoli,3525,14.322244474581872,40.84440868447982,360.5817222595215,547
Napoli,3525,14.228320246317631,40.89186854310706,655.6406021118164,547
Napoli,3525,14.283677129671137,40.842341568359345,445.38940811157227,547
Napoli,3525,14.259982884788771,40.930748987473564,330.7311706542969,547
Napoli,3525,14.241915908670833,40.84698516052359,658.4760055541992,547
Napoli,3525,14.208652985714354,40.82296507032897,450.2312240600586,547
Napoli,3525,14.240050107253762,40.890918742386226,728.3300552368164,547
Napoli,3525,14.30498079813253,40.95869999955508,675.517650604248,547
Napoli,3525,14.19166306989372,40.81896823004351,376.4344787597656,547
Napoli,3525,14.209465209359326,40.90963148010273,694.168140411377,547
Napoli,3525,14.227649598400252,40.83334141143781,753.494083404541,547
Napoli,3525,14.246370695233196,40.870097383347904,783.4436264038086,547
Napoli,3525,14.326708023928663,40.830285298013415,589.7820205688477,547
Napoli,3525,14.225865955723178,40.966257204925235,378.637939453125,547
Napoli,3525,14.205954145893466,40.82444582579349,509.5148696899414,547
Napoli,3525,14.340312444526568,40.8723426633325,464.99673080444336,547
Napoli,3525,14.2799199721915,40.899270516555596,1015.4773445129395,547
Napoli,3525,14.222540017430738,40.89036037355861,333.06919860839844,547
Napoli,3525,14.193039319845306,40.89594052583452,655.8376770019531,547
Napoli,3525,14.259910478769655,40.904814072205376,473.6795425415039,547
Napoli,3525,14.207376200077109,40.92676982146959,536.6815719604492,547
Napoli,3525,14.259077143302921,40.86364869367688,470.75756454467773,547
Napoli,3525,14.370046148572397,40.84753544323626,504.43094635009766,547
Napoli,3525,14.25902034083243,40.916816400830136,187.10290145874023,547
Napoli,3525,14.307005260480151,40.91339861742338,640.3891906738281,547
Napoli,3525,14.341781115923522,40.821311312423305,1017.7079315185547,547
Napoli,3525,14.203985654661896,40.82316477812601,359.67162895202637,547
Napoli,3525,14.353290350054646,40.82237240433013,807.4412536621094,547
Napoli,3525,14.245622984344893,40.858300454013424,674.9305038452148,547
Napoli,3525,14.161385445721857,40.920763045901325,428.7567710876465,547
Napoli,3525,14.246653714475965,40.85333387489127,1041.9896774291992,547
Napoli,3525,14.284616567250845,40.89339788746839,574.8709182739258,547
Napoli,3525,14.374445051724752,40.800150807849946,353.89703369140625,547
Napoli,3525,14.35160389975753,40.85591992507858,574.8346900939941,547
Napoli,3525,14.230183678146858,40.895794620233836,614.0015525817871,547
Napoli,3525,14.159950699990853,40.89744640699044,318.76587867736816,547
Napoli,3525,14.224890486850374,40.962546198930475,233.14388847351074,547
Napoli,3525,14.326296020353183,40.866618044260726,849.5992965698242,547
Napoli,3525,14.158878473076623,40.92189813721878,292.2178611755371,547
Napoli,3525,14.252523106865505,40.94847203733519,371.08448600769043,547
Napoli,3525,14.350418799021437,40.80432072768853,500.22656631469727,547
Napoli,3525,14.22259799254243,40.96250017215,127.48649597167969,547
Napoli,3525,14.375109744304336,40.848326108982604,555.1386871337891,547
Napoli,3525,14.270725366149419,40.93704663720705,398.4430160522461,547
Napoli,3525,14.255307933268497,40.84056781281067,553.6513137817383,547
Napoli,3525,14.146429863433529,40.915009920796074,549.0368728637695,547
Napoli,3525,14.17980649122768,40.820996511594565,639.8510856628418,547
Napoli,3525,14.233648880920978,40.88171767403701,331.49756240844727,547
Napoli,3525,14.274009291317114,40.94213887393121,649.3802833557129,547
Napoli,3525,14.274735908114025,40.96934617840799,407.7807807922363,547
Napoli,3525,14.244180650829687,40.86208921141933,602.8384399414062,547
Napoli,3525,14.18455693335531,40.81495924086509,386.88085556030273,547
Napoli,3525,14.334025386366319,40.8315379585912,476.6231994628906,547
Napoli,3525,14.281108198087374,40.90208148128974,568.006706237793,547
Napoli,3525,14.370697531984375,40.840787412422515,281.5537910461426,547
Napoli,3525,14.196804670771707,40.824308044406855,567.1399688720703,547
Napoli,3525,14.275005660198266,40.874433748542884,387.9123001098633,547
Napoli,3525,14.227401760081172,40.889280897386705,776.4812164306641,547
Napoli,3525,14.224112265699885,40.974584747041874,289.9424705505371,547
Napoli,3525,14.236189768258168,40.85620709709656,718.7787628173828,547
Napoli,3525,14.342738708378917,40.8316251956614,851.4428024291992,547
Napoli,3525,14.210829773196913,40.9712611111213,483.08471298217773,547
Napoli,3525,14.253288762734213,40.84097843559026,569.9302825927734,547
Napoli,3525,14.366673186416335,40.79167048348324,767.0762634277344,547
Napoli,3525,14.316656969804923,40.883728234818236,207.98724174499512,547
Napoli,3525,14.268568204544204,40.96583940988615,577.6968154907227,547
Napoli,3525,14.22944018707431,40.87726698515884,143.10653686523438,547
Napoli,3525,14.253570318498468,40.942505593999215,496.5813980102539,547
Napoli,3525,14.340424019663864,40.81899707300854,1005.6698837280273,547
Napoli,3525,14.331746355163547,40.83658591651636,579.6867332458496,547
Napoli,3525,14.379017563246688,40.786564943643256,458.29012298583984,547
Napoli,3525,14.290830446328167,40.90585873594308,829.5599670410156,547
Napoli,3525,14.152205527968466,40.89847086286001,224.0058937072754,547
Napoli,3525,14.323817107218684,40.87068553305667,298.3214645385742,547
Napoli,3525,14.326820427674399,40.893494468857284,303.1915969848633,547
Napoli,3525,14.205425165664279,40.92832552532108,666.20458984375,547
Napoli,3525,14.195008323582988,40.90646513315883,290.74029541015625,547
Napoli,3525,14.235710165172256,40.877576374300894,213.86384963989258,547
Napoli,3525,14.260945552201706,40.961491767594524,394.6100769042969,547
Napoli,3525,14.219621851461943,40.87980073883085,481.53506088256836,547
Napoli,3525,14.277039298168079,40.95372989039916,387.3766403198242,547
Napoli,3525,14.19086283802883,40.81381346155868,223.30451202392578,547
Napoli,3525,14.200755417710319,40.90867317942339,406.47843170166016,547
Napoli,3525,14.175254310117815,40.91937622331818,268.3770160675049,547
Napoli,3525,14.260332138981294,40.91322680942174,307.4951343536377,547
Napoli,3525,14.310763979654904,40.87823155911471,428.591064453125,547
Napoli,3525,14.215798741237514,40.97401140357127,602.3987693786621,547
Napoli,3525,14.2360543913123,40.89913620815486,567.7562408447266,547
Napoli,3525,14.268473537280155,40.904622203890675,446.318603515625,547
Napoli,3525,14.33571228081861,40.824572387925045,731.5276412963867,547
Napoli,3525,14.330009061368589,40.860729740291546,781.9223403930664,547
Napoli,3525,14.253243146898948,40.90153832479391,866.9908142089844,547
Napoli,3525,14.219999223119999,40.94499238215357,98.35779190063477,547
Napoli,3525,14.269996307609897,40.85667535047066,729.9188690185547,547
Napoli,3525,14.193293112037976,40.823071211595966,587.5051498413086,547
Napoli,3525,14.348416221186758,40.830915352046226,799.8177032470703,547
Napoli,3525,14.27876797856509,40.96106414157993,153.5067596435547,547
Napoli,3525,14.194733584656074,40.84436777462198,470.56587982177734,547
Napoli,3525,14.312427082181445,40.843004135173736,669.1480941772461,547
Napoli,3525,14.317823133317894,40.857614434180334,490.6075916290283,547
Napoli,3525,14.241524222434029,40.85346892962733,727.7061614990234,547
Napoli,3525,14.183748759396105,40.94042132696957,129.32038497924805,547
Napoli,3525,14.245656173195934,40.96002604716918,397.83371353149414,547
Napoli,3525,14.177268747459467,40.82393631396719,530.9062767028809,547
Napoli,3525,14.278224193984435,40.89613318618243,184.37654495239258,547
Napoli,3525,14.186315420944158,40.9669149997753,217.85818672180176,547
Napoli,3525,14.199759015213427,40.8176811449231,155.82052993774414,547
Napoli,3525,14.332425113627947,40.91246389157182,322.92932891845703,547
Napoli,3525,14.255034101715019,40.955500234610795,282.4793891906738,547
Napoli,3525,14.377275098408958,40.792244921139,448.10376358032227,547
Napoli,3525,14.174013719015711,40.87533446302617,160.21799278259277,547
Napoli,3525,14.355643923531513,40.89644605818918,508.4521713256836,547
Napoli,3525,14.21734592729235,40.864931935442094,530.8633575439453,547
Napoli,3525,14.260112201253826,40.85509813824264,842.715690612793,547
Napoli,3525,14.163696638227737,40.820875255095466,186.89184951782227,547
Napoli,3525,14.356456500682816,40.88187584765113,123.08854484558105,547
Napoli,3525,14.311955186334949,40.93581845373084,625.6678199768066,547
Napoli,3525,14.269165889589999,40.84122247337218,75.57501983642578,547
Napoli,3525,14.244341223825591,40.88797268336511,819.8333587646484,547
Napoli,3525,14.374096651120169,40.79457511216001,732.2677574157715,547
Napoli,3525,14.232377982007755,40.89888172578022,454.13938903808594,547
Napoli,3525,14.367999408227451,40.8418242204292,283.49425888061523,547
Napoli,3525,14.199834664115249,40.835595893717844,682.0934600830078,547
Napoli,3525,14.271242193958189,40.913742603469906,289.67826080322266,547
Napoli,3525,14.265842501880513,40.966653127268614,565.6138534545898,547
Napoli,3525,14.31666648013346,40.93251583976315,266.84793853759766,547
Napoli,3525,14.250588838444946,40.8921077508264,922.7114868164062,547
Napoli,3525,14.238093844299621,40.83749463058384,753.8525924682617,547
Napoli,3525,14.299434590238032,40.87550903797044,657.9933242797852,547
Napoli,3525,14.362913723565876,40.899583331228754,124.61535835266113,547
Napoli,3525,14.288439445159229,40.84867834108037,634.7642135620117,547
Napoli,3525,14.365374938484326,40.82051677619352,299.763671875,547
Napoli,3525,14.242908401851238,40.93332393264855,225.01435089111328,547
Napoli,3525,14.367782039925642,40.83814028803057,205.09605979919434,547
Napoli,3525,14.219272222153526,40.85764323622884,661.5429382324219,547
Napoli,3525,14.360508066063748,40.83360269187719,444.9901371002197,547
Napoli,3525,14.353359310777362,40.91539988770613,406.05212783813477,547
Napoli,3525,14.254960492102096,40.86829428364806,276.5522232055664,547
Napoli,3525,14.223848171018023,40.85260280227449,862.4575157165527,547
Napoli,3525,14.3366329956264,40.876619767082985,481.1077651977539,547
Napoli,3525,14.206720850039313,40.914004863031366,549.1673240661621,547
Napoli,3525,14.324156901851739,40.914166839009994,108.91336441040039,547
Napoli,3525,14.257997529424578,40.88481454902711,549.5163078308105,547
Napoli,3525,14.219967618687164,40.88500017245999,159.3176155090332,547
Napoli,3525,14.319546702846365,40.82316035470227,374.60046768188477,547
Napoli,3525,14.248556605453066,40.92868100092176,335.7116279602051,547
Napoli,3525,14.23438672298792,40.89164931198134,761.3940811157227,547
Napoli,3525,14.146594005980793,40.92067697089008,564.1478233337402,547
Napoli,3525,14.189073098410127,40.82705184885672,240.89991760253906,547
Napoli,3525,14.158984042408816,40.85415731734711,505.3991241455078,547
Napoli,3525,14.381538897632636,40.95091734090546,329.63376235961914,547
Napoli,3525,14.383238650520818,40.7821293897672,403.43940925598145,547
Napoli,3525,14.27202359474497,40.96317619945384,882.9824142456055,547
Napoli,3525,14.150000087809628,40.915434712623586,658.6207656860352,547
Napoli,3525,14.319708345271293,40.93212635415491,225.45291709899902,547
Napoli,3525,14.278936868247097,40.86848363837799,559.1005096435547,547
Napoli,3525,14.312724943048641,40.88107930228575,442.13232421875,547
Napoli,3525,14.169965396716801,40.95377951405992,205.6848545074463,547
Napoli,3525,14.379360845796583,40.95464387220126,178.4530487060547,547
Napoli,3525,14.37429482587398,40.941451788755806,771.7015609741211,547
Napoli,3525,14.352266903805532,40.91998965462269,483.6414031982422,547
Napoli,3525,14.189108964948428,40.89884195584995,886.2641677856445,547
Napoli,3525,14.218604804350262,40.86083818363524,597.2185668945312,547
Napoli,3525,14.209177913572269,40.84213435553557,792.2429466247559,547
Napoli,3525,14.208327245683645,40.929159933578035,591.785758972168,547
Napoli,3525,14.214878724141693,40.82723954266954,873.1125793457031,547
Napoli,3525,14.32083696773582,40.88993088043472,333.25422286987305,547
Napoli,3525,14.274092419607001,40.95668770146518,419.7240409851074,547
Napoli,3525,14.308166190090777,40.953089671457114,324.437557220459,547
Napoli,3525,14.383468454121928,40.7804932663028,365.26780700683594,547
Napoli,3525,14.309566197988687,40.849591118104826,131.08991622924805,547
Napoli,3525,14.266688637065169,40.85264110152935,788.2414474487305,547
Napoli,3525,14.256911585453553,40.84310396734827,337.57988357543945,547
Napoli,3525,14.225415015597399,40.83793235004336,1275.245750427246,547
Napoli,3525,14.208444461227252,40.92055275897386,281.7472953796387,547
Napoli,3525,14.276855981490908,40.94762609948074,634.1234283447266,547
Napoli,3525,14.221914666305329,40.84844525076477,703.955924987793,547
Napoli,3525,14.220109024942237,40.8477533164468,868.2016525268555,547
Napoli,3525,14.250435828385632,40.91983808358109,236.61026763916016,547
Napoli,3525,14.188051459158045,40.81749516728678,603.7116165161133,547
Napoli,3525,14.160811725304935,40.847545564836636,278.94393157958984,547
Napoli,3525,14.267790524416533,40.89668686053353,789.5191116333008,547
Napoli,3525,14.189619794834904,40.80517258388627,524.637279510498,547
Napoli,3525,14.321239533140561,40.85678839229453,816.1712608337402,547
Napoli,3525,14.355260130294196,40.85737324358967,389.6518039703369,547
Napoli,3525,14.367265827759459,40.938352755692556,453.5367774963379,547
Napoli,3525,14.280840263293545,40.89236013574026,562.6341094970703,547
Napoli,3525,14.28836981894083,40.89144275645102,627.3231048583984,547
Napoli,3525,14.363521062483303,40.818547572259945,284.1797790527344,547
Napoli,3525,14.201156104443893,40.83779895999768,738.5317115783691,547
Napoli,3525,14.329041933006703,40.87386623067721,638.7469062805176,547
Napoli,3525,14.251658356686994,40.93596430322076,464.8937339782715,547
Napoli,3525,14.185064834575957,40.82859657482983,433.15185165405273,547
Napoli,3525,14.192324585551054,40.92352332400052,564.8559951782227,547
Napoli,3525,14.20573041586784,40.96425771443801,437.2383117675781,547
Napoli,3525,14.273814221593737,40.9085581478371,661.7426948547363,547
Napoli,3525,14.301205157137877,40.948763021313304,346.0879325866699,547
Napoli,3525,14.253705790187691,40.967836928773714,618.851619720459,547
Napoli,3525,14.293272540544994,40.929261373999104,428.791561126709,547
Napoli,3525,14.261762161707686,40.93226153513759,593.6802101135254,547
Napoli,3525,14.2020351108404,40.96901949668519,532.5532379150391,547
Napoli,3525,14.276392756069857,40.90360126129559,1203.2990951538086,547
Napoli,3525,14.22207038233538,40.94208729632693,134.11861038208008,547
Napoli,3525,14.319105710671383,40.85563491243539,439.43151473999023,547
Napoli,3525,14.290730258896826,40.86987506615533,802.0122528076172,547
Napoli,3525,14.36822942346701,40.94903118924965,529.5493507385254,547
Napoli,3525,14.314777921768455,40.93586530000612,281.5009117126465,547
Napoli,3525,14.255773907273959,40.847522838466794,715.743278503418,547
Napoli,3525,14.2936414032913,40.86069669493656,397.74900817871094,547
Napoli,3525,14.3349808184152,40.82718024747077,722.0015830993652,547
Napoli,3525,14.330863604237903,40.81570712310038,587.9108543395996,547
Napoli,3525,14.235555638167813,40.88205949455995,197.49441146850586,547
Napoli,3525,14.288180243322943,40.875464942255036,245.46723556518555,547
Napoli,3525,14.214659099581116,40.916020573960516,420.58323860168457,547
Napoli,3525,14.166142749757688,40.97424478669022,616.1981582641602,547
Napoli,3525,14.306930786699828,40.84638524340549,97.80503463745117,547
Napoli,3525,14.227211253878536,40.86537509547477,388.46900367736816,547
Napoli,3525,14.217300221473822,40.89047332426315,570.3038024902344,547
Napoli,3525,14.343637909070024,40.899605950695424,268.7599449157715,547
Napoli,3525,14.240976835561332,40.90039517898222,361.03193283081055,547
Napoli,3525,14.266169277773203,40.891460878902876,663.1188049316406,547
Napoli,3525,14.274252881112547,40.936555161746234,451.54908752441406,547
Napoli,3525,14.274843457958179,40.885388052701025,510.49436950683594,547
Napoli,3525,14.307499222769998,40.880086876692154,210.0391845703125,547
Napoli,3525,14.29581832833558,40.915855134435695,734.3825912475586,547
Napoli,3525,14.273880318748802,40.94675975874138,561.7615013122559,547
Napoli,3525,14.203676609708154,40.84011714627962,1045.0391845703125,547
Napoli,3525,14.348485057756143,40.851896241955025,286.77051544189453,547
Napoli,3525,14.19654044065829,40.83088473140592,802.0658264160156,547
Napoli,3525,14.346323561265447,40.85493241335291,230.6006851196289,547
Napoli,3525,14.368431701074984,40.93382201140308,228.99737548828125,547
Napoli,3525,14.26162564925608,40.85907408508261,940.9259719848633,547
Napoli,3525,14.279795509675976,40.89015260455682,783.1018867492676,547
Napoli,3525,14.144602847475708,40.87605788880067,466.93949699401855,547
Napoli,3525,14.172321310479216,40.92979213500628,182.2855396270752,547
Napoli,3525,14.322188956022332,40.883170418574075,201.21998977661133,547
Napoli,3525,14.331683995154066,40.91419286883476,395.3113498687744,547
Napoli,3525,14.376074067847938,40.79029411835708,435.5362854003906,547
Napoli,3525,14.248956882298991,40.88928781442224,636.9692344665527,547
Napoli,3525,14.378200780281874,40.95270006403924,234.95171546936035,547
Napoli,3525,14.226578143788096,40.85240334878111,828.025764465332,547
Napoli,3525,14.21250252015869,40.97277850135786,423.6410484313965,547
Napoli,3525,14.1842792396295,40.93060997364908,370.1121520996094,547
Napoli,3525,14.229987380061724,40.96459885714869,543.6115036010742,547
Napoli,3525,14.239049827178961,40.853922084390184,845.3847808837891,547
Napoli,3525,14.173784419662203,40.822573072480765,523.9422912597656,547
Napoli,3525,14.33628492180316,40.869174458950766,459.91448974609375,547
Napoli,3525,14.253415389983319,40.940008800400456,460.167667388916,547
Napoli,3525,14.222378968923255,40.869765004351656,320.7776412963867,547
Napoli,3525,14.360636426532242,40.90399265074638,284.1247863769531,547
Napoli,3525,14.16892661498982,40.81731438605434,874.9890899658203,547
Napoli,3525,14.166679180660102,40.852387233916275,542.1753082275391,547
Napoli,3525,14.373324944938142,40.7858221203167,735.7099304199219,547
Napoli,3525,14.241022541119257,40.89711325677805,849.7629585266113,547
Napoli,3525,14.265085152118761,40.91223843612662,489.1367530822754,547
Napoli,3525,14.260105165345918,40.93902892322816,566.3527603149414,547
Napoli,3525,14.278443503121785,40.962270363454714,347.3386001586914,547
Napoli,3525,14.210151521331872,40.84517196422999,751.6379241943359,547
Napoli,3525,14.382689457252818,40.91159444021086,512.303035736084,547
Napoli,3525,14.256498699987954,40.89166691347647,1066.7262496948242,547
Napoli,3525,14.230146568807115,40.84375133487789,1047.4185638427734,547
Napoli,3525,14.238413234980502,40.946158250511104,376.0293426513672,547
Napoli,3525,14.351039835543057,40.91464248911978,437.1605415344238,547
Napoli,3525,14.270183583740474,40.89966088762509,777.7883262634277,547
Napoli,3525,14.26216363641693,40.87079620990943,863.6109657287598,547
Napoli,3525,14.26541661099338,40.86812373426287,898.6196212768555,547
Napoli,3525,14.294873996730162,40.90829675891608,651.2518501281738,547
Napoli,3525,14.20110030468913,40.96500519579149,305.8702392578125,547
Napoli,3525,14.348206904151272,40.90345671746829,498.61618423461914,547
Napoli,3525,14.236160924024801,40.921100003665074,605.8530120849609,547
Napoli,3525,14.240789931153087,40.93641483867785,431.6382179260254,547
Napoli,3525,14.192566560825707,40.84460882085347,528.8640975952148,547
Napoli,3525,14.30086894435153,40.899970285740075,343.8588066101074,547
Napoli,3525,14.24846320469507,40.891946407447485,875.5407104492188,547
Napoli,3525,14.36859720793606,40.93553046633047,269.8061180114746,547
Napoli,3525,14.243623390393365,40.93765977927326,396.24768447875977,547
Napoli,3525,14.219757153033239,40.82710786242825,689.0982894897461,547
Napoli,3525,14.298363699071405,40.9295526803321,284.2421989440918,547
Napoli,3525,14.170324316657977,40.85157045834896,507.12964630126953,547
Napoli,3525,14.254319102548944,40.85927761536174,1085.3149032592773,547
Napoli,3525,14.303853614269078,40.83467806530976,507.407039642334,547
Napoli,3525,14.193488258314762,40.90556484829562,401.4690856933594,547
Napoli,3525,14.259011087511603,40.86831534260531,411.44897842407227,547
Napoli,3525,14.346072582068082,40.873701679775635,381.45349884033203,547
Napoli,3525,14.23304620632831,40.938953384944895,457.8899459838867,547
Napoli,3525,14.371935766947777,40.79455562634373,556.8330383300781,547
Napoli,3525,14.371388383572937,40.787920514040366,512.5686111450195,547
Napoli,3525,14.20795070707219,40.819209561151276,395.0183696746826,547
Napoli,3525,14.187434648558824,40.815916904353244,605.9833831787109,547
Napoli,3525,14.291630423665096,40.91748957736457,589.6582870483398,547
Napoli,3525,14.164306489098506,40.956408151188676,540.1467933654785,547
Napoli,3525,14.171371577968355,40.92504396301832,253.35546493530273,547
Napoli,3525,14.264008332084552,40.86257857680081,402.1559524536133,547
Napoli,3525,14.259177623613885,40.915833505669994,172.66210174560547,547
Napoli,3525,14.353463399843028,40.9175733232207,250.7165985107422,547
Napoli,3525,14.27265372458153,40.883423404853936,544.4347381591797,547
Napoli,3525,14.206563461940474,40.90844669242453,502.72161865234375,547
Napoli,3525,14.28864745491424,40.910968322647435,332.33373641967773,547
Napoli,3525,14.262401792900183,40.91009340523944,601.4334564208984,547
Napoli,3525,14.255720527845801,40.89923679934149,960.9579582214355,547
Napoli,3525,14.191934128331386,40.90666457312767,417.18061447143555,547
Napoli,3525,14.242979969591072,40.904005640951915,417.55738067626953,547
Napoli,3525,14.208334887565893,40.96625438364396,356.72793197631836,547
Napoli,3525,14.203375040000832,40.937877331636656,272.6721611022949,547
Napoli,3525,14.214813197308162,40.964355463088694,291.0433006286621,547
Napoli,3525,14.227396918481382,40.92426464763392,642.3423385620117,547
Napoli,3525,14.172577907294514,40.970284223769895,367.27978515625,547
Napoli,3525,14.196690622372127,40.820662665738496,588.3122596740723,547
Napoli,3525,14.269940088394225,40.86495607957966,894.581901550293,547
Napoli,3525,14.311173646373872,40.83421151952428,810.2689514160156,547
Napoli,3525,14.199293068999243,40.93724828968929,233.04697608947754,547
Napoli,3525,14.200518050015829,40.92905237808272,552.9541625976562,547
Napoli,3525,14.27624468226179,40.94083096192786,470.6430015563965,547
Napoli,3525,14.196913933266835,40.92843340379608,455.05796813964844,547
Napoli,3525,14.176004353651438,40.90163894511017,419.0874614715576,547
Napoli,3525,14.161792629337578,40.959872751621454,499.62298583984375,547
Napoli,3525,14.328241729500496,40.86368619519357,1147.414436340332,547
Napoli,3525,14.176816758297365,40.81798494228578,455.899356842041,547
Napoli,3525,14.228473203399592,40.91889260978685,501.17799377441406,547
Napoli,3525,14.320008266113028,40.84765679236702,753.2307624816895,547
Napoli,3525,14.297528171242142,40.85328873494277,259.8611698150635,547
Napoli,3525,14.15248067997083,40.92122919759923,462.11932373046875,547
Napoli,3525,14.168207084091758,40.9232590526571,421.3816719055176,547
Napoli,3525,14.315761335809022,40.92351783095757,557.8745307922363,547
Napoli,3525,14.32451170808639,40.8994758143019,292.5207290649414,547
Napoli,3525,14.292989223289132,40.86456001349298,345.26573181152344,547
Napoli,3525,14.19756968437868,40.900051103009375,594.8309288024902,547
Napoli,3525,14.225256640782186,40.87608126856125,105.68355369567871,547
Napoli,3525,14.193773868876512,40.91584345591254,562.7921447753906,547
Napoli,3525,14.254778305487354,40.937698196797704,782.9932250976562,547
Napoli,3525,14.181905367252131,40.8590250227551,475.64907455444336,547
Napoli,3525,14.298617134251593,40.93828270694689,404.9209213256836,547
Napoli,3525,14.192871840798771,40.82135561809148,234.36832237243652,547
Napoli,3525,14.359005832019118,40.904387714976636,284.091495513916,547
Napoli,3525,14.234427318996852,40.9577715317452,100.95732879638672,547
Napoli,3525,14.172978409039391,40.866598519841986,271.79684829711914,547
Napoli,3525,14.233349354444119,40.93667650371987,503.27581787109375,547
Napoli,3525,14.159759727480605,40.91716616968154,420.99323654174805,547
Napoli,3525,14.211081547371316,40.923911395052436,687.2830429077148,547
Napoli,3525,14.361437700342936,40.94965408936843,416.6661148071289,547
Napoli,3525,14.285843579676385,40.898327247145666,741.6732025146484,547
Napoli,3525,14.235469620507391,40.944728704481534,376.7324905395508,547
Napoli,3525,14.228699747955794,40.83215665683583,501.5927143096924,547
Napoli,3525,14.175097349896502,40.92202701079642,311.19955825805664,547
Napoli,3525,14.310070287571152,40.84094201660945,742.7662658691406,547
Napoli,3525,14.30009651775328,40.95986020328455,419.81695556640625,547
Napoli,3525,14.201860611540639,40.83486524157399,828.8253860473633,547
Napoli,3525,14.35536955730127,40.81226983322377,495.9972839355469,547
Napoli,3525,14.372483648293528,40.84966627004163,304.78413009643555,547
Napoli,3525,14.245597651203513,40.90585087019647,790.6235046386719,547
Napoli,3525,14.19429792671393,40.83810779538778,481.0186080932617,547
Napoli,3525,14.376348678465298,40.799996877808795,364.39814376831055,547
Napoli,3525,14.216617315073446,40.97112996822188,442.8099842071533,547
Napoli,3525,14.198321014687517,40.91874392928932,453.2404327392578,547
Napoli,3525,14.218276644625885,40.96555324834603,186.37060546875,547
Napoli,3525,14.284571820448505,40.868967888503896,599.128173828125,547
Napoli,3525,14.272485577887299,40.88121129629178,383.1786422729492,547
Napoli,3525,14.234171610175688,40.848342976297175,995.0982818603516,547
Napoli,3525,14.358218401207441,40.86212330635759,419.06096267700195,547
Napoli,3525,14.279050053142852,40.90332059833597,854.2880554199219,547
Napoli,3525,14.257688860964803,40.90879229857765,755.2310752868652,547
Napoli,3525,14.21708507839351,40.92217039242253,727.0182838439941,547
Napoli,3525,14.260109504816127,40.93426429754248,564.8399353027344,547
Napoli,3525,14.16227920675101,40.84867941206617,180.7384376525879,547
Napoli,3525,14.202488460356168,40.904257665517456,372.23969650268555,547
Napoli,3525,14.378330609200393,40.94457897382944,281.36358642578125,547
Napoli,3525,14.286006643037162,40.92013350672544,243.72801208496094,547
Napoli,3525,14.326076418495724,40.822503838363964,832.1875686645508,547
Napoli,3525,14.27091296219546,40.920723873005755,314.8484630584717,547
Napoli,3525,14.324117142525658,40.863439455317746,574.7043228149414,547
Napoli,3525,14.17905826129125,40.92489497103811,524.9785995483398,547
Napoli,3525,14.211054474068598,40.84069581550194,538.8523216247559,547
Napoli,3525,14.343253085536876,40.90907898064463,725.3278350830078,547
Napoli,3525,14.266018353098337,40.90458833327754,243.46020126342773,547
Napoli,3525,14.205841438872781,40.81716816359353,295.0249900817871,547
Napoli,3525,14.3656613257863,40.91030918992302,440.9680633544922,547
Napoli,3525,14.265726949287838,40.91656350017354,603.3243789672852,547
Napoli,3525,14.35934223046851,40.89808824032218,144.39359092712402,547
Napoli,3525,14.274334723217535,40.91096059549504,482.35470962524414,547
Napoli,3525,14.238235252406376,40.93330406607116,461.50930404663086,547
Napoli,3525,14.379132303884727,40.850478242129455,171.33441734313965,547
Napoli,3525,14.338700986266455,40.84470921801222,584.6121063232422,547
Napoli,3525,14.349580289054494,40.88149851192381,464.56385803222656,547
Napoli,3525,14.246819454757938,40.900129844437664,861.1654281616211,547
Napoli,3525,14.179590721453408,40.934990798276985,132.52305603027344,547
Napoli,3525,14.151342998892927,40.903484817773915,159.20562744140625,547
Napoli,3525,14.269348579456514,40.895641342533274,299.1763610839844,547
Napoli,3525,14.341098762107618,40.90903099770124,563.7672271728516,547
Napoli,3525,14.183824450405606,40.826696439242816,259.3409423828125,547
Napoli,3525,14.353902311308556,40.855899369355804,373.25133895874023,547
Napoli,3525,14.269666830352962,40.94776197349598,379.02869606018066,547
Napoli,3525,14.18960344227699,40.905232838298694,455.4752502441406,547
Napoli,3525,14.353548471613948,40.86895848997353,288.39244079589844,547
Napoli,3525,14.23705698793637,40.94870243077419,300.0801239013672,547
Napoli,3525,14.201252214450395,40.962978440228156,179.9679412841797,547
Napoli,3525,14.170911120964286,40.922479624266614,264.756534576416,547
Napoli,3525,14.244408440522934,40.86859446094982,526.1347675323486,547
Napoli,3525,14.2860535353069,40.89656905593266,728.2849578857422,547
Napoli,3525,14.3117225842672,40.883122556411486,504.04126358032227,547
Napoli,3525,14.286184099095951,40.88946068769725,803.1358776092529,547
Napoli,3525,14.184795652475726,40.8989564885185,656.6062088012695,547
Napoli,3525,14.296681591862697,40.945854275886845,444.27110290527344,547
Napoli,3525,14.383332555799996,40.906712128748545,173.5463981628418,547
Napoli,3525,14.291549253141014,40.863369665209476,378.71471405029297,547
Napoli,3525,14.317549129991894,40.867971846337696,561.6727561950684,547
Napoli,3525,14.240289186887429,40.94154142369027,380.2230987548828,547
Napoli,3525,14.362409789849755,40.945708995191595,516.5815200805664,547
Napoli,3525,14.267417156247685,40.9115454174946,547.5532417297363,547
Napoli,3525,14.226674255361115,40.96820546173842,507.3859176635742,547
Napoli,3525,14.29168902252643,40.85012185603209,778.2136478424072,547
Napoli,3525,14.34606203609433,40.81552711349352,481.09336853027344,547
Napoli,3525,14.277980728208165,40.964767330553364,247.81743240356445,547
Napoli,3525,14.274076290385139,40.97183118052469,611.6837539672852,547
Napoli,3525,14.24664880947536,40.88736376913915,856.5716667175293,547
Napoli,3525,14.163569110953494,40.97364175727777,468.4985122680664,547
Napoli,3525,14.26789701839002,40.96147991519634,549.1492614746094,547
Napoli,3525,14.282599377306207,40.85086929442539,650.5135231018066,547
Napoli,3525,14.189315173057222,40.81245268390327,174.6496067047119,547
Napoli,3525,14.222271948223812,40.911986475956425,183.57895278930664,547
Napoli,3525,14.198264797616984,40.93489472770776,283.5297966003418,547
Napoli,3525,14.37803660969856,40.86855145994709,353.55437088012695,547
Napoli,3525,14.199438545835623,40.80800501470476,676.1377868652344,547
Napoli,3525,14.337295063652505,40.850991071754294,544.5957527160645,547
Napoli,3525,14.150834006259414,40.919756607151804,597.1632308959961,547
Napoli,3525,14.26421015856821,40.94337366610999,511.0146484375,547
Napoli,3525,14.24701433174949,40.832377687126346,594.2197570800781,547
Napoli,3525,14.208089258692128,40.96009917077582,299.71851539611816,547
Napoli,3525,14.234632742136744,40.88019800848511,376.178653717041,547
Napoli,3525,14.259055955593421,40.9625472478999,353.85922622680664,547
Napoli,3525,14.231254335991231,40.93509975238697,281.38080978393555,547
Napoli,3525,14.195349804754452,40.82889668007634,935.4187088012695,547
Napoli,3525,14.263155792000802,40.966896217359384,802.6084671020508,547
Napoli,3525,14.261573150219165,40.94560815412724,362.69786071777344,547
Napoli,3525,14.190626285426518,40.845336433856204,684.5049781799316,547
Napoli,3525,14.263133219387797,40.90812803323584,618.3606338500977,547
Napoli,3525,14.280787044489779,40.86053107464347,861.0121421813965,547
Napoli,3525,14.209570345532041,40.90484024343781,567.9543075561523,547
Napoli,3525,14.235914520461286,40.893987473695375,528.6647834777832,547
Napoli,3525,14.291564435525487,40.903080546256554,720.8966445922852,547
Napoli,3525,14.155025052416196,40.92680851252801,358.9080867767334,547
Napoli,3525,14.240431779224874,40.84251974580068,391.6044692993164,547
Napoli,3525,14.265864019729605,40.845566021179984,491.2025375366211,547
Napoli,3525,14.325966315244093,40.82738916276098,775.3935813903809,547
Napoli,3525,14.172392520164175,40.91955705444395,391.00256729125977,547
Napoli,3525,14.236817596986217,40.84775447205973,765.5321655273438,547
Napoli,3525,14.233831498927088,40.88608959515443,283.4455146789551,547
Napoli,3525,14.234138606241707,40.926152567659976,791.9611396789551,547
Napoli,3525,14.35613810666876,40.817447866025816,315.36784172058105,547
Napoli,3525,14.202443514384987,40.84729319888769,610.6294250488281,547
Napoli,3525,14.241183043559122,40.93108747281456,240.2085838317871,547
Napoli,3525,14.370269694144676,40.8497923259084,332.4367790222168,547
Napoli,3525,14.263497261135168,40.849509296006836,497.3345031738281,547
Napoli,3525,14.365642467510304,40.948945387675046,513.4267120361328,547
Napoli,3525,14.214177431852345,40.93079864694919,478.42210388183594,547
Napoli,3525,14.293275760228447,40.873202139647674,774.8420028686523,547
Napoli,3525,14.316607998738247,40.92976827208253,434.9423408508301,547
Napoli,3525,14.284920083491597,40.87256988501374,473.33456802368164,547
Napoli,3525,14.274840393695497,40.8931557869887,331.022274017334,547
Napoli,3525,14.24776565397942,40.86151388317869,634.3290023803711,547
Napoli,3525,14.161003200869953,40.864139288365365,217.1946563720703,547
Napoli,3525,14.204491530512584,40.81934579621266,661.7976684570312,547
Napoli,3525,14.2861600118749,40.86965199174603,425.1681156158447,547
Napoli,3525,14.21146700033174,40.917751368950945,296.75561714172363,547
Napoli,3525,14.251760493640182,40.96471779433431,438.67774200439453,547
Napoli,3525,14.240077186233762,40.838608195657706,940.319091796875,547
Napoli,3525,14.2595576060814,40.89234996577117,1039.1882781982422,547
Napoli,3525,14.34341748536989,40.81847806539069,757.3143692016602,547
Napoli,3525,14.35915163284671,40.824323544878304,357.7765693664551,547
Napoli,3525,14.262913508923775,40.90400414888869,455.195858001709,547
Napoli,3525,14.351548732970098,40.81256581052451,574.9627227783203,547
Napoli,3525,14.167637789547843,40.92080214560643,391.07080078125,547
Napoli,3525,14.276512134130076,40.892679031583405,457.4584655761719,547
Napoli,3525,14.354463044066922,40.83837139995156,326.45656394958496,547
Napoli,3525,14.340122861110235,40.81195315234961,582.7562599182129,547
Napoli,3525,14.368503039312344,40.93701574118598,297.7864189147949,547
Napoli,3525,14.359004429978524,40.82882203146151,225.73757553100586,547
Napoli,3525,14.32174602834837,40.84965954665753,907.9103469848633,547
Napoli,3525,14.242579933833033,40.90800839783145,522.6857967376709,547
Napoli,3525,14.284049356209216,40.912702175482764,519.2514953613281,547
Napoli,3525,14.296995862721637,40.942992604569085,399.5182418823242,547
Napoli,3525,14.253838315522694,40.85672225888036,1154.6927871704102,547
Napoli,3525,14.151666586158747,40.9174992235425,779.7556228637695,547
Napoli,3525,14.266257427465526,40.974592101586396,274.2519760131836,547
Napoli,3525,14.236122375269217,40.845929106829765,927.4103393554688,547
Napoli,3525,14.189384553204295,40.83584694188466,649.9894561767578,547
Napoli,3525,14.321530179564926,40.88787609870132,227.3914680480957,547
Napoli,3525,14.322347970699346,40.91871093927806,461.4755516052246,547
Napoli,3525,14.301509311621569,40.901798503395185,364.24559783935547,547
Napoli,3525,14.330846171513906,40.87523626509061,670.5173797607422,547
Napoli,3525,14.205654210113186,40.96647020623592,463.707332611084,547
Napoli,3525,14.32708688612725,40.85327042855282,1137.6126174926758,547
Napoli,3525,14.302339314776637,40.95831204691804,582.7375106811523,547
Napoli,3525,14.37150039432023,40.941665216294915,735.3719253540039,547
Napoli,3525,14.344948980068382,40.88103137225892,541.7348556518555,547
Napoli,3525,14.183612498417522,40.80110521565311,107.3965072631836,547
Napoli,3525,14.2957281195169,40.87217546582849,327.7568817138672,547
Napoli,3525,14.190483301852616,40.82978456250448,592.308479309082,547
Napoli,3525,14.32108882233411,40.8861464431659,293.7006187438965,547
Napoli,3525,14.338953371595542,40.911874348766084,787.8412666320801,547
Napoli,3525,14.21497525907001,40.864631811956386,458.9406929016113,547
Napoli,3525,14.288080654373598,40.90615376638163,1026.262996673584,547
Napoli,3525,14.174502739991771,40.925155207376044,312.93383026123047,547
Napoli,3525,14.188965174622345,40.910001920779784,255.61844062805176,547
Napoli,3525,14.339349097913722,40.86564261487647,142.9795436859131,547
Napoli,3525,14.239590308514297,40.937917498660795,277.2888641357422,547
Napoli,3525,14.257690251848208,40.89416867503301,1093.2445755004883,547
Napoli,3525,14.188884848557969,40.84610665036346,585.9074211120605,547
Napoli,3525,14.232077608465717,40.96042551406676,195.8622055053711,547
Napoli,3525,14.232503976226937,40.917746734045615,562.0092239379883,547
Napoli,3525,14.188126013970345,40.82929362432055,239.53258895874023,547
Napoli,3525,14.306118469980149,40.95206108626891,352.06085205078125,547
Napoli,3525,14.334362551453623,40.86898075857674,698.9639205932617,547
Napoli,3525,14.265771346885613,40.89744837872577,473.80162048339844,547
Napoli,3525,14.343943926203414,40.910835068587616,724.3517990112305,547
Napoli,3525,14.245474902088269,40.83858767492514,693.5738067626953,547
Napoli,3525,14.356275040917541,40.844948535934904,65.06096076965332,547
Napoli,3525,14.268215483110785,40.857154153575806,754.5461196899414,547
Napoli,3525,14.234261663086047,40.853886615867815,1032.850212097168,547
Napoli,3525,14.240034254221888,40.851712338868744,1026.7857360839844,547
Napoli,3525,14.38237907518924,40.777847893001834,277.0506820678711,547
Napoli,3525,14.303660429824676,40.90774849962818,502.8016357421875,547
Napoli,3525,14.177286208326978,40.93549766265646,168.30970764160156,547
Napoli,3525,14.18365666504062,40.928107173712725,492.2883071899414,547
Napoli,3525,14.223608535369884,40.94723179777493,224.8509178161621,547
Napoli,3525,14.353425644154985,40.80595169278616,609.4787979125977,547
Napoli,3525,14.25352589114476,40.93559166476115,376.9356803894043,547
Napoli,3525,14.245517618495832,40.93469910783537,433.44013595581055,547
Napoli,3525,14.24690981908169,40.90423091273541,807.3971138000488,547
Napoli,3525,14.248655647750605,40.945417794043465,182.66988563537598,547
Napoli,3525,14.304286684341884,40.84151343007118,356.7671203613281,547
Napoli,3525,14.234317951827514,40.932542129698355,399.3723373413086,547
Napoli,3525,14.333336782817872,40.84791683228628,711.4080657958984,547
Napoli,3525,14.351280942715785,40.883156142996654,290.47622871398926,547
Napoli,3525,14.279165406286593,40.94124707352671,464.56579971313477,547
Napoli,3525,14.272231217026018,40.96735961332927,461.1736297607422,547
Napoli,3525,14.278873751263166,40.87555682251788,332.25499725341797,547
Napoli,3525,14.182462342081147,40.963938606813855,344.009033203125,547
Napoli,3525,14.20338682643929,40.96278000254268,324.0703887939453,547
Napoli,3525,14.222085798589132,40.85873689993018,530.7246932983398,547
Napoli,3525,14.235855882283802,40.86700353396352,536.5662841796875,547
Napoli,3525,14.232236664110712,40.93229586744456,232.4085350036621,547
Napoli,3525,14.373245252183953,40.78368213862124,462.97689056396484,547
Napoli,3525,14.328762879533958,40.91552439678262,351.35329818725586,547
Napoli,3525,14.342133786639902,40.843623522413125,810.3641586303711,547
Napoli,3525,14.253666643816002,40.946863205124224,288.6661148071289,547
Napoli,3525,14.249360670883604,40.83585804135315,474.88170623779297,547
Napoli,3525,14.268710127186035,40.8791398750978,452.57424545288086,547
Napoli,3525,14.238653814631155,40.873390250088974,603.9101295471191,547
Napoli,3525,14.272441635702158,40.859105147836594,878.4095840454102,547
Napoli,3525,14.293916120246603,40.9533656774541,641.408748626709,547
Napoli,3525,14.164945372204919,40.856037725401116,596.7809257507324,547
Napoli,3525,14.207495621333948,40.97331907015916,442.7576713562012,547
Napoli,3525,14.358169504579676,40.91371955422493,722.1106491088867,547
Napoli,3525,14.214407854986574,40.920737974494934,566.1690521240234,547
Napoli,3525,14.20127559720118,40.93744784173509,237.62433624267578,547
Napoli,3525,14.272154999377697,40.8892946063606,490.1247024536133,547
Napoli,3525,14.248466108531643,40.83070849162043,616.07470703125,547
Napoli,3525,14.20189730637751,40.85000272009494,479.3974609375,547
Napoli,3525,14.223613912776246,40.839902617175305,969.7370681762695,547
Napoli,3525,14.339191704282186,40.83431394472104,531.489688873291,547
Napoli,3525,14.290220718205566,40.87883677107784,127.98449325561523,547
Napoli,3525,14.373088885113273,40.79108337282479,858.5610656738281,547
Napoli,3525,14.359514118319568,40.94523908288969,547.1312046051025,547
Napoli,3525,14.344154361490155,40.90463513042159,486.8362464904785,547
Napoli,3525,14.376902515635894,40.93692152869141,565.6249084472656,547
Napoli,3525,14.289123008722504,40.89882629759119,794.7827949523926,547
Napoli,3525,14.311332904443793,40.83016979339366,434.1466064453125,547
Napoli,3525,14.314619923224868,40.834284807903394,763.2416725158691,547
Napoli,3525,14.188572110641717,40.831726174568,553.9353942871094,547
Napoli,3525,14.219169047868247,40.91475168333072,331.76856994628906,547
Napoli,3525,14.298549290550765,40.903163212166945,242.71254348754883,547
Napoli,3525,14.356523971792244,40.87175248479479,373.50400161743164,547
Napoli,3525,14.36326202617544,40.94347299060684,510.11652755737305,547
Napoli,3525,14.215085225570599,40.83841916315872,804.5901336669922,547
Napoli,3525,14.308921705700596,40.83737644221711,673.4109725952148,547
Napoli,3525,14.235156503226015,40.94849151326375,440.5341682434082,547
Napoli,3525,14.241466160596431,40.85879505341341,402.93090057373047,547
Napoli,3525,14.304105594914542,40.88212139045102,299.48535537719727,547
Napoli,3525,14.281837569803416,40.85525542233418,750.6756286621094,547
Napoli,3525,14.272284160948896,40.86494728439473,705.9414901733398,547
Napoli,3525,14.257719773235037,40.88681683460365,431.33164978027344,547
Napoli,3525,14.23169539786401,40.857684219224744,883.2743129730225,547
Napoli,3525,14.214639708110257,40.86258861800461,157.70615768432617,547
Napoli,3525,14.28480109418989,40.957832443904415,241.85976028442383,547
Napoli,3525,14.328836636402434,40.81801638481101,877.5457611083984,547
Napoli,3525,14.355123673061845,40.82032158939639,417.7870445251465,547
Napoli,3525,14.352973064025758,40.87890980002998,240.89571952819824,547
Napoli,3525,14.227251618468285,40.86064116537237,640.1197738647461,547
Napoli,3525,14.246010521489115,40.957502507530435,452.7776908874512,547
Napoli,3525,14.170036133849079,40.846930455618335,98.98615074157715,547
Napoli,3525,14.207153889788021,40.840263658187425,953.5015411376953,547
Napoli,3525,14.20416165676827,40.829587524277564,622.4078521728516,547
Napoli,3525,14.364483880037897,40.90902624418808,444.74799728393555,547
Napoli,3525,14.178310605133536,40.90062317638418,654.5549697875977,547
Napoli,3525,14.16584922028148,40.92465329868074,318.7430057525635,547
Napoli,3525,14.33013557758285,40.86512076043895,655.4618606567383,547
Napoli,3525,14.156255567332504,40.89712001547096,143.7060317993164,547
Napoli,3525,14.174042020654348,40.853092191643775,577.3982849121094,547
Napoli,3525,14.359046672565178,40.850077209207015,446.5515441894531,547
Napoli,3525,14.35050324253947,40.84015651324682,263.4602394104004,547
Napoli,3525,14.270486493328255,40.86278603920814,974.5771789550781,547
Napoli,3525,14.244360764949741,40.95087326345397,195.47306442260742,547
Napoli,3525,14.180511477394917,40.92599779010916,315.2619209289551,547
Napoli,3525,14.369184879468676,40.787393301535246,769.0281982421875,547
Napoli,3525,14.327995580519879,40.85851230601826,830.6411361694336,547
Napoli,3525,14.34380384394987,40.82395160988203,1064.9374313354492,547
Napoli,3525,14.37339687564735,40.85440239862945,256.99182891845703,547
Napoli,3525,14.267760973569171,40.917459949789325,667.6743240356445,547
Napoli,3525,14.287157511079412,40.94511199468784,365.56155586242676,547
Napoli,3525,14.185648346314792,40.826266025229316,358.7149200439453,547
Napoli,3525,14.206754787191018,40.905282882411385,527.9404373168945,547
Napoli,3525,14.20672808972675,40.82128613989812,532.9600200653076,547
Napoli,3525,14.163581604747783,40.81826567779111,477.2406196594238,547
Napoli,3525,14.168446708515253,40.851554238663226,659.108039855957,547
Napoli,3525,14.248671739208525,40.90429087975266,553.373176574707,547
Napoli,3525,14.22238041045805,40.92723636556206,388.4585990905762,547
Napoli,3525,14.229242959070909,40.96786611342246,411.28003311157227,547
Napoli,3525,14.24830112602834,40.9597348441165,516.3774070739746,547
Napoli,3525,14.207456493732638,40.969798641415174,405.5024642944336,547
Napoli,3525,14.373109143767035,40.94583095775253,511.8184509277344,547
Napoli,3525,14.2691678972799,40.96309049246285,609.3723068237305,547
Napoli,3525,14.19621001392989,40.83883528860386,403.8396682739258,547
Napoli,3525,14.309291052068543,40.93081447291116,613.3177070617676,547
Napoli,3525,14.202595954052589,40.932973924748985,509.12891387939453,547
Napoli,3525,14.280360148206608,40.94395569592036,573.4984550476074,547
Napoli,3525,14.16233673603279,40.85163008715015,384.34423446655273,547
Napoli,3525,14.19559860918637,40.93247842082056,411.6944465637207,547
Napoli,3525,14.312218758557844,40.86416507312349,96.86754035949707,547
Napoli,3525,14.34888261733077,40.90031445346288,993.4178009033203,547
Napoli,3525,14.186327040122649,40.96896616925483,407.6413230895996,547
Napoli,3525,14.253243050246773,40.83847092344617,592.3758926391602,547
Napoli,3525,14.270414226068587,40.885831573939384,653.6498184204102,547
Napoli,3525,14.353402463323102,40.86436150242527,357.9445495605469,547
Napoli,3525,14.195106771178803,40.90818668951984,575.4421882629395,547
Napoli,3525,14.275744476153106,40.89069835707693,860.4418640136719,547
Napoli,3525,14.304165889449997,40.88916683910999,32.656280517578125,547
Napoli,3525,14.31882896947117,40.8247169923848,286.5377368927002,547
Napoli,3525,14.297449347835554,40.92765336148756,409.2421417236328,547
Napoli,3525,14.263371859153965,40.91957093744086,363.1592330932617,547
Napoli,3525,14.221886746028895,40.930064418315666,451.6734275817871,547
Napoli,3525,14.265009233536663,40.888327031168345,929.6763687133789,547
Napoli,3525,14.315684482402283,40.91616940639245,602.4158020019531,547
Napoli,3525,14.28924998276723,40.936775753059514,473.0043640136719,547
Napoli,3525,14.320356030581744,40.878739125847765,192.22272109985352,547
Napoli,3525,14.14776845394732,40.922079682423316,219.49887657165527,547
Napoli,3525,14.223839741891567,40.96398041643429,200.8870086669922,547
Napoli,3525,14.334117447540002,40.846106167951234,698.1074409484863,547
Napoli,3525,14.33678209524816,40.829244274130545,580.6713371276855,547
Napoli,3525,14.222499223109997,40.974568193536804,68.81838989257812,547
Napoli,3525,14.258933390366742,40.93192490183568,333.35631942749023,547
Napoli,3525,14.165872314734973,40.86293663887247,307.9791946411133,547
Napoli,3525,14.151665890059997,40.85583350590999,31.306102752685547,547
Napoli,3525,14.27610793417751,40.85255993155141,349.9748191833496,547
Napoli,3525,14.16169988265371,40.82140141783539,180.05765914916992,547
Napoli,3525,14.23084033087387,40.85291076205915,865.5339431762695,547
Napoli,3525,14.22664727683254,40.84749105465172,926.6309356689453,547
Napoli,3525,14.245750049108489,40.898283930046375,609.6586418151855,547
Napoli,3525,14.186065061392236,40.93249280264619,266.2000045776367,547
Napoli,3525,14.204558239773,40.91835012775979,663.7551345825195,547
Napoli,3525,14.218524149853659,40.83472428663674,918.8304824829102,547
Napoli,3525,14.337228452217085,40.90658383083544,675.7545032501221,547
Napoli,3525,14.2826688250201,40.9030005096902,482.98448181152344,547
Napoli,3525,14.256627264618661,40.86705684771925,398.5990180969238,547
Napoli,3525,14.295143079216356,40.89851860246907,543.9625129699707,547
Napoli,3525,14.20126869364751,40.827555705696184,576.6341552734375,547
Napoli,3525,14.236754550444974,40.89253161621182,801.2106704711914,547
Napoli,3525,14.21831332674482,40.906069387888294,138.19629859924316,547
Napoli,3525,14.306171063019198,40.86400591863514,189.17216873168945,547
Napoli,3525,14.272294590680099,40.916954665024136,196.82493782043457,547
Napoli,3525,14.222584411012155,40.854547199503855,754.6565856933594,547
Napoli,3525,14.383524391938444,40.904590520559005,207.1711483001709,547
Napoli,3525,14.232619503214181,40.834093993342954,768.1346588134766,547
Napoli,3525,14.233815344829774,40.88371949941153,170.63526153564453,547
Napoli,3525,14.275200503594785,40.85792154528739,667.5301361083984,547
Napoli,3525,14.337438576614588,40.81261566478933,536.1505966186523,547
Napoli,3525,14.171901550503012,40.81625610189928,419.7172603607178,547
Napoli,3525,14.24526830150567,40.83425659902524,566.0875244140625,547
Napoli,3525,14.267681425713437,40.862573024383614,855.9253921508789,547
Napoli,3525,14.235926183672102,40.9343114703904,456.03493881225586,547
Napoli,3525,14.170823887456224,40.85667138623448,762.2146835327148,547
Napoli,3525,14.249835295690021,40.90263917429965,669.8368148803711,547
Napoli,3525,14.238481817693822,40.844252357388015,706.1337699890137,547
Napoli,3525,14.229218010392145,40.84130702557389,749.6067695617676,547
Napoli,3525,14.17331072516381,40.89699026202213,324.6618461608887,547
Napoli,3525,14.22273670931848,40.89726784526448,488.5581760406494,547
Napoli,3525,14.28073795707136,40.863358349744935,543.1637992858887,547
Napoli,3525,14.274914183972244,40.84791237211436,518.2949180603027,547
Napoli,3525,14.208257739061642,40.81671543650951,391.1434135437012,547
Napoli,3525,14.285369339072785,40.84011084354869,386.7652282714844,547
Napoli,3525,14.198673459731827,40.894993686748606,551.6744804382324,547
Napoli,3525,14.295428695564189,40.94375542355981,226.7923927307129,547
Napoli,3525,14.167680167777135,40.97210620013368,399.4083709716797,547
Napoli,3525,14.210638287286933,40.89505700117621,163.04034233093262,547
Napoli,3525,14.342805235535304,40.90057100954824,167.19448471069336,547
Napoli,3525,14.226618441584629,40.90263469893169,300.42264556884766,547
Napoli,3525,14.226925641656296,40.91694203912236,391.17442321777344,547
Napoli,3525,14.219499586065897,40.84171202458905,660.6700019836426,547
Napoli,3525,14.371974277137715,40.94761233496044,438.89646911621094,547
Napoli,3525,14.230910558609835,40.947023327348305,399.3827495574951,547
Napoli,3525,14.146458882736964,40.884700226739525,290.6371326446533,547
Napoli,3525,14.372990265263722,40.93497806207987,510.9673595428467,547
Napoli,3525,14.28499184577072,40.940004914627224,424.1935615539551,547
Napoli,3525,14.357366058078723,40.820309021129006,372.9282455444336,547
Napoli,3525,14.213639559191153,40.824049239557105,516.1429290771484,547
Napoli,3525,14.344600374080674,40.87167630252061,424.06629180908203,547
Napoli,3525,14.37641324087637,40.94242800569201,367.4426460266113,547
Napoli,3525,14.275078528644004,40.93057986590247,225.23975372314453,547
Napoli,3525,14.203779930741579,40.97470959323293,357.29187393188477,547
Napoli,3525,14.296198120346633,40.92208907725874,691.4073219299316,547
Napoli,3525,14.346246074441325,40.87045988898317,192.89886856079102,547
Napoli,3525,14.163771687584696,40.863252347370526,243.45962715148926,547
Napoli,3525,14.310822104344942,40.921648786347184,688.0759506225586,547
Napoli,3525,14.239815290440998,40.90192334095671,470.9144859313965,547
Napoli,3525,14.282782742572516,40.91527164529578,582.9924850463867,547
Napoli,3525,14.19768108442913,40.801400539391096,325.966344833374,547
Napoli,3525,14.296525995224735,40.86926443694611,551.4620819091797,547
Napoli,3525,14.378619199790235,40.77668837137922,276.5070457458496,547
Napoli,3525,14.35624490794903,40.86165409224229,326.4317092895508,547
Napoli,3525,14.304811247161075,40.84532994835688,169.33836364746094,547
Napoli,3525,14.32059801380659,40.92435039978466,280.3113765716553,547
Napoli,3525,14.303477242648825,40.85381637689506,532.8679962158203,547
Napoli,3525,14.375026866385141,40.85349212897073,382.7762756347656,547
Napoli,3525,14.267642273069278,40.967639910358365,492.3360900878906,547
Napoli,3525,14.262013687517467,40.91347429599853,314.04028701782227,547
Napoli,3525,14.27350567155123,40.90249499147294,1202.3225860595703,547
Napoli,3525,14.360063510993145,40.90953873423987,320.33572006225586,547
Napoli,3525,14.374502806167913,40.79756422498914,396.9753761291504,547
Napoli,3525,14.14788734112656,40.91637380053572,456.9079399108887,547
Napoli,3525,14.354224804373006,40.92074902259366,363.928955078125,547
Napoli,3525,14.26710597055876,40.914210751191746,425.84549713134766,547
Napoli,3525,14.216645606571698,40.90710472865683,345.9794731140137,547
Napoli,3525,14.34834032671802,40.81979459224934,452.13463592529297,547
Napoli,3525,14.358138197734894,40.94719962662107,426.2762508392334,547
Napoli,3525,14.204900359997701,40.903882649245006,537.889404296875,547
Napoli,3525,14.19174287045557,40.801584163324875,417.62275314331055,547
Napoli,3525,14.267917662285067,40.97414375870879,433.3942413330078,547
Napoli,3525,14.172373610718079,40.96333188395698,341.5652389526367,547
Napoli,3525,14.353116907419942,40.91169311913744,387.1412925720215,547
Napoli,3525,14.299884304984204,40.903653029814606,294.8114891052246,547
Napoli,3525,14.232064006152143,40.8952028413462,498.4181900024414,547
Napoli,3525,14.27456791275058,40.9391815048312,580.617546081543,547
Napoli,3525,14.225009873487288,40.91799746231373,577.5181922912598,547
Napoli,3525,14.381783151637327,40.90549657750115,237.49240493774414,547
Napoli,3525,14.331669684301424,40.866406379659075,843.3473320007324,547
Napoli,3525,14.192361269677441,40.91379589143669,592.8665504455566,547
Napoli,3525,14.258272498952934,40.90601667968829,577.5166435241699,547
Napoli,3525,14.29015330391936,40.9081786912131,661.4362564086914,547
Napoli,3525,14.273307537351942,40.87247241049849,908.2542324066162,547
Napoli,3525,14.18173519592986,40.81661737879356,496.45794105529785,547
Napoli,3525,14.275511656834995,40.86425371768517,462.0506172180176,547
Napoli,3525,14.206193951672626,40.960257927431336,223.8286418914795,547
Napoli,3525,14.31857984645017,40.91990555570919,732.5311279296875,547
Napoli,3525,14.225826982203143,40.93040135352015,290.28511810302734,547
Napoli,3525,14.16242096558284,40.95764915031383,493.1697082519531,547
Napoli,3525,14.35716095330876,40.82537297828592,424.1497688293457,547
Napoli,3525,14.283793283841446,40.9073801317953,443.21128845214844,547
Napoli,3525,14.299330066323254,40.96245015129804,263.5589714050293,547
Napoli,3525,14.176755719186993,40.92536140532211,436.4907112121582,547
Napoli,3525,14.375610415977706,40.93520947574274,447.09093475341797,547
Napoli,3525,14.271250346896876,40.87774446746476,536.8478202819824,547
Napoli,3525,14.339694622203343,40.85462546177758,324.4163360595703,547
Napoli,3525,14.28368697144362,40.94415363612858,548.3631286621094,547
Napoli,3525,14.315925112456869,40.82659990508079,417.13913345336914,547
Napoli,3525,14.249175413079572,40.93691890696096,461.3647117614746,547
Napoli,3525,14.210096133887493,40.926769036375354,526.3695869445801,547
Napoli,3525,14.231485323634592,40.877931546781674,263.5794982910156,547
Napoli,3525,14.342968933257001,40.845891415690055,569.378288269043,547
Napoli,3525,14.321646796595338,40.82346351003505,465.80653381347656,547
Napoli,3525,14.287501548879613,40.901666576547974,602.0891036987305,547
Napoli,3525,14.278939646826855,40.908719811404346,260.5304374694824,547
Napoli,3525,14.303222112895941,40.93961549013204,552.1537666320801,547
Napoli,3525,14.320957822576453,40.82166956068423,373.0642318725586,547
Napoli,3525,14.290467994893161,40.89107773306661,435.5505180358887,547
Napoli,3525,14.240623506292192,40.94744753511601,446.02667236328125,547
Napoli,3525,14.29090886603298,40.853915381373135,637.7259864807129,547
Napoli,3525,14.309784975386377,40.963079977382414,265.11815071105957,547
Napoli,3525,14.195231963096745,40.917515690821006,512.5133590698242,547
Napoli,3525,14.263000724093631,40.897062078019935,688.627513885498,547
Napoli,3525,14.312839866685792,40.93388497910302,420.4180564880371,547
Napoli,3525,14.227618031482928,40.878333505819995,114.91576385498047,547
Napoli,3525,14.224828290787606,40.86896334537097,321.81582260131836,547
Napoli,3525,14.251708456801245,40.941136938468304,490.07648849487305,547
Napoli,3525,14.237517918018012,40.94208061814571,345.7401351928711,547
Napoli,3525,14.165300842959498,40.89834375089968,329.7599849700928,547
Napoli,3525,14.178875369562455,40.974650813028894,306.7510299682617,547
Napoli,3525,14.21589973799769,40.84131373245617,566.6255264282227,547
Napoli,3525,14.248423334221677,40.95224729607095,449.0534248352051,547
Napoli,3525,14.339139806511973,40.84675977541899,730.8132476806641,547
Napoli,3525,14.308937030915644,40.87435113052507,284.9887943267822,547
Napoli,3525,14.265929433585024,40.95927357983836,576.3862915039062,547
Napoli,3525,14.31707457936683,40.839836034257104,1014.3886337280273,547
Napoli,3525,14.297808498292625,40.90594261854585,357.6010627746582,547
Napoli,3525,14.332495704418406,40.86958835808817,1140.1402893066406,547
Napoli,3525,14.371315280254555,40.95142341150621,279.32910919189453,547
Napoli,3525,14.266549295935022,40.943242462063395,489.5376434326172,547
Napoli,3525,14.259795285121278,40.93657343734969,455.1205825805664,547
Napoli,3525,14.357302218433132,40.85155054292543,314.7972297668457,547
Napoli,3525,14.253377506201131,40.84703316596503,826.75146484375,547
Napoli,3525,14.330667822530184,40.849164425340454,1108.1144561767578,547
Napoli,3525,14.381390734165223,40.77729125159283,146.11990356445312,547
Napoli,3525,14.263176590961256,40.84413694398443,370.8441390991211,547
Napoli,3525,14.274653542802,40.84451251938799,76.25059127807617,547
Napoli,3525,14.192219172477564,40.96331393647793,392.6861228942871,547
Napoli,3525,14.20673959320446,40.82877688970866,719.5290870666504,547
Napoli,3525,14.20745644341816,40.967891160944006,341.60999298095703,547
Napoli,3525,14.21012579541936,40.832595587251184,747.6974029541016,547
Napoli,3525,14.216486000446562,40.908333505699986,158.03104782104492,547
Napoli,3525,14.315003299513268,40.929477548257395,433.2219352722168,547
Napoli,3525,14.245262986740045,40.94219852000472,734.8454093933105,547
Napoli,3525,14.335848506326004,40.86717317474348,380.4095802307129,547
Napoli,3525,14.193172622626417,40.846156137733445,480.5366744995117,547
Napoli,3525,14.351586965245618,40.80696340685025,610.5894927978516,547
Napoli,3525,14.326045513475691,40.849529273464086,997.8081970214844,547
Napoli,3525,14.280549068348842,40.90605461795416,379.1974906921387,547
Napoli,3525,14.283787238003145,40.86409818405847,501.61773681640625,547
Napoli,3525,14.190795077508422,40.93437861756721,281.77879905700684,547
Napoli,3525,14.339698953847096,40.823609993470924,977.1203918457031,547
Napoli,3525,14.265143882680293,40.95611848750089,631.4419975280762,547
Napoli,3525,14.290981748174746,40.92909959111441,370.4463005065918,547
Napoli,3525,14.246681891396475,40.86000255812493,696.5144271850586,547
Napoli,3525,14.289657380533503,40.930704619309914,233.15832138061523,547
Napoli,3525,14.227602239839959,40.91226638869062,366.9878044128418,547
Napoli,3525,14.38111183463987,40.853221222441626,210.2837677001953,547
Napoli,3525,14.344854299947478,40.80931421288329,663.8506774902344,547
Napoli,3525,14.243210121810638,40.84927559881748,914.7498626708984,547
Napoli,3525,14.238036707354583,40.937190427584596,523.6470603942871,547
Napoli,3525,14.322203867887072,40.88453053170692,339.3708686828613,547
Napoli,3525,14.35798663314728,40.79854892179865,255.39719772338867,547
Napoli,3525,14.246127627454289,40.836057694664866,739.5089874267578,547
Napoli,3525,14.307483715897007,40.916026922467765,475.48559951782227,547
Napoli,3525,14.176096983053945,40.821378252576544,646.8015480041504,547
Napoli,3525,14.293951346172076,40.85029556291371,758.1518707275391,547
Napoli,3525,14.251835919330567,40.85024212609817,569.3400497436523,547
Napoli,3525,14.19310865403539,40.965951492104416,350.3513870239258,547
Napoli,3525,14.272493796084968,40.88583618703546,733.7770767211914,547
Napoli,3525,14.309584465952605,40.95366793085232,316.9289360046387,547
Napoli,3525,14.200059188157267,40.868484895561245,340.47959899902344,547
Napoli,3525,14.199768285287846,40.831925379209096,1098.1667938232422,547
Napoli,3525,14.312549476078672,40.868979299685954,392.1399574279785,547
Napoli,3525,14.301183165227703,40.84918147684311,276.75984382629395,547
Napoli,3525,14.243775963129949,40.84498605397778,546.4147186279297,547
Napoli,3525,14.33488231069576,40.871240319810546,448.9756774902344,547
Napoli,3525,14.205693007933979,40.92099339110127,556.4215965270996,547
Napoli,3525,14.309248853379835,40.881205517258174,461.0066223144531,547
Napoli,3525,14.224906692516996,40.9265344134475,579.7067184448242,547
Napoli,3525,14.2449044667779,40.90350309568306,617.3426818847656,547
Napoli,3525,14.261435530205626,40.94165856671211,438.2171516418457,547
Napoli,3525,14.325129042707934,40.88741693957127,457.09546279907227,547
Napoli,3525,14.278214518288538,40.94527350620186,487.7376594543457,547
Napoli,3525,14.17905206693266,40.82537889099395,328.77842140197754,547
Napoli,3525,14.286264675568253,40.842896011190696,597.8674201965332,547
Napoli,3525,14.249735711132962,40.84352685122515,765.7610397338867,547
Napoli,3525,14.30971176533215,40.958290596355695,345.134822845459,547
Napoli,3525,14.22406848302701,40.93817339864672,279.09592056274414,547
Napoli,3525,14.267040619400566,40.87826754353675,187.9494571685791,547
Napoli,3525,14.33152032792993,40.84651821815844,938.1486892700195,547
Napoli,3525,14.348971164652312,40.86813363193376,145.8317527770996,547
Napoli,3525,14.229342326709055,40.8850869424517,593.8880863189697,547
Napoli,3525,14.230561964598229,40.89884522987812,245.58848190307617,547
Napoli,3525,14.254250514502589,40.95937758404175,340.11111068725586,547
Napoli,3525,14.207946608235874,40.86288318265493,153.78382301330566,547
Napoli,3525,14.159781998803407,40.96099037984494,298.9656791687012,547
Napoli,3525,14.363314197751903,40.9110041190219,571.1476020812988,547
Napoli,3525,14.299467952341168,40.911089966763875,765.7606010437012,547
Napoli,3525,14.304683452517716,40.87135027135368,462.31056213378906,547
Napoli,3525,14.184209794967947,40.906933962246534,300.5550346374512,547
Napoli,3525,14.179034629870074,40.90314177063142,270.12005615234375,547
Napoli,3525,14.22087122108564,40.92050908562718,567.9301414489746,547
Napoli,3525,14.19166575003368,40.892400980578394,440.45044326782227,547
Napoli,3525,14.317786233641474,40.91304757811177,98.90245628356934,547
Napoli,3525,14.180141691428487,40.851499294064276,424.5250434875488,547
Napoli,3525,14.296243723155031,40.93488545621631,367.483980178833,547
Napoli,3525,14.253323165905636,40.95457947979456,517.4776802062988,547
Napoli,3525,14.347967376904162,40.82316348905155,520.5207557678223,547
Napoli,3525,14.356868822961053,40.80847185388759,463.10489654541016,547
Napoli,3525,14.304117901980813,40.93173204305046,413.60943603515625,547
Napoli,3525,14.233594348807822,40.9108352677003,720.0397415161133,547
Napoli,3525,14.264773171145318,40.93490936176657,471.22166442871094,547
Napoli,3525,14.287663319658773,40.95216670164236,307.4623832702637,547
Napoli,3525,14.144066782189268,40.880928943486154,463.7804260253906,547
Napoli,3525,14.1541519239578,40.899320056201226,166.91352653503418,547
Napoli,3525,14.241559124170864,40.83611898278132,809.2971801757812,547
Napoli,3525,14.148742313148372,40.88444164712665,207.3626365661621,547
Napoli,3525,14.249880527571989,40.838250110659956,634.1210556030273,547
Napoli,3525,14.358208080692393,40.81744779513154,422.931921005249,547
Napoli,3525,14.196788761871382,40.85012798845315,482.14625549316406,547
Napoli,3525,14.350195112168059,40.87562161095691,302.79640007019043,547
Napoli,3525,14.15849891465253,40.84927602221704,331.290828704834,547
Napoli,3525,14.343958430196597,40.877945522367796,336.20097732543945,547
Napoli,3525,14.319529686316171,40.83600286629446,1463.016616821289,547
Napoli,3525,14.229556545478992,40.92372473444069,784.3891220092773,547
Napoli,3525,14.204111080294997,40.91578486744362,424.2993698120117,547
Napoli,3525,14.20440526664117,40.911692301550865,494.6650695800781,547
Napoli,3525,14.213914370461591,40.962516540868094,294.3248825073242,547
Napoli,3525,14.186782504252792,40.838373627388926,392.53665924072266,547
Napoli,3525,14.210130324367292,40.966679744052136,353.53271102905273,547
Napoli,3525,14.31057172335365,40.8289671758369,395.4014778137207,547
Napoli,3525,14.381073076249987,40.947626788097104,323.0323295593262,547
Napoli,3525,14.179329512374423,40.87529663262707,172.3762149810791,547
Napoli,3525,14.167499223329997,40.84166683929999,33.15890884399414,547
Napoli,3525,14.28910804877056,40.94646609714464,400.4676322937012,547
Napoli,3525,14.17773420539044,40.854904543738535,329.6255683898926,547
Napoli,3525,14.249567007682717,40.86715469046052,409.85559272766113,547
Napoli,3525,14.234338278114606,40.95082101227998,309.29024505615234,547
Napoli,3525,14.224162148210342,40.91044991030011,155.62795639038086,547
Napoli,3525,14.218612423216415,40.85499340518011,409.8232021331787,547
Napoli,3525,14.184264608630292,40.88356501950987,328.23830795288086,547
Napoli,3525,14.272479460483755,40.84686083270225,582.3338451385498,547
Napoli,3525,14.23701097060512,40.90969409087715,555.1727294921875,547
Napoli,3525,14.281822828819973,40.94253390817388,385.71162033081055,547
Napoli,3525,14.310617310166435,40.86972642070372,349.60216522216797,547
Napoli,3525,14.339147205259355,40.908008524357776,685.9208869934082,547
Napoli,3525,14.254306915506632,40.96455074735503,539.3526496887207,547
Napoli,3525,14.382276973335221,40.7839524285263,401.949520111084,547
Napoli,3525,14.347643535995026,40.87248359055819,436.00331115722656,547
Napoli,3525,14.189564628806185,40.821268252586826,375.7774200439453,547
Napoli,3525,14.218380388910543,40.88854621751269,734.6125984191895,547
Napoli,3525,14.21319946728211,40.82571483164762,593.1597137451172,547
Napoli,3525,14.29404560184962,40.91152461610943,497.1068115234375,547
Napoli,3525,14.342161192488001,40.853977770158615,378.8000602722168,547
Napoli,3525,14.265386876655262,40.881699137246976,160.19050407409668,547
Napoli,3525,14.188442179213514,40.894090316322114,565.8638458251953,547
Napoli,3525,14.244413267090103,40.85333059116088,829.6856079101562,547
Napoli,3525,14.313508093342854,40.91406733736601,593.4224548339844,547
Napoli,3525,14.380078510768627,40.77859904736332,417.37328338623047,547
Napoli,3525,14.295261594427723,40.89564841150777,528.4117889404297,547
Napoli,3525,14.253414542113925,40.88842267826109,760.2416915893555,547
Napoli,3525,14.186940125710676,40.8190872357163,535.4598197937012,547
Napoli,3525,14.229901115185953,40.91238254821907,450.82179260253906,547
Napoli,3525,14.296470488668547,40.95464997724253,685.7921104431152,547
Napoli,3525,14.380485320695456,40.90420376006462,329.15147972106934,547
Napoli,3525,14.324069488491542,40.83570550643432,943.76220703125,547
Napoli,3525,14.363688324440256,40.888518767079375,169.71531867980957,547
Napoli,3525,14.3050500458863,40.839988332293906,599.0080947875977,547
Napoli,3525,14.354848479539164,40.82489613389609,331.9482002258301,547
Napoli,3525,14.2101474077274,40.87190389369373,344.7126045227051,547
Napoli,3525,14.224066657920783,40.85739245746117,791.4688720703125,547
Napoli,3525,14.288301441186647,40.92158006163786,433.2221145629883,547
Napoli,3525,14.327529235130294,40.876880636866105,453.4288558959961,547
Napoli,3525,14.321239357708722,40.87514434330761,490.8211669921875,547
Napoli,3525,14.383548033204448,40.950096033463275,292.67855072021484,547
Napoli,3525,14.35949999818331,40.80285368267634,567.9124488830566,547
Napoli,3525,14.161205295207326,40.85746878664065,324.2894973754883,547
Napoli,3525,14.340169303892718,40.86974473249617,671.1601943969727,547
Napoli,3525,14.261699728216735,40.91810302441227,242.43308639526367,547
Napoli,3525,14.1665875879999,40.85421008801351,650.5669250488281,547
Napoli,3525,14.217458982534426,40.82659252354041,710.6587791442871,547
Napoli,3525,14.296636996595797,40.90200913210853,279.65283584594727,547
Napoli,3525,14.239557016696402,40.92080197300803,456.2925052642822,547
Napoli,3525,14.37124980421287,40.93679625161678,303.82870864868164,547
Napoli,3525,14.29739059445608,40.91330440487131,573.7511177062988,547
Napoli,3525,14.19655704164951,40.936720674751726,278.6829128265381,547
Napoli,3525,14.156634964473875,40.91566889196519,821.0386753082275,547
Napoli,3525,14.292582456238632,40.912688948889176,511.2477607727051,547
Napoli,3525,14.221665889779997,40.88583350578999,31.132156372070312,547
Napoli,3525,14.285894088365584,40.94177529749198,550.8846263885498,547
Napoli,3525,14.229636609464974,40.881287893370256,275.2786865234375,547
Napoli,3525,14.26126033531673,40.90650494073316,677.2652282714844,547
Napoli,3525,14.232626369595659,40.890408763722235,907.8619995117188,547
Napoli,3525,14.302681543873968,40.911191869729564,706.5000343322754,547
Napoli,3525,14.245687542068474,40.830628122606086,532.9199104309082,547
Napoli,3525,14.19790908336269,40.97113495111469,564.0798568725586,547
Napoli,3525,14.204294229524558,40.90907086155103,475.9022750854492,547
Napoli,3525,14.171019740663967,40.8973057871425,141.87320709228516,547
Napoli,3525,14.16998718088749,40.859164358040694,782.9884872436523,547
Napoli,3525,14.27595107256886,40.888574118203906,775.3886337280273,547
Napoli,3525,14.26996685281951,40.89079523319506,771.3315696716309,547
Napoli,3525,14.236627100493635,40.92333637191632,560.5052490234375,547
Napoli,3525,14.228023878589363,40.9217064050723,722.0868759155273,547
Napoli,3525,14.198807170529692,40.91675779304589,463.26788902282715,547
Napoli,3525,14.286653216910423,40.900005452564606,634.3109130859375,547
Napoli,3525,14.186665889919997,40.81437296217151,187.83609771728516,547
Napoli,3525,14.309892681402161,40.92406892342818,587.6045989990234,547
Napoli,3525,14.307711209921047,40.84220224756614,467.2756595611572,547
Napoli,3525,14.249405268267003,40.89952379879154,826.6214370727539,547
Napoli,3525,14.363720631127343,40.947530217938365,505.2792854309082,547
Napoli,3525,14.290415774181445,40.923626842940706,228.67383766174316,547
Napoli,3525,14.333138744383508,40.821960602485085,978.2387466430664,547
Napoli,3525,14.349824506780774,40.87967769215289,217.08440017700195,547
Napoli,3525,14.196348333217944,40.80347130181036,663.6766662597656,547
Napoli,3525,14.295696981499946,40.95958078513566,341.8368549346924,547
Napoli,3525,14.195736983398888,40.904282952395086,443.4997138977051,547
Napoli,3525,14.250915108337875,40.903587506238374,476.3881072998047,547
Napoli,3525,14.18828507369749,40.803343692759945,288.0743713378906,547
Napoli,3525,14.296613524532694,40.961730678628435,375.8649787902832,547
Napoli,3525,14.27221363308324,40.853545049787414,644.4892883300781,547
Napoli,3525,14.287776722730559,40.91942352751146,242.78216934204102,547
Napoli,3525,14.237657683896918,40.90807738429126,588.8422927856445,547
Napoli,3525,14.193688266019462,40.898591642148105,558.9407730102539,547
Napoli,3525,14.272275427000983,40.95860524986923,693.1804618835449,547
Napoli,3525,14.378276769962563,40.79394140321531,496.07727813720703,547
Napoli,3525,14.242407765734596,40.9432054838258,465.05236053466797,547
Napoli,3525,14.292776967318616,40.945758926380755,271.1801452636719,547
Napoli,3525,14.308155451801248,40.92825875277673,579.3494186401367,547
Napoli,3525,14.23196863944797,40.96336306480557,446.2658805847168,547
Napoli,3525,14.26326037579614,40.868589750136614,947.0870208740234,547
Napoli,3525,14.223678574275196,40.97245273731865,199.11584854125977,547
Napoli,3525,14.30096201597716,40.84345915464718,423.2549743652344,547
Napoli,3525,14.228061163992246,40.96300692500419,618.2166862487793,547
Napoli,3525,14.174246268236802,40.963810753158626,274.31189727783203,547
Napoli,3525,14.310977305894328,40.83215188797018,430.11637115478516,547
Napoli,3525,14.280041566549272,40.84866730030478,440.56896209716797,547
Napoli,3525,14.245169053845165,40.87541726931595,233.0619773864746,547
Napoli,3525,14.30310845959524,40.880279198997115,135.03732681274414,547
Napoli,3525,14.365300922056639,40.953027546916395,260.77201652526855,547
Napoli,3525,14.18845329309016,40.96679823382241,408.4845848083496,547
Napoli,3525,14.19056139821761,40.92500243327939,465.9872589111328,547
Napoli,3525,14.284006076372975,40.85584993467446,595.2731666564941,547
Napoli,3525,14.360391924143808,40.79360465715905,467.6389389038086,547
Napoli,3525,14.285517463987537,40.87827486758069,360.38814544677734,547
Napoli,3525,14.179164938635859,40.8231941880904,390.7938117980957,547
Napoli,3525,14.324252611859833,40.89015680028631,404.348388671875,547
Napoli,3525,14.3785431020003,40.780794111718066,472.7265205383301,547
Napoli,3525,14.355851297145529,40.89955384371466,723.8633422851562,547
Napoli,3525,14.23896320525341,40.93500812418296,531.3319816589355,547
Napoli,3525,14.230750427253394,40.91653671947251,605.2864532470703,547
Napoli,3525,14.310449852824787,40.884607427330465,261.8410472869873,547
Napoli,3525,14.272165781481776,40.93566487826679,291.5822219848633,547
Napoli,3525,14.157094021782042,40.92654652490522,286.39496994018555,547
Napoli,3525,14.14811226403611,40.913716684097075,702.2628173828125,547
Napoli,3525,14.262656705890969,40.89852911128979,502.09534454345703,547
Napoli,3525,14.268575511899115,40.88582722215949,745.3808746337891,547
Napoli,3525,14.246827753854497,40.95005787406601,437.50716400146484,547
Napoli,3525,14.347085109404821,40.81875132076377,439.45899200439453,547
Napoli,3525,14.330221269609815,40.85750486144152,696.9721755981445,547
Napoli,3525,14.172386651241306,40.972403198693215,469.10606384277344,547
Napoli,3525,14.296453785471906,40.925465855978416,669.743221282959,547
Napoli,3525,14.234830061754511,40.900453500455136,446.4722595214844,547
Napoli,3525,14.294946124087563,40.91022455625485,328.3431167602539,547
Napoli,3525,14.275900448546468,40.86251759865741,604.3840408325195,547
Napoli,3525,14.288309636401104,40.893860604000615,413.50529861450195,547
Napoli,3525,14.305873985616604,40.89926771701747,555.6333541870117,547
Napoli,3525,14.250926176248331,40.86565565489244,399.0432014465332,547
Napoli,3525,14.227976011363841,40.8771032319538,188.1217384338379,547
Napoli,3525,14.268991363688714,40.874351078186706,984.0624389648438,547
Napoli,3525,14.197673112355034,40.903369622015155,374.9518051147461,547
Napoli,3525,14.191237468781074,40.958679171337664,218.20413970947266,547
Napoli,3525,14.247198245904944,40.92718984816171,320.55328369140625,547
Napoli,3525,14.337341376708359,40.81791411382222,994.0026626586914,547
Napoli,3525,14.333665853242806,40.90270494528256,244.47094345092773,547
Napoli,3525,14.149747525710142,40.87596523132396,232.38172721862793,547
Napoli,3525,14.203307834572795,40.97149686079971,347.2005043029785,547
Napoli,3525,14.30329642467323,40.946233025362645,387.34228897094727,547
Napoli,3525,14.345850047909453,40.82292083788604,641.4512329101562,547
Napoli,3525,14.208337929608044,40.96440924261595,401.8018455505371,547
Napoli,3525,14.238553891483054,40.86908697560253,621.2985076904297,547
Napoli,3525,14.204998108587377,40.92581837037919,637.2929840087891,547
Napoli,3525,14.188343347195357,40.92744237163826,548.9000358581543,547
Napoli,3525,14.196692987073158,40.807470432162276,696.9136734008789,547
Napoli,3525,14.3163200510395,40.88212385940455,272.51107025146484,547
Napoli,3525,14.300860878059376,40.93060551764732,337.9013023376465,547
Napoli,3525,14.307362883891003,40.95512313589406,353.7877731323242,547
Napoli,3525,14.334806328035686,40.83616460524703,469.02752685546875,547
Napoli,3525,14.154313950897114,40.911999928605915,200.46197509765625,547
Napoli,3525,14.294610728985562,40.8584306147163,506.8855323791504,547
Napoli,3525,14.243652112723538,40.874814655860725,348.84056091308594,547
Napoli,3525,14.365847068978198,40.94292489597799,551.8324661254883,547
Napoli,3525,14.25906316667405,40.843141921285714,283.9762382507324,547
Napoli,3525,14.198289507248823,40.83831704798276,830.9155883789062,547
Napoli,3525,14.367495647708322,40.91345270688637,255.56634140014648,547
Napoli,3525,14.202523346007762,40.86838554792452,342.84309577941895,547
Napoli,3525,14.29475063382561,40.90080078480348,513.6131057739258,547
Napoli,3525,14.194491474805771,40.9697937286313,478.42536544799805,547
Napoli,3525,14.146556838887534,40.882594876577556,463.76667404174805,547
Napoli,3525,14.292498043429072,40.90972819490259,609.7074279785156,547
Napoli,3525,14.191360165292597,40.903915297326826,569.0050048828125,547
Napoli,3525,14.231671961735273,40.886538255148736,474.4721870422363,547
Napoli,3525,14.202628631998666,40.814174779969626,413.78141021728516,547
Napoli,3525,14.269211311987842,40.97215187788373,572.9425430297852,547
Napoli,3525,14.263755363714388,40.852489733441224,848.6560287475586,547
Napoli,3525,14.271659652649989,40.973017628263754,436.9091453552246,547
Napoli,3525,14.345329128378273,40.84466119428329,502.0206108093262,547
Napoli,3525,14.317076419422868,40.83768685664241,1023.056266784668,547
Napoli,3525,14.26331504973918,40.84628742791308,472.1437225341797,547
Napoli,3525,14.282224818515855,40.908952595212234,470.2287902832031,547
Napoli,3525,14.212044205959517,40.867520167661496,202.58160400390625,547
Napoli,3525,14.36639145855787,40.84514633754352,591.4119644165039,547
Napoli,3525,14.195669862626133,40.92258468733176,766.1490478515625,547
Napoli,3525,14.265428083198596,40.893651745490786,857.752815246582,547
Napoli,3525,14.166056959822743,40.86447023809985,224.68737030029297,547
Napoli,3525,14.378218240033434,40.800463076931045,358.34875297546387,547
Napoli,3525,14.373971842570272,40.91027351708399,275.8638153076172,547
Napoli,3525,14.199509980911877,40.96177849618562,226.02395248413086,547
Napoli,3525,14.177539201637902,40.92220561329246,536.2473678588867,547
Napoli,3525,14.329183029136862,40.826800819303465,615.4146881103516,547
Napoli,3525,14.310807792991326,40.84833350593999,96.82575416564941,547
Napoli,3525,14.201447926610374,40.89965987949767,248.10674667358398,547
Napoli,3525,14.19733651751954,40.90844220689595,395.2799377441406,547
Napoli,3525,14.31499704730969,40.84361274616299,427.1908073425293,547
Napoli,3525,14.327737736155113,40.86886586753726,708.9317092895508,547
Napoli,3525,14.282661482599213,40.95196513549192,271.90899085998535,547
Napoli,3525,14.226248778056956,40.84083335779213,863.3693466186523,547
Napoli,3525,14.241824945295292,40.86038374289649,369.376895904541,547
Napoli,3525,14.185455134188333,40.803373424232106,158.5568084716797,547
Napoli,3525,14.216391992324603,40.88482870687461,328.08245849609375,547
Napoli,3525,14.275092367286781,40.9580609974746,313.9053649902344,547
Napoli,3525,14.273935521420022,40.882968655153135,295.0810775756836,547
Napoli,3525,14.382089655591166,40.909142458936316,354.0264320373535,547
Napoli,3525,14.234480467646602,40.898164978591794,373.0510940551758,547
Napoli,3525,14.359981477582703,40.81456271313196,346.30218505859375,547
Napoli,3525,14.273952503242946,40.89808845317075,1232.1994667053223,547
Napoli,3525,14.249646270925087,40.9425860353935,224.02305221557617,547
Napoli,3525,14.23747766205592,40.901198149232336,392.7780456542969,547
Napoli,3525,14.30062404922684,40.94439027787661,500.6217155456543,547
Napoli,3525,14.24760095869372,40.96237395129467,367.42747497558594,547
Napoli,3525,14.28460899084127,40.9366458490353,352.4166259765625,547
Napoli,3525,14.301840165509272,40.863347897367014,293.1271381378174,547
Napoli,3525,14.279316811255882,40.8456228390001,367.59124755859375,547
Napoli,3525,14.22880505847119,40.91690421811792,357.0476875305176,547
Napoli,3525,14.201374364139848,40.82991051173709,982.0699920654297,547
Napoli,3525,14.2387938226769,40.898862649124005,587.4048957824707,547
Napoli,3525,14.278956755191725,40.93217221053569,323.9684772491455,547
Napoli,3525,14.380672606366693,40.94106632433189,509.4054412841797,547
Napoli,3525,14.19063397273288,40.81784071144258,469.10162353515625,547
Napoli,3525,14.351141647427776,40.91257066549192,347.9629611968994,547
Napoli,3525,14.225041270967731,40.88547024530173,363.95032501220703,547
Napoli,3525,14.161774696326662,40.915555213173064,414.8998336791992,547
Napoli,3525,14.242146588943957,40.90570779755,407.58115005493164,547
Napoli,3525,14.277897771142335,40.88855200661551,639.7960739135742,547
Napoli,3525,14.283622266827146,40.91947367950198,334.1308288574219,547
Napoli,3525,14.267606935440558,40.90926975826742,554.0545959472656,547
Napoli,3525,14.358411922076657,40.84829334318938,357.0611915588379,547
Napoli,3525,14.2847647414443,40.9157285164308,400.581600189209,547
Napoli,3525,14.189812465991475,40.81635351812454,440.4477310180664,547
Napoli,3525,14.200111514031803,40.824788349063255,707.0764770507812,547
Napoli,3525,14.242393585797874,40.959862007326336,332.7334442138672,547
Napoli,3525,14.181660379876833,40.87154116863449,199.2943000793457,547
Napoli,3525,14.185333699293961,40.8933832453796,620.2135581970215,547
Napoli,3525,14.173166016844196,40.876988923541255,156.4899444580078,547
Napoli,3525,14.23740711490965,40.87839526785706,220.11675834655762,547
Napoli,3525,14.196619023271063,40.90622000533362,206.0726547241211,547
Napoli,3525,14.378226923674276,40.78402782160363,425.1612148284912,547
Napoli,3525,14.314640031813843,40.85027102753116,264.4960479736328,547
Napoli,3525,14.291278622690093,40.89324701774561,415.58774185180664,547
Napoli,3525,14.35487816028959,40.79634423129065,389.4358100891113,547
Napoli,3525,14.175157096497745,40.86269673731448,841.9512100219727,547
Napoli,3525,14.230386556655176,40.8828904087884,300.1979789733887,547
Napoli,3525,14.188957309312055,40.907331965011245,379.6653060913086,547
Napoli,3525,14.25732318137836,40.85539627983921,1145.7821960449219,547
Napoli,3525,14.263688056065494,40.916005123312765,346.06038665771484,547
Napoli,3525,14.335610701095828,40.811453720137116,710.8610458374023,547
Napoli,3525,14.276555313690794,40.89819532400602,779.136775970459,547
Napoli,3525,14.231298596038894,40.906810536577005,461.67888259887695,547
Napoli,3525,14.257984807034292,40.91187351191045,559.3442878723145,547
Napoli,3525,14.165889888552595,40.84991290904637,702.5532150268555,547
Napoli,3525,14.267270511720474,40.96416061212822,577.6199340820312,547
Napoli,3525,14.265826243411647,40.9079089618897,464.82078552246094,547
Napoli,3525,14.346219599641312,40.826253620538054,600.1801681518555,547
Napoli,3525,14.300289536916186,40.92834518225999,433.17739486694336,547
Napoli,3525,14.286186208444148,40.95106274896747,432.0857238769531,547
Napoli,3525,14.17099228749232,40.820380436608886,161.7515468597412,547
Napoli,3525,14.190278416770413,40.89658263343217,715.4669647216797,547
Napoli,3525,14.288196190549053,40.9285430700689,257.74432945251465,547
Napoli,3525,14.307045365377949,40.93496578627719,287.6516799926758,547
Napoli,3525,14.206238834131955,40.81916019738502,485.6393508911133,547
Napoli,3525,14.325820283677116,40.86459318734501,658.0785217285156,547
Napoli,3525,14.278526651607345,40.935070346534786,319.4047622680664,547
Napoli,3525,14.177916853533509,40.81991662947708,452.851993560791,547
Napoli,3525,14.223712223559788,40.83082339294221,627.0252628326416,547
Napoli,3525,14.177474334279804,40.85055306978633,695.8561401367188,547
Napoli,3525,14.255048554890191,40.908397406598645,399.4863624572754,547
Napoli,3525,14.220089772978488,40.972434461376906,385.68973541259766,547
Napoli,3525,14.27097313858651,40.87284590405238,1022.9869270324707,547
Napoli,3525,14.206407890175457,40.9166759923079,326.0363140106201,547
Napoli,3525,14.282860907719678,40.87433320400472,676.311882019043,547
Napoli,3525,14.258609903263846,40.96495075760332,527.3485946655273,547
Napoli,3525,14.199410354765536,40.96362770143976,225.80592727661133,547
Napoli,3525,14.160799677388022,40.81760338243245,474.71258544921875,547
Napoli,3525,14.23869692947456,40.95940323162948,371.400691986084,547
Napoli,3525,14.205796031152678,40.832716061296075,421.8625717163086,547
Napoli,3525,14.162638924302032,40.81619659966337,595.9931640625,547
Napoli,3525,14.348440871192865,40.84469197551494,313.3651809692383,547
Napoli,3525,14.174198196491991,40.91816976030421,318.5902442932129,547
Napoli,3525,14.163239165024642,40.91687660000502,286.4306640625,547
Napoli,3525,14.191824524545611,40.82500039325772,823.5917739868164,547
Napoli,3525,14.242395585724724,40.940926766693146,552.6263046264648,547
Napoli,3525,14.318795013486687,40.88298948453575,209.17502212524414,547
Napoli,3525,14.332403398560555,40.8540478067123,870.205451965332,547
Napoli,3525,14.208937620147164,40.9135279730303,364.22493743896484,547
Napoli,3525,14.316606099169249,40.92683498319325,514.6629219055176,547
Napoli,3525,14.338456415483375,40.814283864501206,754.8103485107422,547
Napoli,3525,14.1791585847201,40.920048239112916,468.06463623046875,547
Napoli,3525,14.261915222936711,40.92082883348648,155.9511833190918,547
Napoli,3525,14.233071835485651,40.946951165762044,317.7138442993164,547
Napoli,3525,14.212661724096979,40.83532529127317,535.1244506835938,547
Napoli,3525,14.3835454258301,40.86787122920392,313.9735794067383,547
Napoli,3525,14.281629005239477,40.858034710723054,859.954402923584,547
Napoli,3525,14.168111215509898,40.819103464870345,568.9736557006836,547
Napoli,3525,14.342406389388563,40.83655113300945,658.3061065673828,547
Napoli,3525,14.376825563815446,40.943842519011035,358.5162582397461,547
Napoli,3525,14.299393095807453,40.851392734948874,307.00976943969727,547
Napoli,3525,14.189649386726943,40.81464034807385,224.66508865356445,547
Napoli,3525,14.309729902664799,40.91820104763433,467.75050354003906,547
Napoli,3525,14.16294229328979,40.85878741402077,298.5598373413086,547
Napoli,3525,14.267928629862817,40.892580772395476,578.1792221069336,547
Napoli,3525,14.23080925508624,40.8886005449149,689.7964172363281,547
Napoli,3525,14.27408410400145,40.869632964227726,617.4220771789551,547
Napoli,3525,14.337932704987807,40.832529247094065,537.2269439697266,547
Napoli,3525,14.307401849146288,40.87585137139372,356.7412300109863,547
Napoli,3525,14.224984670915147,40.9215037229684,788.5101699829102,547
Napoli,3525,14.223325806018302,40.91998315761913,496.7160186767578,547
Napoli,3525,14.252447332565815,40.89693852945042,994.7097702026367,547
Napoli,3525,14.189962390063902,40.9141704727094,445.84900283813477,547
Napoli,3525,14.217804247667546,40.92525324752377,430.92384338378906,547
Napoli,3525,14.23256692649965,40.95151437417974,206.81600761413574,547
Napoli,3525,14.357822092098319,40.81511551696435,441.1246910095215,547
Napoli,3525,14.296099474176282,40.94089861515077,344.45851135253906,547
Napoli,3525,14.220842761540458,40.91681242797815,595.5961799621582,547
Napoli,3525,14.27333522641764,40.96125183695304,637.6644668579102,547
Napoli,3525,14.216401622072775,40.88259020052538,392.19847869873047,547
Napoli,3525,14.255730717743047,40.861232652195035,723.6683464050293,547
Napoli,3525,14.381814796665095,40.797617592073195,404.0485897064209,547
Napoli,3525,14.244117529415684,40.841261887217826,630.4310188293457,547
Napoli,3525,14.365281367280732,40.93800458002668,253.0017852783203,547
Napoli,3525,14.144027433758785,40.88528628729284,215.25328826904297,547
Napoli,3525,14.295116432603022,40.86184025847107,243.16917419433594,547
Napoli,3525,14.255733240733392,40.94177658141242,602.9114837646484,547
Napoli,3525,14.212133133352387,40.9028566348978,479.3554229736328,547
Napoli,3525,14.277308983509222,40.9600491087126,458.97104263305664,547
Napoli,3525,14.250450565365352,40.905376732759066,388.1902275085449,547
Napoli,3525,14.199820430168627,40.93543518948597,231.59987258911133,547
Napoli,3525,14.379833782938151,40.94950409051175,597.4049797058105,547
Napoli,3525,14.2568698191442,40.90130840162781,412.23749923706055,547
Napoli,3525,14.275071403964246,40.90057051363222,1086.5793685913086,547
Napoli,3525,14.23992596166885,40.86085957953802,379.5149402618408,547
Napoli,3525,14.251664626164303,40.85897453595866,988.1513519287109,547
Napoli,3525,14.20530040973467,40.81334962988063,515.5364227294922,547
Napoli,3525,14.1931369096218,40.832750067958344,635.2051429748535,547
Napoli,3525,14.217540923296037,40.840921373682605,718.7719383239746,547
Napoli,3525,14.33341618158349,40.872705152041185,667.8134613037109,547
Napoli,3525,14.23577362987632,40.88947252714468,835.1442260742188,547
Napoli,3525,14.262212235482227,40.85658213717297,999.811653137207,547
Napoli,3525,14.306261239691228,40.8773858833391,431.2805290222168,547
Napoli,3525,14.18570979418551,40.82066196452044,429.35286712646484,547
Napoli,3525,14.274788317497592,40.85382433631244,425.1120071411133,547
Napoli,3525,14.254999632316563,40.89666813094744,1035.8467636108398,547
Napoli,3525,14.335069654905674,40.881223652520944,230.2542495727539,547
Napoli,3525,14.342495032772812,40.87583280929721,404.9513511657715,547
Napoli,3525,14.235532573344218,40.873325628967855,559.7042388916016,547
Napoli,3525,14.19333395648109,40.92892586521938,440.88350677490234,547
Napoli,3525,14.239964092627284,40.90526991215619,636.8585586547852,547
Napoli,3525,14.30157118219946,40.851791651580136,253.02080917358398,547
Napoli,3525,14.242161328804357,40.901805932400634,541.4640579223633,547
Napoli,3525,14.30090018052301,40.93933499046448,569.9166069030762,547
Napoli,3525,14.286460721815056,40.93340674759542,355.9472427368164,547
Napoli,3525,14.294493126661472,40.864291819327036,250.29646492004395,547
Napoli,3525,14.229885487257835,40.890225115118795,699.2776794433594,547
Napoli,3525,14.270239093617569,40.85118114736738,673.2644882202148,547
Napoli,3525,14.351828645183101,40.85773826004192,506.86948013305664,547
Napoli,3525,14.265277132821513,40.87448137684364,515.3213653564453,547
Napoli,3525,14.264131531353422,40.85980251467645,834.4516677856445,547
Napoli,3525,14.354094082070452,40.81844195836039,478.42906951904297,547
Napoli,3525,14.32077200582476,40.934565135694626,228.22596168518066,547
Napoli,3525,14.32178796455896,40.84661682512458,811.7545623779297,547
Napoli,3525,14.219186661666061,40.872732457315934,278.0630073547363,547
Napoli,3525,14.24758578322183,40.86826532790442,459.4371681213379,547
Napoli,3525,14.215791064264351,40.96544396103349,192.239013671875,547
Napoli,3525,14.38145167871589,40.95380072317206,171.27013206481934,547
Napoli,3525,14.199172374949866,40.82597552681215,644.5680541992188,547
Napoli,3525,14.302538520141228,40.84283131521148,408.954776763916,547
Napoli,3525,14.360537320001864,40.78958788682272,673.6353569030762,547
Napoli,3525,14.239917367603661,40.907470153925054,622.4577484130859,547
Napoli,3525,14.193418698589445,40.96157118104223,429.9555320739746,547
Napoli,3525,14.319564506095599,40.92335549500937,235.30394744873047,547
Napoli,3525,14.22947515696363,40.85974711474945,663.7517585754395,547
Napoli,3525,14.14901189796866,40.879005642754066,602.9585647583008,547
Napoli,3525,14.379169138770136,40.942748665933856,489.9739456176758,547
Napoli,3525,14.323987137851024,40.8315747853767,793.9986724853516,547
Napoli,3525,14.291422637631285,40.89582703426353,546.0454483032227,547
Napoli,3525,14.284825331554725,40.934369334878284,327.16265869140625,547
Napoli,3525,14.207596396712146,40.83368062816417,879.7905349731445,547
Napoli,3525,14.219998055114855,40.8370877644962,867.3281326293945,547
Napoli,3525,14.33808594666926,40.87084031850236,470.0703125,547
Napoli,3525,14.185050900936325,40.82373815288878,543.654109954834,547
Napoli,3525,14.188830891052628,40.89217948667848,392.6810836791992,547
Napoli,3525,14.342194990433004,40.86639647327794,238.38022232055664,547
Napoli,3525,14.230027402464431,40.95583350550999,105.18657302856445,547
Napoli,3525,14.206338693545504,40.91098526617011,537.5298461914062,547
Napoli,3525,14.348005867316369,40.90845257840783,459.71884536743164,547
Napoli,3525,14.35393598773178,40.86651093681825,346.7925033569336,547
Napoli,3525,14.265341015436608,40.90602313253846,382.70618438720703,547
Napoli,3525,14.282066847129693,40.906639595627574,539.4579086303711,547
Napoli,3525,14.226106590358436,40.835111179313984,883.2951278686523,547
Napoli,3525,14.276973897285297,40.87509440602872,246.7377700805664,547
Napoli,3525,14.275413842150183,40.88709562662552,423.19903564453125,547
Napoli,3525,14.244184004682037,40.860271448499304,642.2389068603516,547
Napoli,3525,14.284858950710625,40.90209314613615,739.4663848876953,547
Napoli,3525,14.23907783639063,40.846788765279065,855.1932067871094,547
Napoli,3525,14.352238816898234,40.88122613797682,297.2303352355957,547
Napoli,3525,14.294437834390086,40.933432275025254,482.3997001647949,547
Napoli,3525,14.214400413300908,40.971674332559026,419.2824935913086,547
Napoli,3525,14.306291905196026,40.880081752318844,388.6620559692383,547
Napoli,3525,14.258088589443608,40.8990357514064,605.5778312683105,547
Napoli,3525,14.212499588708862,40.87562846984105,258.28976821899414,547
Napoli,3525,14.334731711651646,40.90196864848039,113.98122024536133,547
Napoli,3525,14.348141486337418,40.82120797720419,454.8159637451172,547
Napoli,3525,14.225967340035258,40.86323902005895,561.4515228271484,547
Napoli,3525,14.354995230797956,40.91145000249568,487.47634506225586,547
Napoli,3525,14.155996605290452,40.89885188108031,213.19497680664062,547
Napoli,3525,14.224867915811002,40.85069087939453,618.4383010864258,547
Napoli,3525,14.334746422427708,40.851848524839724,826.0223731994629,547
Napoli,3525,14.187068182116326,40.90234035728245,418.5573081970215,547
Napoli,3525,14.222366378808148,40.91846868531417,372.445858001709,547
Napoli,3525,14.24725514657187,40.83917864683985,681.7115173339844,547
Napoli,3525,14.30582778383021,40.92708408900011,449.60616302490234,547
Napoli,3525,14.245052617007381,40.95226811512532,216.10359573364258,547
Napoli,3525,14.363483193139185,40.914440711289856,325.63136291503906,547
Napoli,3525,14.243712180529338,40.958031978089345,293.8407974243164,547
Napoli,3525,14.229015340684988,40.89397667036067,580.5821990966797,547
Napoli,3525,14.21614810309929,40.93230810148057,235.96649932861328,547
Napoli,3525,14.292167219242286,40.92639844871577,403.1738967895508,547
Napoli,3525,14.261272412021219,40.86585184034189,578.9296646118164,547
Napoli,3525,14.379345339032641,40.85365859353589,265.42134857177734,547
Napoli,3525,14.329035214049718,40.89552110220821,303.0749931335449,547
Napoli,3525,14.195951828479664,40.97199548338602,427.2382469177246,547
Napoli,3525,14.340734364642575,40.81427888123126,844.0926284790039,547
Napoli,3525,14.254961022919236,40.9027708373837,659.8575248718262,547
Napoli,3525,14.19220040543473,40.91730164188569,542.8354110717773,547
Napoli,3525,14.362207275765893,40.80249728380541,499.05810928344727,547
Napoli,3525,14.288167016098384,40.86600012144525,569.94384765625,547
Napoli,3525,14.273571777157878,40.88749289018767,738.3878021240234,547
Napoli,3525,14.232219613342517,40.84438213877242,805.862548828125,547
Napoli,3525,14.171666011699232,40.81926514729727,494.3384017944336,547
Napoli,3525,14.259830727106456,40.943400537635405,181.61505508422852,547
Napoli,3525,14.213567223845397,40.86744596051358,209.69564056396484,547
Napoli,3525,14.19799559003623,40.96149477311655,325.0163345336914,547
Napoli,3525,14.169494458895741,40.82025596939512,448.6602840423584,547
Napoli,3525,14.372996700364011,40.949324093356246,328.2252197265625,547
Napoli,3525,14.303818478512948,40.856603056911275,328.7466564178467,547
Napoli,3525,14.276578359818135,40.93657236413874,396.8933334350586,547
Napoli,3525,14.232928540385668,40.841985947195695,1065.282341003418,547
Napoli,3525,14.30603717151614,40.932705395147195,522.4447898864746,547
Napoli,3525,14.304909355481401,40.837943511600606,490.5177307128906,547
Napoli,3525,14.232500659376306,40.85024030157112,778.8671188354492,547
Napoli,3525,14.204401621477079,40.92285471988295,532.1932525634766,547
Napoli,3525,14.26721311048912,40.932758501103955,99.02434349060059,547
Napoli,3525,14.201618618742145,40.81807906535664,396.81899642944336,547
Napoli,3525,14.232941005597812,40.89750348580302,401.1145210266113,547
Napoli,3525,14.355146710285418,40.869673320589875,266.6023178100586,547
Napoli,3525,14.2908083084137,40.85707649249537,850.5646629333496,547
Napoli,3525,14.165607938098463,40.81702929788255,552.0611801147461,547
Napoli,3525,14.173216354004012,40.899061127517044,486.2009696960449,547
Napoli,3525,14.209956605243676,40.862877555442836,207.2216453552246,547
Napoli,3525,14.195358414448465,40.927707147762995,472.47816467285156,547
Napoli,3525,14.233413836720622,40.84594281310053,863.9404144287109,547
Napoli,3525,14.248882122937946,40.840880220969915,650.2344665527344,547
Napoli,3525,14.333245852123724,40.81513485338221,632.4989776611328,547
Napoli,3525,14.243745599519029,40.8729401577551,180.005126953125,547
Napoli,3525,14.214712202159147,40.923868886826696,701.1700897216797,547
Napoli,3525,14.22252131803911,40.860414075311404,561.6606521606445,547
Napoli,3525,14.272423552821065,40.910720571255396,602.9867935180664,547
Napoli,3525,14.212108750816176,40.82007958731723,802.8127880096436,547
Napoli,3525,14.175284561470447,40.92733926386234,489.4453239440918,547
Napoli,3525,14.268811892925417,40.881868181941115,446.8437385559082,547
Napoli,3525,14.36750492165962,40.78523940691036,425.56267166137695,547
Napoli,3525,14.170004664277823,40.82428015792187,302.67402267456055,547
Napoli,3525,14.282863922628819,40.89321583057487,441.5422592163086,547
Napoli,3525,14.317269250879836,40.847881134552885,778.6943359375,547
Napoli,3525,14.22385264315184,40.92943620879933,526.7510681152344,547
Napoli,3525,14.27346225963651,40.96580389320217,543.3461837768555,547
Napoli,3525,14.301667405163386,40.92041911543469,509.5731506347656,547
Napoli,3525,14.212487181897382,40.838897741842054,589.0343246459961,547
Napoli,3525,14.266980211890408,40.87178914757427,720.5346908569336,547
Napoli,3525,14.22460800959569,40.93562056002471,383.31270027160645,547
Napoli,3525,14.288161382252138,40.95033162808632,316.37437438964844,547
Napoli,3525,14.34510866031805,40.916079819098634,297.9877643585205,547
Napoli,3525,14.175429744607504,40.935991843904915,135.2699680328369,547
Napoli,3525,14.279065509573037,40.854377773476145,600.812801361084,547
Napoli,3525,14.182315542175417,40.823134033232684,390.42396545410156,547
Napoli,3525,14.34117717362457,40.91640823099029,188.94246292114258,547
Napoli,3525,14.342762762668839,40.912724289398824,422.8499870300293,547
Napoli,3525,14.262500587399774,40.85440704449546,777.7711715698242,547
Napoli,3525,14.195885002100134,40.82614198802433,728.9827919006348,547
Napoli,3525,14.213388661083332,40.83709205180861,551.1728591918945,547
Napoli,3525,14.173400796145676,40.850076880078234,309.25666427612305,547
Napoli,3525,14.348657679372407,40.920155820104256,349.23895263671875,547
Napoli,3525,14.311833516565201,40.911450631135516,353.52477645874023,547
Napoli,3525,14.303503878995478,40.90230533014634,249.46234321594238,547
Napoli,3525,14.238052518611362,40.88599156313618,242.03064727783203,547
Napoli,3525,14.262792453598781,40.91222909430863,421.6431884765625,547
Napoli,3525,14.223096668561553,40.862230898881386,388.8995704650879,547
Napoli,3525,14.191657076021484,40.90072803856402,670.3327827453613,547
Napoli,3525,14.298759700731651,40.85770876464911,368.81110763549805,547
Napoli,3525,14.351665889259998,40.84583350594999,32.323970794677734,547
Napoli,3525,14.284865240324446,40.95565677869371,318.2279586791992,547
Napoli,3525,14.168538903827521,40.89820518403023,368.23647689819336,547
Napoli,3525,14.34533414289243,40.89821461165209,395.8163375854492,547
Napoli,3525,14.254767715496525,40.865787520877646,601.73561668396,547
Napoli,3525,14.3014176680384,40.924000928046816,691.8106918334961,547
Napoli,3525,14.255753110416325,40.8897626785564,696.4548721313477,547
Napoli,3525,14.380375175599188,40.79502927198275,529.1933708190918,547
Napoli,3525,14.345423842999883,40.818761064130705,411.9475555419922,547
Napoli,3525,14.193457070257148,40.92157203181433,588.3022308349609,547
Napoli,3525,14.211083979598111,40.90676796006499,516.1879653930664,547
Napoli,3525,14.336841176814154,40.80664119280332,226.5365867614746,547
Napoli,3525,14.346464482034252,40.905862490198736,693.698896408081,547
Napoli,3525,14.354617272593696,40.80093929635546,468.00378608703613,547
Napoli,3525,14.321995146637365,40.829961862199546,613.614387512207,547
Napoli,3525,14.175920852002477,40.89222976501979,492.9900245666504,547
Napoli,3525,14.263737593021366,40.94541279506887,226.36684036254883,547
Napoli,3525,14.212477455859387,40.82761040659718,733.3285293579102,547
Napoli,3525,14.185017588796285,40.80066418304656,173.1479778289795,547
Napoli,3525,14.343398938879094,40.848125616035354,803.5502548217773,547
Napoli,3525,14.237381454259648,40.919056680962704,603.4875030517578,547
Napoli,3525,14.17076903752743,40.86300052774031,541.2791557312012,547
Napoli,3525,14.240674185569839,40.893055216031456,787.9439926147461,547
Napoli,3525,14.229147639960937,40.901963826328185,429.6994323730469,547
Napoli,3525,14.241617752514419,40.84455876211368,474.3030662536621,547
Napoli,3525,14.336966064415732,40.913375760054194,404.51966667175293,547
Napoli,3525,14.366222310588388,40.83670036133575,223.02171516418457,547
Napoli,3525,14.201885001417287,40.82291593045617,551.7395477294922,547
Napoli,3525,14.377898959599696,40.94721849763081,414.00748443603516,547
Napoli,3525,14.25996773160006,40.89745502212593,907.4737319946289,547
Napoli,3525,14.36229498042655,40.86079441608076,216.0525665283203,547
Napoli,3525,14.165713216659334,40.86092324248939,410.7725715637207,547
Napoli,3525,14.285005385592752,40.9465592581098,396.7259101867676,547
Napoli,3525,14.249981664794243,40.93113911410204,492.1824417114258,547
Napoli,3525,14.342975162254376,40.81629132396942,733.9702301025391,547
Napoli,3525,14.350921992849619,40.83022931786216,263.4245128631592,547
Napoli,3525,14.25376052364919,40.93382835546865,267.289493560791,547
Napoli,3525,14.238879675138849,40.903897493981596,216.79214477539062,547
Napoli,3525,14.189437477582215,40.83827436926687,534.8576126098633,547
Napoli,3525,14.364411149552756,40.837616943004384,371.62859535217285,547
Napoli,3525,14.344243432199855,40.87472453203018,487.89453887939453,547
Napoli,3525,14.361433420700761,40.83734505343653,367.68216705322266,547
Napoli,3525,14.290562036212751,40.90073455489258,650.983081817627,547
Napoli,3525,14.234913611510677,40.942590214081164,494.6907615661621,547
Napoli,3525,14.255813390254911,40.85000361940143,815.9702072143555,547
Napoli,3525,14.379152360997148,40.79803831482468,317.018518447876,547
Napoli,3525,14.181872364826944,40.82698793650089,197.54747772216797,547
Napoli,3525,14.231676173595087,40.95650486421269,176.94923210144043,547
Napoli,3525,14.270721962227855,40.96509826637057,665.2724227905273,547
Napoli,3525,14.291647664117782,40.89831029853652,637.5936508178711,547
Napoli,3525,14.348842604362622,40.91028328548654,594.5725212097168,547
Napoli,3525,14.299594130185998,40.900791354001704,199.38494873046875,547
Napoli,3525,14.35947832649789,40.911706511650934,434.47228622436523,547
Napoli,3525,14.368926345865448,40.791670017094056,597.0779876708984,547
Napoli,3525,14.259585600052818,40.847499444230145,554.9986419677734,547
Napoli,3525,14.364644769105888,40.791445850492,567.5759811401367,547
Napoli,3525,14.353094598961459,40.82902938313123,463.7348442077637,547
Napoli,3525,14.368945846455217,40.84334412150812,344.0383987426758,547
Napoli,3525,14.349578446467602,40.80667956676706,395.9011688232422,547
Napoli,3525,14.30685785566559,40.83653563335462,608.3063087463379,547
Napoli,3525,14.24663888436125,40.88992556500037,809.4238586425781,547
Napoli,3525,14.253021113570618,40.864245559606495,571.8185577392578,547
Napoli,3525,14.212306139173787,40.83382304354878,670.0998687744141,547
Napoli,3525,14.271968919082624,40.91541157341654,192.0124397277832,547
Napoli,3525,14.20056772092537,40.93146652736346,569.7298469543457,547
Napoli,3525,14.151791326630907,40.87715101172308,273.09070587158203,547
Napoli,3525,14.145476385650865,40.89973837802079,279.3490791320801,547
Napoli,3525,14.295887533039538,40.881268897942675,289.43033599853516,547
Napoli,3525,14.292022160655797,40.860529362539246,425.16675186157227,547
Napoli,3525,14.29802629402001,40.855611369149315,409.5136528015137,547
Napoli,3525,14.191871291212378,40.80433813366865,595.0424461364746,547
Napoli,3525,14.33291282862936,40.851657831415785,695.4941253662109,547
Napoli,3525,14.314705214455953,40.881212985176305,318.3135681152344,547
Napoli,3525,14.198149768738224,40.841241263954835,850.3512306213379,547
Napoli,3525,14.341872407108227,40.84067753408511,711.2907485961914,547
Napoli,3525,14.23313463878618,40.893345349556824,717.897819519043,547
Napoli,3525,14.149361434260054,40.92327173347243,357.8989505767822,547
Napoli,3525,14.352111901939667,40.8033064935987,286.62622833251953,547
Napoli,3525,14.182499223269998,40.83916683930999,33.41329574584961,547
Napoli,3525,14.260226975880776,40.85016292757627,640.8179016113281,547
Napoli,3525,14.186252979210337,40.840261498920874,258.83703994750977,547
Napoli,3525,14.359907758579242,40.80002687821048,416.2875862121582,547
Napoli,3525,14.240041685298454,40.911814253265696,484.04235458374023,547
Napoli,3525,14.237798636576112,40.903168162973905,508.26232147216797,547
Napoli,3525,14.346041143233625,40.86704436833169,417.22518157958984,547
Napoli,3525,14.177396947067212,40.86054527311319,643.4521942138672,547
Napoli,3525,14.32429170883399,40.840625815942666,912.4616622924805,547
Napoli,3525,14.186794905620042,40.920963635157875,869.8542251586914,547
Napoli,3525,14.324136769703331,40.84540290629563,831.7592582702637,547
Napoli,3525,14.27270655254869,40.94885854476185,665.511905670166,547
Napoli,3525,14.371719777655791,40.91161186097345,435.4552764892578,547
Napoli,3525,14.2562197231069,40.85240905741429,846.6777801513672,547
Napoli,3525,14.27710443510065,40.95772450492401,223.27296447753906,547
Napoli,3525,14.207302417879074,40.93614424408429,265.02586364746094,547
Napoli,3525,14.277156159470605,40.85399872272671,391.10985565185547,547
Napoli,3525,14.188686219868034,40.922835534247525,684.1432571411133,547
Napoli,3525,14.269851907910812,40.94994828788422,611.8567237854004,547
Napoli,3525,14.144473367837241,40.91583540145818,679.6761856079102,547
Napoli,3525,14.300558620898483,40.955408454270135,373.29019927978516,547
Napoli,3525,14.196054563122068,40.96619271994132,295.46634674072266,547
Napoli,3525,14.377768087309311,40.906695357023544,255.928560256958,547
Napoli,3525,14.370931011538874,40.785322859036945,675.3977127075195,547
Napoli,3525,14.368914256470482,40.910563983681,348.7093048095703,547
Napoli,3525,14.177137779261567,40.918944500225514,223.89092254638672,547
Napoli,3525,14.217508673475635,40.894884876263326,671.8600044250488,547
Napoli,3525,14.147814035679453,40.902986488874745,165.54815673828125,547
Napoli,3525,14.277570993064675,40.87701802220618,346.9617805480957,547
Napoli,3525,14.264915053213901,40.866148986203605,708.041748046875,547
Napoli,3525,14.196737202173715,40.934086061080976,347.26451873779297,547
Napoli,3525,14.305399440734764,40.91828966824346,447.6953315734863,547
Napoli,3525,14.297369655734972,40.86621887984231,276.7098274230957,547
Napoli,3525,14.2940826401817,40.94494919449688,321.9331474304199,547
Napoli,3525,14.37417141780638,40.950732288902756,237.91044235229492,547
Napoli,3525,14.34256056469564,40.81080199180385,770.3761825561523,547
Napoli,3525,14.331528503496122,40.82340147359631,731.2287902832031,547
Napoli,3525,14.158791230674002,40.81825815942863,233.69640922546387,547
Napoli,3525,14.185464348992252,40.91824071853323,721.7568817138672,547
Napoli,3525,14.290773144753452,40.86757553945574,742.135368347168,547
Napoli,3525,14.315685850701364,40.91999786846506,899.7308120727539,547
Napoli,3525,14.332530326983306,40.829995625538636,535.1413993835449,547
Napoli,3525,14.228366768140626,40.92985125773419,480.91061782836914,547
Napoli,3525,14.26154696676346,40.915753896438275,492.36843490600586,547
Napoli,3525,14.23237835224815,40.879871447392404,483.8116455078125,547
Napoli,3525,14.17096957436256,40.974440255598296,354.2508659362793,547
Napoli,3525,14.149502985348715,40.9181634672961,426.5501022338867,547
Napoli,3525,14.374995962802688,40.94679804773279,444.4964065551758,547
Napoli,3525,14.18761032131182,40.970949442620984,326.9983940124512,547
Napoli,3525,14.209936221458953,40.898081759900876,447.5804214477539,547
Napoli,3525,14.358178980657778,40.89638012164362,312.3986625671387,547
Napoli,3525,14.190803011303473,40.82270309512261,655.2438201904297,547
Napoli,3525,14.309538424216742,40.91250017234999,173.04758644104004,547
Napoli,3525,14.297499222809998,40.89166683909999,41.46054458618164,547
Napoli,3525,14.192387294765947,40.847710037903454,582.9970397949219,547
Napoli,3525,14.179417455659598,40.91768989393768,340.3811149597168,547
Napoli,3525,14.303404312289658,40.87290949115043,878.0497283935547,547
Napoli,3525,14.355281655982422,40.85416072662352,300.4156246185303,547
Napoli,3525,14.243449720572377,40.83542494301365,774.325855255127,547
Napoli,3525,14.207984649931397,40.83074431587419,595.1660003662109,547
Napoli,3525,14.190408395668854,40.970792556144346,312.29198455810547,547
Napoli,3525,14.259006063114242,40.97056099790243,498.7652645111084,547
Napoli,3525,14.173366933239985,40.92147323724832,332.44135665893555,547
Napoli,3525,14.202327314506125,40.91450954598959,372.00909423828125,547
Napoli,3525,14.222252929557808,40.84593518404443,704.9369735717773,547
Napoli,3525,14.226632683530442,40.97479885850705,130.44980239868164,547
Napoli,3525,14.309836757858973,40.91368079395567,332.5303192138672,547
Napoli,3525,14.34714465212805,40.84362523432605,354.58740997314453,547
Napoli,3525,14.191078000834091,40.960973482826475,372.1283721923828,547
Napoli,3525,14.18483656892647,40.97122478095455,342.2963409423828,547
Napoli,3525,14.33691283621929,40.87409853974987,482.4479637145996,547
Napoli,3525,14.182029240432014,40.92026032539354,769.837329864502,547
Napoli,3525,14.214759258866572,40.92831354007136,443.5365676879883,547
Napoli,3525,14.185137085596681,40.974281548305264,356.6207389831543,547
Napoli,3525,14.302424324184766,40.86457864315705,190.5762825012207,547
Napoli,3525,14.312714614239487,40.848869154187625,249.74595642089844,547
Napoli,3525,14.324528252822137,40.83844017326744,869.9407577514648,547
Napoli,3525,14.32759048527313,40.86075976265737,748.3107986450195,547
Napoli,3525,14.26374692597063,40.847923859493676,379.3191604614258,547
Napoli,3525,14.299237165085199,40.869990709210924,592.2369613647461,547
Napoli,3525,14.158924231922901,40.92549284664902,277.5986557006836,547
Napoli,3525,14.319185058164688,40.85343526714604,601.2759437561035,547
Napoli,3525,14.280700041441703,40.93676787933025,419.9191665649414,547
Napoli,3525,14.276762259482652,40.86575490219682,279.51025390625,547
Napoli,3525,14.353380296886952,40.91377941050272,285.29586029052734,547
Napoli,3525,14.1942068420675,40.89445006895628,197.7475357055664,547
Napoli,3525,14.241674880029883,40.87235695168979,453.00413513183594,547
Napoli,3525,14.145267696220962,40.91878336085126,506.6226806640625,547
Napoli,3525,14.276404991473267,40.9547828765994,257.0621337890625,547
Napoli,3525,14.191331346315348,40.81572168314489,359.7926940917969,547
Napoli,3525,14.298940282533074,40.8816589067404,142.54460525512695,547
Napoli,3525,14.332271613473468,40.832498756913246,567.0487060546875,547
Napoli,3525,14.27061824157844,40.915829320384276,284.6654510498047,547
Napoli,3525,14.222044198119749,40.87789572517916,174.97998428344727,547
Napoli,3525,14.374118880903852,40.78211807538639,220.5365447998047,547
Napoli,3525,14.224902103551866,40.86092524530605,768.9380569458008,547
Napoli,3525,14.266907622036335,40.85512536273069,718.8597717285156,547
Napoli,3525,14.347910506853609,40.85430024990148,292.8022232055664,547
Napoli,3525,14.273343036752403,40.84916253268531,602.9668960571289,547
Napoli,3525,14.176647207207616,40.85625022350574,436.16583251953125,547
Napoli,3525,14.203482373461098,40.964886847601434,403.4362144470215,547
Napoli,3525,14.25181449344811,40.85252323346002,767.5407333374023,547
Napoli,3525,14.376517104127638,40.94569239109342,436.2394714355469,547
Napoli,3525,14.21973427671287,40.92267353152954,703.3713455200195,547
Napoli,3525,14.351838284571723,40.90023961643543,608.8422012329102,547
Napoli,3525,14.37747254015528,40.85411097950605,343.4004135131836,547
Napoli,3525,14.241687101242983,40.93859909446625,466.8710708618164,547
Napoli,3525,14.191607201484825,40.834994684770884,513.8985748291016,547
Napoli,3525,14.299520599991528,40.84944364120678,324.4946708679199,547
Napoli,3525,14.240941616371153,40.84926691212299,944.9012451171875,547
Napoli,3525,14.207871569433276,40.84422455185115,682.059268951416,547
Napoli,3525,14.382356031747994,40.86662975967751,387.812744140625,547
Napoli,3525,14.200144017411041,40.96006684824143,196.66984176635742,547
Napoli,3525,14.165852886410356,40.92251534280841,469.61374282836914,547
Napoli,3525,14.344769141110985,40.83534863536823,705.407112121582,547
Napoli,3525,14.311191778518301,40.87148843283903,274.7557067871094,547
Napoli,3525,14.362401304586463,40.791676787251134,714.370548248291,547
Napoli,3525,14.2560204371846,40.91008057309847,406.2740592956543,547
Napoli,3525,14.213400221826205,40.91308869286282,448.9311180114746,547
Napoli,3525,14.289637073560082,40.89308458428705,438.64539337158203,547
Napoli,3525,14.152046330213551,40.914861430600084,644.4562950134277,547
Napoli,3525,14.199187940294596,40.81309338986163,276.7528305053711,547
Napoli,3525,14.24722996950293,40.8943586735606,962.499382019043,547
Napoli,3525,14.384165889129997,40.9067196871059,164.33507537841797,547
Napoli,3525,14.245456949972947,40.93774594096597,345.3047523498535,547
Napoli,3525,14.22502725515029,40.854979552936975,876.748046875,547
Napoli,3525,14.261310751849424,40.86829498942215,458.0971031188965,547
Napoli,3525,14.198940436157855,40.90719518682041,255.1817855834961,547
Napoli,3525,14.365083000828594,40.93959599596664,335.8897476196289,547
Napoli,3525,14.336277016881937,40.84755649295486,1023.9713821411133,547
Napoli,3525,14.189858246616856,40.80206168910834,314.4017791748047,547
Napoli,3525,14.347234758981012,40.87972973613766,484.4524383544922,547
Napoli,3525,14.282366602418827,40.87182521991076,459.90234756469727,547
Napoli,3525,14.192629369977503,40.84300885641151,422.6600151062012,547
Napoli,3525,14.244008857156429,40.83967021623797,499.5425338745117,547
Napoli,3525,14.362282163709006,40.83571780671488,407.28327560424805,547
Napoli,3525,14.35203716346896,40.81675021423651,451.41732597351074,547
Napoli,3525,14.17076190278868,40.86563291407118,364.5467281341553,547
Napoli,3525,14.357388901945104,40.90294944420713,618.3514614105225,547
Napoli,3525,14.237509773545021,40.85167503255133,828.8845748901367,547
Napoli,3525,14.31301842987196,40.836520829065286,930.1909828186035,547
Napoli,3525,14.199086923462477,40.911439657216796,449.85798263549805,547
Napoli,3525,14.186772717687395,40.89823941570831,660.9319229125977,547
Napoli,3525,14.376539982571275,40.91049580963858,209.4028663635254,547
Napoli,3525,14.20178970582063,40.92259237873377,592.1451873779297,547
Napoli,3525,14.266249679388956,40.85751253364196,691.9937591552734,547
Napoli,3525,14.202056594766416,40.90696987634081,414.0617332458496,547
Napoli,3525,14.195307113754756,40.924917457832485,825.5929946899414,547
Napoli,3525,14.308808592419,40.96066954052556,279.58639907836914,547
Napoli,3525,14.205234430896732,40.93095210242167,461.38684844970703,547
Napoli,3525,14.285500300806245,40.95398521293121,299.3878974914551,547
Napoli,3525,14.161200521209189,40.853194038252504,538.4081954956055,547
Napoli,3525,14.183314718400315,40.938876680760835,94.94846534729004,547
Napoli,3525,14.251102634513721,40.848553778606046,665.0242729187012,547
Napoli,3525,14.344226743570683,40.815001104854005,513.1033744812012,547
Napoli,3525,14.144331423320075,40.87833989932347,581.7576713562012,547
Napoli,3525,14.209945629646139,40.935542396040304,309.7795753479004,547
Napoli,3525,14.214136856547707,40.90826840560607,604.5979270935059,547
Napoli,3525,14.277121448576693,40.942779624336666,510.1253204345703,547
Napoli,3525,14.16835009054623,40.865349809239255,251.54034805297852,547
Napoli,3525,14.185826814499267,40.927471872249185,573.9139709472656,547
Napoli,3525,14.378287436513105,40.938592040950674,410.2747230529785,547
Napoli,3525,14.239264610724842,40.93097228685986,398.2658004760742,547
Napoli,3525,14.199878609147248,40.81638213355175,357.30695724487305,547
Napoli,3525,14.349390221634442,40.869522791506796,234.62051010131836,547
Napoli,3525,14.19724141207939,40.868061894498226,242.79150772094727,547
Napoli,3525,14.285807192649695,40.85775366389668,403.0448684692383,547
Napoli,3525,14.220202071867394,40.886241416515546,239.72088241577148,547
Napoli,3525,14.325292738935612,40.83298211170717,616.622932434082,547
Napoli,3525,14.249199811060823,40.85319420432708,733.5865097045898,547
Napoli,3525,14.193504167816776,40.967833750803194,297.0600280761719,547
Napoli,3525,14.306382117745692,40.83410488215771,645.9967346191406,547
Napoli,3525,14.228775189094913,40.94007396119323,305.30877113342285,547
Napoli,3525,14.35071992524723,40.86397262982386,213.43641662597656,547
Napoli,3525,14.327386774118516,40.845555806400604,682.8896331787109,547
Napoli,3525,14.263752161123586,40.961020099660175,577.1372356414795,547
Napoli,3525,14.310444157181037,40.91971741821538,466.22069549560547,547
Napoli,3525,14.193468284821924,40.83664617854852,370.15429306030273,547
Napoli,3525,14.27566341229926,40.849904708662244,549.9611701965332,547
Napoli,3525,14.208329050055386,40.907096878460614,474.13579177856445,547
Napoli,3525,14.173564081300006,40.97433495037125,510.73340606689453,547
Napoli,3525,14.271038168740608,40.95445926274281,544.9748153686523,547
Napoli,3525,14.231564940284715,40.87071048779419,493.6453342437744,547
Napoli,3525,14.373322663615852,40.93730143055649,424.2199172973633,547
Napoli,3525,14.338677945254615,40.82064765952323,1040.3101654052734,547
Napoli,3525,14.172867990538961,40.87261422428007,230.73826026916504,547
Napoli,3525,14.182395391410019,40.926550484876756,502.1721878051758,547
Napoli,3525,14.224406261561228,40.84369023923966,750.9759674072266,547
Napoli,3525,14.235975847982088,40.91390284796124,725.03782081604,547
Napoli,3525,14.24919668182189,40.859131855157614,855.6401443481445,547
Napoli,3525,14.355754180250266,40.915321247930436,344.696346282959,547
Napoli,3525,14.311673369795658,40.92709243533927,424.4580993652344,547
Napoli,3525,14.263548208578134,40.963113696244584,681.17431640625,547
Napoli,3525,14.181549030465497,40.974414555825184,276.5763969421387,547
Napoli,3525,14.348478418231927,40.83964451976642,303.2581958770752,547
Napoli,3525,14.272089018613853,40.85068911523305,409.0409965515137,547
Napoli,3525,14.273432095769119,40.93407107019583,460.82011795043945,547
Napoli,3525,14.187944736872986,40.81201990631743,219.94754028320312,547
Napoli,3525,14.346216517422288,40.82470133463369,628.5206909179688,547
Napoli,3525,14.203249728543152,40.83756716097544,757.9975070953369,547
Napoli,3525,14.193165530673696,40.81827377438231,468.01028060913086,547
Napoli,3525,14.218063962019283,40.8857517635725,400.9159126281738,547
Napoli,3525,14.158040409045006,40.918291499738025,452.4592819213867,547
Napoli,3525,14.28975297315546,40.944711769233095,182.15826225280762,547
Napoli,3525,14.290095340444177,40.92531942881256,309.9393424987793,547
Napoli,3525,14.318885252995448,40.884397983091425,137.6786994934082,547
Napoli,3525,14.260082820249508,40.9106524641341,544.0307693481445,547
Napoli,3525,14.345270863355081,40.84683967521887,525.6948776245117,547
Napoli,3525,14.383416623432751,40.94388350908686,354.9525547027588,547
Napoli,3525,14.2806809070264,40.86727856589365,406.18730545043945,547
Napoli,3525,14.300069477344335,40.941778232820404,481.45179748535156,547
Napoli,3525,14.350299358890982,40.87323722331729,509.15834045410156,547
Napoli,3525,14.292775564313635,40.94919245757519,418.3949394226074,547
Napoli,3525,14.272409708495317,40.89678545635203,412.01222801208496,547
Napoli,3525,14.281495112616401,40.88903232826419,586.7207450866699,547
Napoli,3525,14.155815789048846,40.91829721710046,726.2240905761719,547
Napoli,3525,14.236491206065335,40.86941453232774,775.0821990966797,547
Napoli,3525,14.343491512670433,40.83870973197101,928.5831451416016,547
Napoli,3525,14.303763825888312,40.91959574925508,461.65399169921875,547
Napoli,3525,14.27139350393758,40.855130441071864,645.0830612182617,547
Napoli,3525,14.278482806981042,40.86008696049828,880.7979202270508,547
Napoli,3525,14.262706066467075,40.939389667317926,358.8158721923828,547
Napoli,3525,14.143676403165005,40.887330452446925,169.55080032348633,547
Napoli,3525,14.339257130233758,40.85293274644296,313.30152130126953,547
Napoli,3525,14.28813943598733,40.869808422069895,458.16301345825195,547
Napoli,3525,14.265923453236429,40.88629261338367,564.2922554016113,547
Napoli,3525,14.303212930115748,40.92592602235092,586.9925003051758,547
Napoli,3525,14.325922122853799,40.82501951853444,729.8520240783691,547
Napoli,3525,14.32937540737153,40.84685164456704,930.8868942260742,547
Napoli,3525,14.287208869659874,40.92623324398637,263.7802963256836,547
Napoli,3525,14.20093620325237,40.97422630038882,423.928768157959,547
Napoli,3525,14.362931089042423,40.95027007153442,196.49803924560547,547
Napoli,3525,14.2007299466269,40.91951899623394,436.9160614013672,547
Napoli,3525,14.204975682448948,40.84360607281549,684.3360824584961,547
Napoli,3525,14.198240232406185,40.89745184273642,533.2364616394043,547
Napoli,3525,14.253719109312359,40.843564131215665,540.4471817016602,547
Napoli,3525,14.266609842881739,40.93845301267507,431.9749298095703,547
Napoli,3525,14.360959838165213,40.91346403856662,432.4290237426758,547
Napoli,3525,14.30468414476578,40.88382457751038,278.6495018005371,547
Napoli,3525,14.383303069369967,40.86996953748928,378.2036819458008,547
Napoli,3525,14.320610300376496,40.88210295964976,209.9056167602539,547
Napoli,3525,14.302960158386721,40.87843054061631,321.502384185791,547
Napoli,3525,14.269902596593809,40.95692758914561,606.8916778564453,547
Napoli,3525,14.211045637839536,40.974648183069505,280.153377532959,547
Napoli,3525,14.301638039951186,40.86941840073924,411.11027908325195,547
Napoli,3525,14.293708435537472,40.839870892843166,660.6321773529053,547
Napoli,3525,14.341036263825933,40.833139735869324,503.7288703918457,547
Napoli,3525,14.26104338834133,40.844549752391565,238.58026123046875,547
Napoli,3525,14.305112380227563,40.935094268406644,443.64259338378906,547
Napoli,3525,14.259558811650626,40.84544438008927,316.1027526855469,547
Napoli,3525,14.335116480775302,40.81737647746224,752.6317596435547,547
Napoli,3525,14.321621779005604,40.85915990993045,712.0451202392578,547
Napoli,3525,14.249986985118769,40.85689608711342,798.6737518310547,547
Napoli,3525,14.271662560561934,40.94100496001233,599.4660873413086,547
Napoli,3525,14.239038049051315,40.86734115386764,250.29915237426758,547
Napoli,3525,14.216159731791482,40.828981770070556,648.7435607910156,547
Napoli,3525,14.35005959516706,40.90220689169139,579.0854797363281,547
Napoli,3525,14.186814296576303,40.84243508364796,639.8748741149902,547
Napoli,3525,14.33536478058008,40.855498777644186,451.63805961608887,547
Napoli,3525,14.271675214220968,40.971003787125234,485.7036361694336,547
Napoli,3525,14.217347165232754,40.85675764903279,323.95567321777344,547
Napoli,3525,14.161370330300963,40.962026989172195,275.8468894958496,547
Napoli,3525,14.305549474865561,40.9398322505615,269.95072174072266,547
Napoli,3525,14.2981846510887,40.96068009381224,321.0245895385742,547
Napoli,3525,14.160850784402594,40.9637259135493,199.30100059509277,547
Napoli,3525,14.182541467084944,40.89414743985975,477.8648490905762,547
Napoli,3525,14.267590452463233,40.906536828973906,621.983512878418,547
Napoli,3525,14.234815722570545,40.91923407363442,693.2696914672852,547
Napoli,3525,14.340827357823832,40.85238995115037,521.4477729797363,547
Napoli,3525,14.266066229481355,40.945733642065576,499.9631690979004,547
Napoli,3525,14.229974869356814,40.87900142540039,292.20688819885254,547
Napoli,3525,14.213844577393544,40.89099233057148,586.1572666168213,547
Napoli,3525,14.348770909041678,40.80295150566708,177.78643417358398,547
Napoli,3525,14.162983390816228,40.85688037497815,378.7244873046875,547
Napoli,3525,14.187623609058335,40.8367684185835,518.0338592529297,547
Napoli,3525,14.35116461835617,40.83828825090123,466.1614303588867,547
Napoli,3525,14.204927974941146,40.96845616418219,463.4234199523926,547
Napoli,3525,14.308999743869954,40.879507374884916,370.9898910522461,547
Napoli,3525,14.175166232355403,40.82410913658182,480.129337310791,547
Napoli,3525,14.18451916748487,40.901435838154825,379.6757011413574,547
Napoli,3525,14.289654334122718,40.951000558312295,295.9040069580078,547
Napoli,3525,14.244134856104337,40.84726541510232,731.2065734863281,547
Napoli,3525,14.222082083449186,40.84333787981355,619.2956390380859,547
Napoli,3525,14.205609857171776,40.93842395240485,214.8228645324707,547
Napoli,3525,14.298504133272957,40.91505589419657,463.03612518310547,547
Napoli,3525,14.249973959372683,40.897614070361456,836.5605697631836,547
Napoli,3525,14.293011360831464,40.900646290584646,428.74219131469727,547
Napoli,3525,14.241807899238195,40.83974306901123,762.1999282836914,547
Napoli,3525,14.287896173168193,40.93502006422129,472.05516052246094,547
Napoli,3525,14.323206437794854,40.8855795542611,111.45041465759277,547
Napoli,3525,14.296513735728494,40.93149303493507,357.6675834655762,547
Napoli,3525,14.347853611932747,40.85614466666503,326.2922878265381,547
Napoli,3525,14.342591188979702,40.86996795296174,572.8735809326172,547
Napoli,3525,14.326917406193418,40.89735112551865,260.6526985168457,547
Napoli,3525,14.228853283709409,40.9140253270163,369.2530975341797,547
Napoli,3525,14.257548009447582,40.862410051745144,486.8124198913574,547
Napoli,3525,14.235973718976997,40.852639404190604,713.9454116821289,547
Napoli,3525,14.258194208134874,40.889325748843085,839.0750885009766,547
Napoli,3525,14.197250142401101,40.809591873770216,377.0069808959961,547
Napoli,3525,14.209067791885955,40.93155751023149,475.9510078430176,547
Napoli,3525,14.265737329768656,40.84847116817813,780.6170959472656,547
Napoli,3525,14.194531075323729,40.82047237087709,324.2119026184082,547
Napoli,3525,14.200585457765778,40.92132775493576,431.7797546386719,547
Napoli,3525,14.226774618581876,40.88686365203123,614.9961700439453,547
Napoli,3525,14.211756523319885,40.96762460063736,465.90815353393555,547
Napoli,3525,14.299421289237687,40.957079842848366,598.9482536315918,547
Napoli,3525,14.261498182180345,40.937002249943745,354.53611755371094,547
Napoli,3525,14.176504604554886,40.96301110989906,170.32105827331543,547
Napoli,3525,14.229621463177127,40.84664757295621,1085.9636459350586,547
Napoli,3525,14.332117631766229,40.85978267421011,555.3780937194824,547
Napoli,3525,14.296615057020823,40.86456047084287,250.80502319335938,547
Napoli,3525,14.247646779357376,40.857336335311544,669.2384490966797,547
Napoli,3525,14.348141792555419,40.805080240653915,400.55543518066406,547
Napoli,3525,14.349315567122252,40.83418328795424,880.6623077392578,547
Napoli,3525,14.211776037177227,40.90876612756651,492.35422134399414,547
Napoli,3525,14.21804648389337,40.84788571569176,518.3909072875977,547
Napoli,3525,14.207633362563161,40.89775155560592,428.1751136779785,547
Napoli,3525,14.278627311096972,40.85796601262567,593.5623664855957,547
Napoli,3525,14.159999223359998,40.89250017242999,30.461057662963867,547
Napoli,3525,14.246824506626302,40.84651014315327,581.6652297973633,547
Napoli,3525,14.283003995060497,40.93673942043258,217.49518585205078,547
Napoli,3525,14.190121536059031,40.8632385064828,221.33482360839844,547
Napoli,3525,14.32055480767742,40.851826559893745,674.2542190551758,547
Napoli,3525,14.304370513993712,40.92317665706373,746.4908599853516,547
Napoli,3525,14.251414784352455,40.836257333797604,424.77968978881836,547
Napoli,3525,14.309317658483675,40.915575565697566,430.21240997314453,547
Napoli,3525,14.215407228235057,40.91079124741636,401.6514778137207,547
Napoli,3525,14.21570265621971,40.88901493601554,579.3699531555176,547
Napoli,3525,14.235698852625191,40.91678706196242,621.7350616455078,547
Napoli,3525,14.167729247735435,40.857858876641274,630.2468566894531,547
Napoli,3525,14.21608235257279,40.91900375335195,579.5226631164551,547
Napoli,3525,14.19941851253302,40.82835760855846,732.0192260742188,547
Napoli,3525,14.214940505022089,40.96877230333208,427.1973648071289,547
Napoli,3525,14.23249125403751,40.919993539896204,732.3727722167969,547
Napoli,3525,14.245601422048354,40.84497359051277,722.8684844970703,547
Napoli,3525,14.210411895431074,40.8225192353051,546.4607009887695,547
Napoli,3525,14.227952254109201,40.83657997111627,921.44189453125,547
Napoli,3525,14.314443091553665,40.934058397834235,251.7748031616211,547
Napoli,3525,14.269965430696342,40.85874831765531,655.1950149536133,547
Napoli,3525,14.227499446574912,40.92641863465368,537.5359497070312,547
Napoli,3525,14.200604240816867,40.896691274198204,478.0507278442383,547
Napoli,3525,14.22239377328195,40.837610061080404,853.6482772827148,547
Napoli,3525,14.210388004031284,40.91928996009323,346.54829025268555,547
Napoli,3525,14.230843898564617,40.910812465090025,530.1545219421387,547
Napoli,3525,14.204351443322897,40.97034341983041,303.1279602050781,547
Napoli,3525,14.283565221221588,40.91111475130825,301.54590225219727,547
Napoli,3525,14.217335123046487,40.85935421957869,479.52366638183594,547
Napoli,3525,14.272644093201734,40.861683404215725,738.1828727722168,547
Napoli,3525,14.272252056335942,40.87015354922628,733.614143371582,547
Napoli,3525,14.273168472086354,40.95466585366417,322.0746154785156,547
Napoli,3525,14.334081141824392,40.879333420598215,319.71265983581543,547
Napoli,3525,14.293837793946366,40.94288263104391,177.69793319702148,547
Napoli,3525,14.324786560732692,40.84732380807138,828.1924819946289,547
Napoli,3525,14.373127008191735,40.95208620589382,209.2935028076172,547
Napoli,3525,14.357486410208633,40.859768158827066,373.4302749633789,547
Napoli,3525,14.300172266710835,40.93666043869061,356.1672058105469,547
Napoli,3525,14.202033533160087,40.83286035831071,799.7368087768555,547
Napoli,3525,14.21675654614054,40.90953004858254,303.93359375,547
Napoli,3525,14.299153779839553,40.95083810574096,554.324031829834,547
Napoli,3525,14.286244798993389,40.918769054189845,283.6220703125,547
Napoli,3525,14.207981074647122,40.84745151797387,519.4643669128418,547
Napoli,3525,14.320539659822204,40.917403604482956,424.5287742614746,547
Napoli,3525,14.185678434825086,40.83060747985524,212.73265075683594,547
Napoli,3525,14.29812282436366,40.84521769634772,333.9733123779297,547
Napoli,3525,14.264717993150366,40.97437673961013,254.4721221923828,547
Napoli,3525,14.218180829930814,40.97278113848958,210.88892936706543,547
Napoli,3525,14.193749334955928,40.89250017242999,66.3916130065918,547
Napoli,3525,14.313336686776008,40.95626614543131,200.18629837036133,547
Napoli,3525,14.351846991629145,40.80122296628471,228.47606658935547,547
Napoli,3525,14.31322848184656,40.82941896906303,612.7641372680664,547
Napoli,3525,14.233453849622054,40.93069368708225,437.48570251464844,547
Napoli,3525,14.246873301258509,40.862824608165845,509.48111724853516,547
Napoli,3525,14.181759110973024,40.929472706918496,402.4761600494385,547
Napoli,3525,14.36820001976361,40.81093740764856,223.80584526062012,547
Napoli,3525,14.292756759843641,40.90751144066338,825.6442413330078,547
Napoli,3525,14.359178208510516,40.9492657579782,321.1115531921387,547
Napoli,3525,14.243632820038588,40.863598951524935,349.4503479003906,547
Napoli,3525,14.172749326716064,40.858431641744076,720.7649765014648,547
Napoli,3525,14.316741638733172,40.85339597026903,497.25171661376953,547
Napoli,3525,14.371551516810754,40.944550601634226,620.1356735229492,547
Napoli,3525,14.36027272466842,40.81220485398945,435.5299434661865,547
Napoli,3525,14.17450544614172,40.84876426450558,265.34151458740234,547
Napoli,3525,14.239366065183045,40.8356475233248,755.731330871582,547
Napoli,3525,14.372478173802595,40.847499624179115,537.1216659545898,547
Napoli,3525,14.249843839409266,40.96288608425895,487.2066955566406,547
Napoli,3525,14.237766901996201,40.891384723954005,609.2764434814453,547
Napoli,3525,14.232074486594222,40.88197390055038,226.04009628295898,547
Napoli,3525,14.272329379256043,40.90025552837891,1094.4116134643555,547
Napoli,3525,14.180956275051262,40.896587899158256,596.6100921630859,547
Napoli,3525,14.293166101860994,40.86844635250451,855.5303115844727,547
Napoli,3525,14.26873958273803,40.88374300302297,409.6835479736328,547
Napoli,3525,14.355276046492644,40.867478114403646,209.61496925354004,547
Napoli,3525,14.276948507110712,40.968439586552094,208.03703689575195,547
Napoli,3525,14.18715309806795,40.82389373451811,307.68504333496094,547
Napoli,3525,14.340159173952348,40.87970598955412,329.3523635864258,547
Napoli,3525,14.225104420691025,40.89386761729241,372.41957092285156,547
Napoli,3525,14.239169857167484,40.84858092865418,401.59793853759766,547
Napoli,3525,14.278936960463069,40.95243064258027,410.82868576049805,547
Napoli,3525,14.250976469100001,40.88817134246095,873.3258438110352,547
Napoli,3525,14.364590198717234,40.79411477611392,458.0318298339844,547
Napoli,3525,14.28625960493057,40.89230709447628,727.8391761779785,547
Napoli,3525,14.34232226879503,40.881181736737794,257.6171588897705,547
Napoli,3525,14.180523524397765,40.90424892814093,208.17991638183594,547
Napoli,3525,14.318652333657928,40.915832470685,513.6770057678223,547
Napoli,3525,14.164617765794825,40.965375143517115,165.46884155273438,547
Napoli,3525,14.380042970551484,40.783048702954886,456.19228744506836,547
Napoli,3525,14.266935260061615,40.88302304912323,245.65592575073242,547
Napoli,3525,14.147556159622013,40.89840929754543,353.35922622680664,547
Napoli,3525,14.169152675590292,40.854155926446914,838.0821685791016,547
Napoli,3525,14.229358404967062,40.9273751542501,664.8351554870605,547
Napoli,3525,14.333239790520594,40.8190759212533,787.4673538208008,547
Napoli,3525,14.26899937752645,40.91300255669662,382.5493392944336,547
Napoli,3525,14.279665385874164,40.90149794898312,630.0270385742188,547
Napoli,3525,14.305718511627997,40.929042231033286,559.845085144043,547
Napoli,3525,14.174860110994722,40.89512657606511,222.04944229125977,547
Napoli,3525,14.23454907432352,40.90239333269203,702.3417587280273,547
Napoli,3525,14.195825684887575,40.83352954025292,955.8917388916016,547
Napoli,3525,14.284500567221304,40.905479556724636,838.7206077575684,547
Napoli,3525,14.219416519733779,40.83173839407974,604.0547485351562,547
Napoli,3525,14.232944628572852,40.90100634648767,274.8147659301758,547
Napoli,3525,14.195262669142599,40.84249886674337,462.3287696838379,547
Napoli,3525,14.317541493791795,40.922391349363,518.137092590332,547
Napoli,3525,14.367165664231837,40.78945359269462,714.4391860961914,547
Napoli,3525,14.239831974272708,40.942991407878225,303.6536407470703,547
Napoli,3525,14.312831282102504,40.95809891971608,239.63561248779297,547
Napoli,3525,14.275525401225737,40.87270847276512,598.6644630432129,547
Napoli,3525,14.162056988178843,40.85504203131595,410.1989631652832,547
Napoli,3525,14.368895246534438,40.90717842428186,476.7597827911377,547
Napoli,3525,14.16993766033313,40.815292634364354,620.2777767181396,547
Napoli,3525,14.198328596163662,40.92081712889949,673.6924285888672,547
Napoli,3525,14.363335557862639,40.912901954217425,457.289794921875,547
Napoli,3525,14.315078829201278,40.88688739501854,178.32429885864258,547
Napoli,3525,14.187476948502995,40.97459447625818,305.73254776000977,547
Napoli,3525,14.208743181013094,40.92499823884108,539.7215805053711,547
Napoli,3525,14.210790388411022,40.8364159116047,886.2943382263184,547
Napoli,3525,14.197378057223595,40.847008543824806,808.6413345336914,547
Napoli,3525,14.161752858711948,40.918619112540135,386.10840606689453,547
Napoli,3525,14.287486820622894,40.93925217197779,556.0927238464355,547
Napoli,3525,14.179560906258464,40.85580751602974,267.9023780822754,547
Napoli,3525,14.374984997279642,40.84608056983314,392.077091217041,547
Napoli,3525,14.288467304444074,40.92403802204185,410.32202529907227,547
Napoli,3525,14.252924011703536,40.886493827547305,708.8298721313477,547
Napoli,3525,14.313099262297735,40.923867630166164,551.7129364013672,547
Napoli,3525,14.192697263781024,40.84976735694506,393.0249900817871,547
Napoli,3525,14.248836479844444,40.84601691736736,503.6594467163086,547
Napoli,3525,14.212171739982853,40.95065220898207,162.26063919067383,547
Napoli,3525,14.324718908422112,40.87298285324549,690.0645065307617,547
Napoli,3525,14.376546978013167,40.795130281609524,580.4625091552734,547
Napoli,3525,14.181485666738586,40.87499864976414,161.78428840637207,547
Napoli,3525,14.29898824175707,40.898933644864414,504.40624237060547,547
Napoli,3525,14.242732942797577,40.854986929767804,825.7593841552734,547
Napoli,3525,14.20392075207494,40.824966533785144,730.9104232788086,547
Napoli,3525,14.241835019582918,40.93466680391079,288.6489143371582,547
Napoli,3525,14.269907877729837,40.90926769681689,562.5790786743164,547
Napoli,3525,14.308145462731728,40.877966708540605,381.4633331298828,547
Napoli,3525,14.182106422463987,40.97179101571275,282.0066089630127,547
Napoli,3525,14.22750223850559,40.842740133998966,750.8604583740234,547
Napoli,3525,14.314768163634596,40.86757052226622,359.46399307250977,547
Napoli,3525,14.272316915167131,40.89122429264968,295.25634384155273,547
Napoli,3525,14.252396928694608,40.94376695271827,231.5606231689453,547
Napoli,3525,14.383024711130206,40.94834257016889,444.9599723815918,547
Napoli,3525,14.227363727556089,40.89432304907462,577.6293525695801,547
Napoli,3525,14.16561568193123,40.963333377562634,428.5360565185547,547
Napoli,3525,14.27014125354776,40.96790598235076,724.4825973510742,547
Napoli,3525,14.202342673561864,40.91287957718809,478.69049072265625,547
Napoli,3525,14.307590960541857,40.9375250020512,380.90074920654297,547
Napoli,3525,14.281207957507371,40.84365082876759,436.2937526702881,547
Napoli,3525,14.337637477109642,40.824340240790406,830.6175079345703,547
Napoli,3525,14.247813415706819,40.84978256250655,747.6035003662109,547
Napoli,3525,14.248024304117692,40.955827893562635,378.9893989562988,547
Napoli,3525,14.206192494573013,40.93743140896058,194.50442504882812,547
Napoli,3525,14.370793358084102,40.94921688258167,454.18343353271484,547
Napoli,3525,14.347362150772623,40.87661087380467,225.83480072021484,547
Napoli,3525,14.162969368518603,40.84151400963218,168.6705722808838,547
Napoli,3525,14.275624631068313,40.87539073971158,157.46564483642578,547
Napoli,3525,14.182664877580343,40.820035136817545,621.6915054321289,547
Napoli,3525,14.356928006496082,40.83659367095667,311.9539279937744,547
Napoli,3525,14.219943769226138,40.84556108057312,647.902099609375,547
Napoli,3525,14.231463166159177,40.9225844664298,772.4497528076172,547
Napoli,3525,14.27093238443233,40.946565812803485,497.5148582458496,547
Napoli,3525,14.157239919308545,40.924138860254786,444.35526275634766,547
Napoli,3525,14.282333035254045,40.90080658722814,565.1373291015625,547
Napoli,3525,14.232642722203995,40.852222325204174,684.3205871582031,547
Napoli,3525,14.26900741770481,40.935340881910555,378.9665985107422,547
Napoli,3525,14.364240640346324,40.786351763039114,562.043888092041,547
Napoli,3525,14.298787706313723,40.864567058954265,222.4680118560791,547
Napoli,3525,14.219060612550955,40.92737152907181,494.5707321166992,547
Napoli,3525,14.312768984975763,40.91907641524223,700.2041091918945,547
Napoli,3525,14.375000127543384,40.78896094062291,675.1058197021484,547
Napoli,3525,14.298224322515376,40.923207351675615,617.8901214599609,547
Napoli,3525,14.371278578848992,40.845068054169474,274.418155670166,547
Napoli,3525,14.294178833209388,40.95106863717575,465.48110580444336,547
Napoli,3525,14.26889047422485,40.87168407787161,691.8159866333008,547
Napoli,3525,14.20836187740911,40.90002811274145,498.7300720214844,547
Napoli,3525,14.369304721467547,40.950934527092286,300.7413864135742,547
Napoli,3525,14.240749225248578,40.8459060257181,438.6929016113281,547
Napoli,3525,14.170319772585216,40.97169823584519,377.4659614562988,547
Napoli,3525,14.254918002562373,40.84543870487763,507.7490768432617,547
Napoli,3525,14.28931028723206,40.917359231738246,350.59014320373535,547
Napoli,3525,14.33085624486957,40.825576589932034,670.1949157714844,547
Napoli,3525,14.338500687505354,40.88333238290885,150.13121223449707,547
Napoli,3525,14.268339644718264,40.93724280325542,374.326602935791,547
Napoli,3525,14.202603342638135,40.8450815026847,800.2809143066406,547
Napoli,3525,14.174137424756243,40.92939945218402,265.08629989624023,547
Napoli,3525,14.20543025141436,40.82663174142357,599.0950241088867,547
Napoli,3525,14.258089200710195,40.942248364155596,357.6852149963379,547
Napoli,3525,14.166544667042103,40.95611966428951,599.0689468383789,547
Napoli,3525,14.251694853178387,40.844272158424104,733.8931884765625,547
Napoli,3525,14.383200726578325,40.93982270757627,381.37171173095703,547
Napoli,3525,14.242708571632757,40.886455987601266,375.7674217224121,547
Napoli,3525,14.273635724891768,40.86375983063505,704.3767395019531,547
Napoli,3525,14.352269208904861,40.85343983195732,256.52008628845215,547
Napoli,3525,14.220830406370913,40.86229959477638,558.6655197143555,547
Napoli,3525,14.220836035781398,40.83939620127222,747.8005828857422,547
Napoli,3525,14.312653582727197,40.85064546627078,356.955623626709,547
Napoli,3525,14.228098831304065,40.84498512256313,746.2372970581055,547
Napoli,3525,14.305834178202872,40.95375458522861,368.23321533203125,547
Napoli,3525,14.353473533621553,40.813354083652825,699.4526138305664,547
Napoli,3525,14.268324315844929,40.959178978425534,621.3801040649414,547
Napoli,3525,14.294071828147857,40.90336933187877,625.1592330932617,547
Napoli,3525,14.240002376379238,40.85519929024147,466.2470703125,547
Napoli,3525,14.30081396177326,40.85336381918655,355.26994705200195,547
Napoli,3525,14.246535673555355,40.93237132487625,305.10571670532227,547
Napoli,3525,14.32328658077309,40.86155268927002,730.6986999511719,547
Napoli,3525,14.294179472457168,40.93124587007325,339.17691802978516,547
Napoli,3525,14.318380362473214,40.92886526044991,568.6588859558105,547
Napoli,3525,14.34208457680404,40.89796553585375,176.4925651550293,547
Napoli,3525,14.345201012074495,40.9008828408793,429.62451553344727,547
Napoli,3525,14.224004623718908,40.8886730766422,456.24658966064453,547
Napoli,3525,14.293148694044811,40.866186388124696,536.0756759643555,547
Napoli,3525,14.35188516633179,40.86285127147099,263.0302047729492,547
Napoli,3525,14.205779906945754,40.835679373647366,759.0444526672363,547
Napoli,3525,14.233258127852864,40.961042322460884,233.54226684570312,547
Napoli,3525,14.375513981940408,40.784078038290254,443.5255355834961,547
Napoli,3525,14.355425353252423,40.84375963663242,66.15270614624023,547
Napoli,3525,14.368262431116406,40.79621511044319,65.73971366882324,547
Napoli,3525,14.307415363831547,40.95901235298858,425.1445426940918,547
Napoli,3525,14.223085961331803,40.93684982217176,284.7559757232666,547
Napoli,3525,14.164973448295422,40.920058542342474,261.3291263580322,547
Napoli,3525,14.240834071893122,40.933096241271954,403.0940361022949,547
Napoli,3525,14.202395617572176,40.91060387756442,571.7592811584473,547
Napoli,3525,14.183676276165793,40.896444467786196,751.7726364135742,547
Napoli,3525,14.307430785964998,40.91794901025815,433.78590393066406,547
Napoli,3525,14.274237022114583,40.85572284044956,794.4449844360352,547
Napoli,3525,14.339069167592163,40.87759707161683,456.8337631225586,547
Napoli,3525,14.238318990710457,40.88980178986143,368.1809616088867,547
Napoli,3525,14.194205543025975,40.834999768312386,589.165943145752,547
Napoli,3525,14.303332556119996,40.883726575203944,83.39522933959961,547
Napoli,3525,14.220820621261945,40.83473975586608,923.0676116943359,547
Napoli,3525,14.211090949611433,40.830173638384004,463.7060546875,547
Napoli,3525,14.277356059525617,40.93323444097235,282.3296356201172,547
Napoli,3525,14.268343970371966,40.88894938947339,403.26475524902344,547
Napoli,3525,14.23337131184283,40.888149128798375,620.400520324707,547
Napoli,3525,14.164206966538053,40.961231996423734,346.80499267578125,547
Napoli,3525,14.35244011548873,40.82494450079134,828.477653503418,547
Napoli,3525,14.261956482304235,40.88561377521922,342.5855026245117,547
Napoli,3525,14.168758923623006,40.96659908267401,271.59924697875977,547
Napoli,3525,14.238675031300478,40.84209147302389,316.4357032775879,547
Napoli,3525,14.28790027262832,40.93151616435003,216.25364685058594,547
Napoli,3525,14.211513365779112,40.921019221761476,315.19684982299805,547
Napoli,3525,14.229181111934794,40.85748190073238,843.7528228759766,547
Napoli,3525,14.267792241240475,40.89031828949755,366.8381805419922,547
Napoli,3525,14.316937788132988,40.82914354126489,706.8186187744141,547
Napoli,3525,14.280623339375131,40.85280246055677,526.4381446838379,547
Napoli,3525,14.29740358697414,40.948590970426814,580.0982894897461,547
Napoli,3525,14.280199651758181,40.90783145481105,412.45933532714844,547
Napoli,3525,14.302551976125924,40.83940843113851,585.2226409912109,547
Napoli,3525,14.163061899473083,40.91286012150135,240.8495693206787,547
Napoli,3525,14.21337322750753,40.8700336847278,176.20972061157227,547
Napoli,3525,14.349517054515745,40.855249385969536,276.6018295288086,547
Napoli,3525,14.208508189973843,40.86149098273049,147.40289878845215,547
Napoli,3525,14.190920917911797,40.96613290041259,613.0145034790039,547
Napoli,3525,14.253723749760667,40.9516187220657,305.0928497314453,547
