City_Name,K_Resolution,Centroid_Longitude,Centroid_Latitude,Aggregated_Population,Population_Center_ID
Milano,3375,9.157860390259014,45.42920322911292,566.4102783203125,87
Milano,3375,9.231542619632968,45.58840031031303,366.6647262573242,87
Milano,3375,9.19662829954133,45.48718341140485,582.0621795654297,87
Milano,3375,9.110267718746938,45.49391869596987,343.6068305969238,87
Milano,3375,9.200568110200614,45.55463138408614,680.1093521118164,87
Milano,3375,9.246504129463327,45.50411516311107,479.88644790649414,87
Milano,3375,9.103347924690596,45.42817181454782,635.0411338806152,87
Milano,3375,9.25045893362078,45.53370484980964,214.76671981811523,87
Milano,3375,9.210350855183021,45.437767013999206,331.2844772338867,87
Milano,3375,9.12060601082467,45.59501142537695,343.2083206176758,87
Milano,3375,9.1874577594985,45.590226449552596,337.9939422607422,87
Milano,3375,9.144625119265005,45.460800459109755,758.351188659668,87
Milano,3375,9.079834397234436,45.569460827766996,359.8846244812012,87
Milano,3375,9.160426690155923,45.52670962890838,555.529182434082,87
Milano,3375,9.161368435106684,45.49145472406052,939.4720764160156,87
Milano,3375,9.254158607203312,45.5715136457974,344.9559745788574,87
Milano,3375,9.246796528716727,45.599972530192495,316.0157699584961,87
Milano,3375,9.184000934191918,45.44371862284132,758.4633979797363,87
Milano,3375,9.21831505439511,45.46292644514448,1026.4912719726562,87
Milano,3375,9.24997164540821,45.44865463003492,283.97704315185547,87
Milano,3375,9.238129987249165,45.49817985294469,477.31876373291016,87
Milano,3375,9.189990913216668,45.51641826574588,578.2791595458984,87
Milano,3375,9.190180605961691,45.543245891450205,258.0605049133301,87
Milano,3375,9.09896707335398,45.5398081274534,163.61267852783203,87
Milano,3375,9.105772137406577,45.456298394094055,375.2976989746094,87
Milano,3375,9.147838978068254,45.44818566426841,487.5287399291992,87
Milano,3375,9.187324934867387,45.47757746567149,771.8330917358398,87
Milano,3375,9.208501477617055,45.50349417269665,684.7797584533691,87
Milano,3375,9.12024545853723,45.422432310012574,372.78623962402344,87
Milano,3375,9.224027497314143,45.46565821086017,604.9756469726562,87
Milano,3375,9.19168689104525,45.4676738989571,872.6658782958984,87
Milano,3375,9.219739598804898,45.56291533075219,283.3982124328613,87
Milano,3375,9.127028147827591,45.50186554023199,448.8104705810547,87
Milano,3375,9.113241556855838,45.455901874309546,387.34897232055664,87
Milano,3375,9.218463334318422,45.485248129226235,880.760124206543,87
Milano,3375,9.07748223113127,45.58457964051215,245.9522933959961,87
Milano,3375,9.188586595153751,45.45918362191963,637.9867935180664,87
Milano,3375,9.234562642507559,45.52600996222235,398.95720291137695,87
Milano,3375,9.142196027494439,45.48681400214033,506.4010543823242,87
Milano,3375,9.16658571923986,45.55078220073527,342.0125045776367,87
Milano,3375,9.2384755557302,45.60551371855012,442.9471130371094,87
Milano,3375,9.175725702745837,45.48914397701835,626.7719802856445,87
Milano,3375,9.239951321991796,45.47543282914361,246.66237258911133,87
Milano,3375,9.138578025316562,45.51562577837862,764.4902725219727,87
Milano,3375,9.16285242565537,45.503521925262895,797.6217727661133,87
Milano,3375,9.160912988162213,45.599271275310386,338.5533218383789,87
Milano,3375,9.212227771166445,45.44595017395045,442.1585121154785,87
Milano,3375,9.182511281726516,45.553451437348876,332.816650390625,87
Milano,3375,9.234664046096405,45.491677365112956,502.1173553466797,87
Milano,3375,9.084162831170502,45.4536329552514,359.4733352661133,87
Milano,3375,9.235973536837557,45.5496287003805,797.443000793457,87
Milano,3375,9.092215024896046,45.47747922085396,316.13964462280273,87
Milano,3375,9.117389354929035,45.546371958696675,477.00239181518555,87
Milano,3375,9.132086509837837,45.472919825606056,373.0097122192383,87
Milano,3375,9.11861910372049,45.52196078703504,134.22031021118164,87
Milano,3375,9.078762313438487,45.5442053046617,236.37267303466797,87
Milano,3375,9.171926360099834,45.54264122646099,396.34626388549805,87
Milano,3375,9.179568451017763,45.416690424119665,504.531005859375,87
Milano,3375,9.22066475745958,45.53254248423866,666.1106605529785,87
Milano,3375,9.201102966633377,45.44799858611968,1014.3985137939453,87
Milano,3375,9.13011597943188,45.537697454712415,384.66481018066406,87
Milano,3375,9.229067925458377,45.528883465675925,667.7030487060547,87
Milano,3375,9.087550162404384,45.50994688183082,332.3496437072754,87
Milano,3375,9.115947883024266,45.47175562337818,563.5287437438965,87
Milano,3375,9.12006871252461,45.49381003028322,353.9433479309082,87
Milano,3375,9.238839003612108,45.46054408659975,598.0930061340332,87
Milano,3375,9.160406409763489,45.45760339456359,779.3820953369141,87
Milano,3375,9.091673305034924,45.44125034339448,433.78282165527344,87
Milano,3375,9.24918051254643,45.60743139989776,472.2296257019043,87
Milano,3375,9.115589041329885,45.46225665645169,297.8829154968262,87
Milano,3375,9.135380851709002,45.56216132307054,357.54333114624023,87
Milano,3375,9.209562189277968,45.58672228697652,543.0640335083008,87
Milano,3375,9.12577162465855,45.450669185178626,776.0574340820312,87
Milano,3375,9.1614378196245,45.4397280532975,933.7243194580078,87
Milano,3375,9.194452791640103,45.5075009219394,642.124885559082,87
Milano,3375,9.12609369904347,45.5744160595529,470.5851249694824,87
Milano,3375,9.239676595318,45.50623735648271,601.2447891235352,87
Milano,3375,9.155292781447596,45.565589652402025,129.75600814819336,87
Milano,3375,9.216389338130666,45.49919131153587,519.0807113647461,87
Milano,3375,9.174061837131548,45.46489480574088,849.9297561645508,87
Milano,3375,9.118117760964651,45.43991011849584,462.6104316711426,87
Milano,3375,9.225520884766198,45.43717491961803,877.3904113769531,87
Milano,3375,9.076973921823384,45.49244799601452,216.10126495361328,87
Milano,3375,9.151428798246878,45.47165798368242,726.9449768066406,87
Milano,3375,9.243013043269821,45.519212860456356,802.807258605957,87
Milano,3375,9.136707528070755,45.45327031085507,864.7115631103516,87
Milano,3375,9.25709898989804,45.421638069280334,266.67635345458984,87
Milano,3375,9.154120777587494,45.51738503267964,424.9527244567871,87
Milano,3375,9.209993157325215,45.56170750793121,664.6216468811035,87
Milano,3375,9.076995390708397,45.41930724279935,238.60886001586914,87
Milano,3375,9.21389763578799,45.56870127853051,365.48546981811523,87
Milano,3375,9.162262531240383,45.57895973543947,305.7442283630371,87
Milano,3375,9.224314473781515,45.511357353471496,573.2390747070312,87
Milano,3375,9.182265962477922,45.5000171631697,638.6008758544922,87
Milano,3375,9.113011065300133,45.425010767987246,457.047550201416,87
Milano,3375,9.144991243269821,45.500789435174,756.0524444580078,87
Milano,3375,9.239223381129483,45.60004163478133,549.688533782959,87
Milano,3375,9.173103548076085,45.43655092418194,684.887523651123,87
Milano,3375,9.16987020331692,45.57044845279477,342.3055114746094,87
Milano,3375,9.137105616978488,45.58757517693446,556.1989669799805,87
Milano,3375,9.132744552971253,45.54474785018084,580.8362922668457,87
Milano,3375,9.225804663070553,45.55005632738041,700.2085723876953,87
Milano,3375,9.118764951650778,45.51269232721052,480.627140045166,87
Milano,3375,9.1572253973583,45.454977151295694,727.4058227539062,87
Milano,3375,9.20516405003871,45.52171157302295,381.5195083618164,87
Milano,3375,9.20542344770155,45.46933803241075,964.1015167236328,87
Milano,3375,9.256742801751827,45.55467192508534,200.30352020263672,87
Milano,3375,9.173336419075877,45.59942767459582,264.7043647766113,87
Milano,3375,9.153439435693302,45.443949602587175,593.4392852783203,87
Milano,3375,9.194070485584374,45.51641064122832,818.7428588867188,87
Milano,3375,9.228444790152464,45.482504210304825,963.843391418457,87
Milano,3375,9.161893433623773,45.484538451341095,912.9589614868164,87
Milano,3375,9.13271970003907,45.476615981683615,559.807487487793,87
Milano,3375,9.107410741187262,45.46996190927108,456.36440658569336,87
Milano,3375,9.220981593651988,45.587824826033156,191.80451583862305,87
Milano,3375,9.137562273588706,45.466978796210086,870.7465591430664,87
Milano,3375,9.123570593190804,45.47607029091693,696.0742950439453,87
Milano,3375,9.253867260273045,45.51155306233183,315.30554580688477,87
Milano,3375,9.217727874605329,45.52979167167826,375.6335906982422,87
Milano,3375,9.192941291498267,45.528468969311575,589.0776214599609,87
Milano,3375,9.151848392092573,45.48658742120138,654.282398223877,87
Milano,3375,9.161458217507436,45.44252057130965,877.0340957641602,87
Milano,3375,9.104724481651923,45.52327250538438,221.8999252319336,87
Milano,3375,9.197855368336773,45.46225177162035,720.4867324829102,87
Milano,3375,9.128643172626367,45.40965058656483,258.1455078125,87
Milano,3375,9.224592355859738,45.595884075434206,209.3106689453125,87
Milano,3375,9.199048039777269,45.56008762913573,613.0636596679688,87
Milano,3375,9.222363379069721,45.433839584984106,312.9098663330078,87
Milano,3375,9.16870987253853,45.50178382437058,1025.898826599121,87
Milano,3375,9.253910708818877,45.487762415543116,140.22875595092773,87
Milano,3375,9.237796687863552,45.55963163688169,285.94405364990234,87
Milano,3375,9.141663350989505,45.447550251680845,725.5412826538086,87
Milano,3375,9.16675045777887,45.44528705088229,1103.2277336120605,87
Milano,3375,9.135439258444055,45.49447853413852,1005.8575706481934,87
Milano,3375,9.17126068033251,45.48100521531045,1018.3375473022461,87
Milano,3375,9.256439677705941,45.60117939155643,477.3540840148926,87
Milano,3375,9.175838873358826,45.51019194914061,759.0546569824219,87
Milano,3375,9.136043251851616,45.43886385609031,216.1854133605957,87
Milano,3375,9.193471459829997,45.58380735935823,312.8934631347656,87
Milano,3375,9.134275376128258,45.58047001428707,261.8117980957031,87
Milano,3375,9.245687000875742,45.51344918345167,368.123046875,87
Milano,3375,9.085502122215601,45.444325910313225,869.2450065612793,87
Milano,3375,9.202581866047,45.50766661277284,696.524341583252,87
Milano,3375,9.156186693927953,45.42484436723611,223.51980590820312,87
Milano,3375,9.251524828589776,45.52431267613625,466.6639518737793,87
Milano,3375,9.199279316167036,45.432585202643175,592.3924751281738,87
Milano,3375,9.180550721273388,45.53473607126726,114.21236801147461,87
Milano,3375,9.226670716617297,45.456076211789906,425.6373291015625,87
Milano,3375,9.114077622265757,45.43242465154186,671.7821426391602,87
Milano,3375,9.210012226806656,45.52666437046337,491.47711181640625,87
Milano,3375,9.154443923138624,45.548974139563775,310.91345596313477,87
Milano,3375,9.185341709808803,45.490306432045976,793.5957946777344,87
Milano,3375,9.184521352111133,45.466535157969716,880.6938629150391,87
Milano,3375,9.234173485567185,45.43925892751645,505.84303283691406,87
Milano,3375,9.204733248090056,45.562616931747165,464.97407150268555,87
Milano,3375,9.14288391104185,45.53445116199562,411.6827850341797,87
Milano,3375,9.179582411733028,45.568307577677224,243.68879318237305,87
Milano,3375,9.098969110703766,45.44687216354182,596.3052711486816,87
Milano,3375,9.122494194048809,45.53878623099914,288.55598068237305,87
Milano,3375,9.1058360049604,45.43594539385992,339.23376846313477,87
Milano,3375,9.175844026457128,45.45503953226483,687.8097381591797,87
Milano,3375,9.153085435133457,45.499528133429095,399.17699813842773,87
Milano,3375,9.095420806496202,45.46040200604409,337.5795211791992,87
Milano,3375,9.166964124151693,45.538918425403075,121.37336730957031,87
Milano,3375,9.207401214632672,45.591750041454,347.5300521850586,87
Milano,3375,9.230429215081031,45.490389801720674,773.8629684448242,87
Milano,3375,9.210771778104048,45.48317596280157,940.6501541137695,87
Milano,3375,9.185821313132388,45.4811149241924,1038.7171096801758,87
Milano,3375,9.210810103246128,45.503991456221456,584.3615226745605,87
Milano,3375,9.166603560725495,45.46204945247863,723.7826271057129,87
Milano,3375,9.23489129746815,45.50486648138593,743.2624168395996,87
Milano,3375,9.098037743215603,45.50021940180152,211.9418182373047,87
Milano,3375,9.16708886204639,45.513864982407185,399.90946197509766,87
Milano,3375,9.16000231349918,45.565754195892005,267.1958312988281,87
Milano,3375,9.174831525716304,45.44506887903391,1115.044807434082,87
Milano,3375,9.140463486172017,45.52843569828411,421.18578338623047,87
Milano,3375,9.126888053007102,45.48656217494757,265.3266181945801,87
Milano,3375,9.196497596755213,45.48160987341308,629.9184722900391,87
Milano,3375,9.126368201095456,45.51158535488793,523.0960884094238,87
Milano,3375,9.197194160527928,45.44782456186999,704.8864517211914,87
Milano,3375,9.257324701519138,45.4783094809201,225.6453857421875,87
Milano,3375,9.238199008238178,45.55185853508267,317.8949317932129,87
Milano,3375,9.181376397690991,45.4342543691956,894.9268951416016,87
Milano,3375,9.116281882358628,45.497161683308434,588.7326889038086,87
Milano,3375,9.180919150464463,45.46026206395477,857.826789855957,87
Milano,3375,9.21404077957566,45.454062863746366,754.0383987426758,87
Milano,3375,9.149437516133483,45.454966377778305,663.8378219604492,87
Milano,3375,9.20454685527791,45.4571275381037,860.9220962524414,87
Milano,3375,9.19786287618575,45.53492548992208,346.88339614868164,87
Milano,3375,9.208741041457028,45.49710935695384,519.5481414794922,87
Milano,3375,9.208743117601793,45.453517940413896,646.9157638549805,87
Milano,3375,9.149896691870847,45.60759789547148,354.3600654602051,87
Milano,3375,9.23155449063944,45.5406625223758,905.8813323974609,87
Milano,3375,9.230933821224882,45.51092582987678,652.4149284362793,87
Milano,3375,9.194444338051072,45.549661690800306,413.5164222717285,87
Milano,3375,9.174493406429717,45.484001872011916,1002.629638671875,87
Milano,3375,9.142152992876554,45.49375704398269,682.5129547119141,87
Milano,3375,9.243443832828415,45.568654294688955,317.41230392456055,87
Milano,3375,9.099504019179385,45.50519620259792,442.41902923583984,87
Milano,3375,9.127656373740068,45.59834971618139,270.8722267150879,87
Milano,3375,9.12685257994271,45.46508345528355,629.3055839538574,87
Milano,3375,9.095218417243606,45.502744735133895,408.1219825744629,87
Milano,3375,9.199220229786183,45.590219981621594,194.60071563720703,87
Milano,3375,9.127101462033066,45.438032514647716,219.04498672485352,87
Milano,3375,9.194915577192997,45.4916009536765,802.914421081543,87
Milano,3375,9.169752185067805,45.46845127584751,743.6905212402344,87
Milano,3375,9.144979566026857,45.51588306357902,571.5925064086914,87
Milano,3375,9.162661100683447,45.499170637478734,728.000373840332,87
Milano,3375,9.1169150206189,45.458376349931754,420.5376853942871,87
Milano,3375,9.217243936759951,45.44227650061151,363.7310981750488,87
Milano,3375,9.233398928802012,45.49906398926433,711.108757019043,87
Milano,3375,9.108090447939581,45.498360147326856,323.0758743286133,87
Milano,3375,9.205853293851415,45.446416223094715,625.8106231689453,87
Milano,3375,9.08835545082564,45.44450755694378,650.8138008117676,87
Milano,3375,9.25692111659535,45.48858885002327,110.6274528503418,87
Milano,3375,9.242634201775084,45.52602765776076,481.39735412597656,87
Milano,3375,9.224594218133252,45.50753283940838,403.0921211242676,87
Milano,3375,9.219968864194387,45.568266374191566,287.46062088012695,87
Milano,3375,9.166690782755103,45.47414794853872,880.081901550293,87
Milano,3375,9.225309286261453,45.54180860580175,405.8398132324219,87
Milano,3375,9.231647671878001,45.53091455540594,428.88791275024414,87
Milano,3375,9.192614193440665,45.50234714350038,789.1445922851562,87
Milano,3375,9.252495254178697,45.57887457342989,385.5777587890625,87
Milano,3375,9.127998263896608,45.530774318432115,388.70909881591797,87
Milano,3375,9.218316850616313,45.552498403637216,563.036491394043,87
Milano,3375,9.143684577871134,45.595783476439635,189.69038772583008,87
Milano,3375,9.22964260848885,45.474067046580814,687.117244720459,87
Milano,3375,9.169432547401362,45.5233658584387,775.295051574707,87
Milano,3375,9.183107916363202,45.510856236819954,485.0770034790039,87
Milano,3375,9.159487321278059,45.43734532007854,698.9756355285645,87
Milano,3375,9.229142720283054,45.57476386380385,369.33391189575195,87
Milano,3375,9.167414207859744,45.52922349430896,610.0692672729492,87
Milano,3375,9.258313248354975,45.575772301417835,418.5517807006836,87
Milano,3375,9.199481354761186,45.6043210576071,178.93367385864258,87
Milano,3375,9.236576888876714,45.53359181167568,804.0631713867188,87
Milano,3375,9.20989711603486,45.471409378669826,899.2479629516602,87
Milano,3375,9.210003778654157,45.55349929056369,763.2025680541992,87
Milano,3375,9.187206571556201,45.55548504516881,310.88179779052734,87
Milano,3375,9.15043991171817,45.43005720105915,295.9076042175293,87
Milano,3375,9.166494103834257,45.44877768408457,712.8491477966309,87
Milano,3375,9.195141145747314,45.44619275074566,523.4954605102539,87
Milano,3375,9.212325043137911,45.56645215526617,368.9944496154785,87
Milano,3375,9.206775523160923,45.484030290119506,716.0330467224121,87
Milano,3375,9.206494530649568,45.51355604958312,691.2600326538086,87
Milano,3375,9.24638221048672,45.60757428329672,630.9447860717773,87
Milano,3375,9.147552209995029,45.499323886743916,598.4419364929199,87
Milano,3375,9.095649187550386,45.4588275981117,462.85692596435547,87
Milano,3375,9.223420079443486,45.580401300259915,224.06522750854492,87
Milano,3375,9.170001801951509,45.41481528181417,299.3678970336914,87
Milano,3375,9.076854063758073,45.594998461808856,183.19317626953125,87
Milano,3375,9.179874352986536,45.49911938792278,770.0778656005859,87
Milano,3375,9.105768115007654,45.539686879671095,289.69805908203125,87
Milano,3375,9.159618681789613,45.50715741981524,195.13917922973633,87
Milano,3375,9.106844876252646,45.51712641772627,315.8878746032715,87
Milano,3375,9.083887188489983,45.57322059478794,220.11606979370117,87
Milano,3375,9.180713336433122,45.50809027512173,559.555362701416,87
Milano,3375,9.171250326357963,45.494743259071996,461.4937210083008,87
Milano,3375,9.177061020137304,45.42838554051278,392.89540100097656,87
Milano,3375,9.216692805234107,45.46855583368928,938.5979995727539,87
Milano,3375,9.158261761914886,45.4728907934767,537.8618240356445,87
Milano,3375,9.152921103868852,45.45884293410173,894.6149215698242,87
Milano,3375,9.175269421775042,45.517845293703644,1028.483627319336,87
Milano,3375,9.140935856323832,45.57183006883923,336.61718368530273,87
Milano,3375,9.218674847072556,45.43646801410384,632.8584823608398,87
Milano,3375,9.140637056766817,45.4639382739201,807.0271682739258,87
Milano,3375,9.233866834647095,45.52775877888821,443.2426872253418,87
Milano,3375,9.197924225404002,45.452518117267395,845.5836868286133,87
Milano,3375,9.150123417685728,45.437313089942656,675.8470230102539,87
Milano,3375,9.221905650579416,45.49532687497571,930.0621299743652,87
Milano,3375,9.083686162326496,45.462553567394586,346.4769287109375,87
Milano,3375,9.139790976896368,45.50685778656795,316.5046043395996,87
Milano,3375,9.10031320007931,45.43822061843276,399.532283782959,87
Milano,3375,9.242112256880791,45.48167778333136,523.6609191894531,87
Milano,3375,9.16067448972917,45.429330657032416,378.501220703125,87
Milano,3375,9.23830731311338,45.54422577528685,690.3029747009277,87
Milano,3375,9.086032544634612,45.43912696323051,470.71528244018555,87
Milano,3375,9.175757014870733,45.47630271261397,379.03552627563477,87
Milano,3375,9.214478549016253,45.47784430138538,807.9076843261719,87
Milano,3375,9.193352044077583,45.49752643034853,869.1760482788086,87
Milano,3375,9.258341407019984,45.560456372617665,226.40592575073242,87
Milano,3375,9.148441751247798,45.465065114307414,755.372802734375,87
Milano,3375,9.154438167635188,45.578544631748755,275.6115303039551,87
Milano,3375,9.156652678013248,45.51374074094137,572.8424797058105,87
Milano,3375,9.17259678381648,45.52677885754406,459.87349700927734,87
Milano,3375,9.148471368432277,45.50931585444548,501.01005935668945,87
Milano,3375,9.109896004745735,45.4423677261724,347.5325241088867,87
Milano,3375,9.154929473982232,45.46503663614244,697.007209777832,87
Milano,3375,9.252774724885699,45.59908804446436,354.05702209472656,87
Milano,3375,9.209923060308402,45.46655121810598,842.3539047241211,87
Milano,3375,9.2455256604987,45.43218895272405,334.5062942504883,87
Milano,3375,9.119602554640338,45.50044646089316,590.8236083984375,87
Milano,3375,9.103967185057513,45.41327093135758,167.69926834106445,87
Milano,3375,9.086479426279512,45.46811706055538,152.51288604736328,87
Milano,3375,9.089118593093126,45.51102400420832,323.4617385864258,87
Milano,3375,9.137481559969286,45.589991886393555,456.7752685546875,87
Milano,3375,9.219177900947365,45.523867221561886,335.6015739440918,87
Milano,3375,9.156468398776703,45.452531042029214,1014.1783828735352,87
Milano,3375,9.219157522479788,45.53576889905032,652.1293869018555,87
Milano,3375,9.085029545198115,45.447996849152396,502.2675247192383,87
Milano,3375,9.225246440975775,45.49348407572569,776.6786613464355,87
Milano,3375,9.098586357636286,45.493077972144555,346.52991485595703,87
Milano,3375,9.21657971873144,45.4460635026696,518.9990081787109,87
Milano,3375,9.145340340709973,45.48410293993087,448.5480651855469,87
Milano,3375,9.245409651555507,45.459155404573615,476.4892387390137,87
Milano,3375,9.165628592924543,45.54822751198985,524.6611137390137,87
Milano,3375,9.205639777356467,45.42536516366153,299.18188858032227,87
Milano,3375,9.119908495834535,45.485125629851474,685.6699104309082,87
Milano,3375,9.233905150611982,45.59564585085437,299.3520622253418,87
Milano,3375,9.077511526731135,45.55791299128859,228.53685760498047,87
Milano,3375,9.251216176534438,45.603718094224085,342.5091209411621,87
Milano,3375,9.218886386514466,45.501172680549786,922.0684967041016,87
Milano,3375,9.133405585533803,45.50843613030516,764.0000305175781,87
Milano,3375,9.182043195295932,45.48565415318742,546.7228088378906,87
Milano,3375,9.234614706123416,45.53435959072264,697.7558860778809,87
Milano,3375,9.082593476809409,45.550918443213945,286.2660903930664,87
Milano,3375,9.078062861217775,45.59915086778958,101.0950813293457,87
Milano,3375,9.15178382328983,45.52039679015149,292.15733337402344,87
Milano,3375,9.192097253115147,45.54631185360365,492.2574272155762,87
Milano,3375,9.213932851339324,45.46231251951403,676.2276153564453,87
Milano,3375,9.232784028559308,45.47461466547934,842.0996742248535,87
Milano,3375,9.156405703995999,45.55469677803141,142.9581642150879,87
Milano,3375,9.181694266978367,45.45124900526909,618.0800247192383,87
Milano,3375,9.090463245188191,45.457222270885936,837.8489227294922,87
Milano,3375,9.217248895739612,45.492653147193764,691.6039733886719,87
Milano,3375,9.077476347134393,45.5687648675249,549.7557144165039,87
Milano,3375,9.212304682077097,45.51229105943867,387.38145446777344,87
Milano,3375,9.18191172169348,45.45316461680381,899.7668991088867,87
Milano,3375,9.11808441326769,45.43232807852504,584.1753196716309,87
Milano,3375,9.18595686351169,45.54021750753703,713.3690719604492,87
Milano,3375,9.193089938828878,45.55335174699849,306.22880935668945,87
Milano,3375,9.18722140079778,45.51507755029809,706.9655418395996,87
Milano,3375,9.17433550279314,45.44074150981645,826.3106117248535,87
Milano,3375,9.138153965656327,45.59868330978855,259.6997413635254,87
Milano,3375,9.123241373706614,45.508668666864324,290.2792854309082,87
Milano,3375,9.191807613047482,45.454820064856,548.8194122314453,87
Milano,3375,9.23799630494152,45.488476678867094,375.0898628234863,87
Milano,3375,9.20694806955415,45.45758273688486,929.0049133300781,87
Milano,3375,9.237301622315623,45.46941433816621,414.90943908691406,87
Milano,3375,9.136879114025575,45.483225568624036,367.654483795166,87
Milano,3375,9.17817898331781,45.43562780989128,735.768180847168,87
Milano,3375,9.141665910099997,45.517518559702374,225.580322265625,87
Milano,3375,9.121595581093192,45.50449369409626,278.47339630126953,87
Milano,3375,9.114916339715144,45.482813162500726,611.5789566040039,87
Milano,3375,9.187689631310516,45.54893079021149,562.325309753418,87
Milano,3375,9.205883875563993,45.56806119139631,410.94150161743164,87
Milano,3375,9.155029442615618,45.595261703166415,280.1700782775879,87
Milano,3375,9.206875139222014,45.49061438204507,951.3448753356934,87
Milano,3375,9.256529670563923,45.459842107794,240.4199333190918,87
Milano,3375,9.135487646168443,45.536708157706,381.99547958374023,87
Milano,3375,9.255067612880941,45.573272752585254,311.5220642089844,87
Milano,3375,9.254070757316141,45.53115352540787,499.74224853515625,87
Milano,3375,9.105469257891398,45.54590119281006,200.4064712524414,87
Milano,3375,9.225003499663426,45.59907833693795,293.5461311340332,87
Milano,3375,9.154431561987641,45.43989879369966,812.5170249938965,87
Milano,3375,9.257497445959256,45.58583348699,109.06246948242188,87
Milano,3375,9.144145656291187,45.568152648216206,303.95033264160156,87
Milano,3375,9.227544903931127,45.504149415880796,564.1412239074707,87
Milano,3375,9.206832600971337,45.43400440952567,174.99702835083008,87
Milano,3375,9.131405683515835,45.50247732167892,308.64078521728516,87
Milano,3375,9.240848118278118,45.53639901512543,598.1156005859375,87
Milano,3375,9.234225765619811,45.481435890162075,685.4806976318359,87
Milano,3375,9.218726405525699,45.47935943475418,821.7895355224609,87
Milano,3375,9.230435982999166,45.4376348774791,516.4347305297852,87
Milano,3375,9.224617328008918,45.44668259913384,432.6870460510254,87
Milano,3375,9.199619340020583,45.469800271034735,474.1352195739746,87
Milano,3375,9.250804009558374,45.52918078428401,740.7480545043945,87
Milano,3375,9.148849882036625,45.478995317416505,842.0307846069336,87
Milano,3375,9.212585764834486,45.5618693252251,742.7839279174805,87
Milano,3375,9.222510954753659,45.50540055331322,483.8323516845703,87
Milano,3375,9.220914522351759,45.461733500525064,767.2691802978516,87
Milano,3375,9.187097237197104,45.44177546691647,498.88083267211914,87
Milano,3375,9.227417871920766,45.59802761821489,363.41063690185547,87
Milano,3375,9.189705072458523,45.46327048115368,441.2025337219238,87
Milano,3375,9.240064494618894,45.57227528601742,404.8439254760742,87
Milano,3375,9.233433477560986,45.507791194347654,622.5230102539062,87
Milano,3375,9.204148596381465,45.45399226143539,618.6874313354492,87
Milano,3375,9.166782666998863,45.518991316573185,704.6656494140625,87
Milano,3375,9.190109412117334,45.5384265917734,590.5689010620117,87
Milano,3375,9.08455362362938,45.42680652812061,187.86325454711914,87
Milano,3375,9.177835637119934,45.48330656162186,981.0980834960938,87
Milano,3375,9.251322635328357,45.54579076578132,284.86022186279297,87
Milano,3375,9.148530874498428,45.430757646242,324.476131439209,87
Milano,3375,9.197850747192243,45.493025426755224,969.6222915649414,87
Milano,3375,9.144156900979898,45.4704263935781,493.4430618286133,87
Milano,3375,9.146845033324166,45.51945300084452,229.69458770751953,87
Milano,3375,9.249818436502636,45.47254390049519,460.76143646240234,87
Milano,3375,9.172855979405988,45.55623328174593,389.74361419677734,87
Milano,3375,9.103345243375196,45.496061038123905,419.2570343017578,87
Milano,3375,9.157679539234096,45.489947892758764,754.6306495666504,87
Milano,3375,9.19117555739091,45.523482954952065,409.4837875366211,87
Milano,3375,9.171328227646985,45.54107335574745,307.0491409301758,87
Milano,3375,9.233247710255988,45.46734133249652,481.80593490600586,87
Milano,3375,9.104979677739172,45.47030791863203,450.52972412109375,87
Milano,3375,9.15812483913413,45.54760544199572,491.95361328125,87
Milano,3375,9.240307353942706,45.41603252119148,186.40097045898438,87
Milano,3375,9.17108941495506,45.44472001297058,674.9387588500977,87
Milano,3375,9.243318705951054,45.607915558286834,365.0296821594238,87
Milano,3375,9.112922992898557,45.54794267206499,367.9036293029785,87
Milano,3375,9.17311166296352,45.40989171841718,195.4700927734375,87
Milano,3375,9.236724283499607,45.50954788366599,563.4308547973633,87
Milano,3375,9.099999243599997,45.51083348728999,34.17284393310547,87
Milano,3375,9.108388298299724,45.49229900693612,341.1837043762207,87
Milano,3375,9.125851839612974,45.48076423871529,583.0055694580078,87
Milano,3375,9.233096402291027,45.46033357592732,331.9631767272949,87
Milano,3375,9.196940537639197,45.5011388015064,940.423957824707,87
Milano,3375,9.19761601186997,45.48562629096639,429.72258377075195,87
Milano,3375,9.20251614509909,45.47767068937896,1034.874038696289,87
Milano,3375,9.240500246790214,45.44235683056152,471.1097946166992,87
Milano,3375,9.247033252979591,45.48545916212483,173.84085083007812,87
Milano,3375,9.108489672665407,45.45902009087761,415.8574028015137,87
Milano,3375,9.172673766373379,45.416138690403606,225.7845687866211,87
Milano,3375,9.183263453147765,45.474405571200066,813.4362945556641,87
Milano,3375,9.121564459981455,45.474865180143176,573.2163314819336,87
Milano,3375,9.24767791338833,45.45716013865913,393.0517272949219,87
Milano,3375,9.172398199235944,45.56590595915478,379.66111755371094,87
Milano,3375,9.196262066048632,45.45406304261234,856.6171035766602,87
Milano,3375,9.20116347169952,45.51359219511095,601.7568130493164,87
Milano,3375,9.220468443857289,45.456802013046534,421.42256927490234,87
Milano,3375,9.171005710731118,45.42510659800614,546.0283126831055,87
Milano,3375,9.23349080418715,45.60344250714482,292.8878059387207,87
Milano,3375,9.111116708930181,45.416537203363504,212.19365692138672,87
Milano,3375,9.234003962689947,45.589280151148664,327.0117416381836,87
Milano,3375,9.134985768711514,45.49769801283976,521.4335517883301,87
Milano,3375,9.226215330415009,45.55860794767923,344.6580123901367,87
Milano,3375,9.2407859752895,45.546264759314916,677.3368644714355,87
Milano,3375,9.156704721823509,45.48363762040628,781.0342636108398,87
Milano,3375,9.230977943761756,45.5228575997249,523.0400695800781,87
Milano,3375,9.245034393253215,45.510731855430805,722.119026184082,87
Milano,3375,9.232352469890309,45.46201724676136,462.9846725463867,87
Milano,3375,9.13919291486157,45.43857070736705,199.89734268188477,87
Milano,3375,9.216107865257642,45.591128537537315,120.3463020324707,87
Milano,3375,9.195979573260916,45.4791735589611,431.6399269104004,87
Milano,3375,9.239244018919823,45.60765175413276,488.738468170166,87
Milano,3375,9.24335041357133,45.455286253366445,554.5173225402832,87
Milano,3375,9.109999243559997,45.50583348730999,32.362144470214844,87
Milano,3375,9.131910496698499,45.568960424433776,145.66223526000977,87
Milano,3375,9.1180063321679,45.49149814377733,539.844841003418,87
Milano,3375,9.221282699338836,45.43749652009435,706.2083587646484,87
Milano,3375,9.121262231292977,45.50875997904315,177.83708572387695,87
Milano,3375,9.092652332894524,45.45510662209759,569.7277755737305,87
Milano,3375,9.145472227278109,45.4656970813292,836.8697509765625,87
Milano,3375,9.158567160875183,45.52338880466014,602.217155456543,87
Milano,3375,9.119146295630868,45.54192657341935,353.7442207336426,87
Milano,3375,9.191638902910007,45.485200038424736,814.8989410400391,87
Milano,3375,9.133922298127251,45.44748288056127,630.2777709960938,87
Milano,3375,9.12540265934392,45.59390873666928,436.60774993896484,87
Milano,3375,9.085195331786394,45.50996275798681,327.151123046875,87
Milano,3375,9.145659000866923,45.43713112691303,553.0845527648926,87
Milano,3375,9.137598166929887,45.532020981763054,452.7396354675293,87
Milano,3375,9.22937936132678,45.42748828154874,146.48627090454102,87
Milano,3375,9.249059179435152,45.4786323137608,450.33337783813477,87
Milano,3375,9.139846884206307,45.58953172681729,499.7592544555664,87
Milano,3375,9.16408432529881,45.48053330487055,1095.9180603027344,87
Milano,3375,9.18072569232917,45.44028790078285,861.9644546508789,87
Milano,3375,9.203217964715083,45.46275043599347,1092.5912246704102,87
Milano,3375,9.180823480671318,45.49094347299117,779.5256652832031,87
Milano,3375,9.212607511925848,45.47513124353138,854.0856781005859,87
Milano,3375,9.147073896965958,45.57289723749348,203.0792007446289,87
Milano,3375,9.11224311795423,45.460049544390216,259.47679138183594,87
Milano,3375,9.251821456936781,45.582558288260124,263.76037979125977,87
Milano,3375,9.205063333722498,45.59239119345492,332.745792388916,87
Milano,3375,9.238475611993369,45.593314756114,376.6169624328613,87
Milano,3375,9.162217186305003,45.51935333308723,643.8015975952148,87
Milano,3375,9.222002223638372,45.4234604694032,246.865234375,87
Milano,3375,9.104989484016619,45.4251767079583,473.5208053588867,87
Milano,3375,9.130956627716266,45.52005422661828,416.4662094116211,87
Milano,3375,9.256789760540567,45.42812552310551,333.34521102905273,87
Milano,3375,9.186126847636588,45.43745955336668,652.4680023193359,87
Milano,3375,9.13863479882133,45.49555439975045,605.2063865661621,87
Milano,3375,9.132936937642693,45.52917522524163,422.88563537597656,87
Milano,3375,9.157240300688194,45.49876960103703,505.8802261352539,87
Milano,3375,9.19744511212973,45.437253344055556,584.8498458862305,87
Milano,3375,9.167386670311489,45.48988111566983,823.369270324707,87
Milano,3375,9.208613731028443,45.493248882346165,600.6421432495117,87
Milano,3375,9.151073101996097,45.46833971562391,734.0771484375,87
Milano,3375,9.156677563327403,45.503477074393125,586.9162902832031,87
Milano,3375,9.196235719206634,45.54272900056692,468.5850639343262,87
Milano,3375,9.128630041568751,45.479700746618505,478.3983612060547,87
Milano,3375,9.122611240888297,45.599269597577326,411.63142013549805,87
Milano,3375,9.19426908580762,45.58843439144152,441.81396102905273,87
Milano,3375,9.150255172946567,45.456683716352735,695.4395599365234,87
Milano,3375,9.160712109653781,45.435320492087776,770.3186950683594,87
Milano,3375,9.178370691826197,45.455780697012855,770.4292297363281,87
Milano,3375,9.140128619180947,45.55443322653757,597.3593711853027,87
Milano,3375,9.118020891454934,45.57007726513715,597.2086296081543,87
Milano,3375,9.123871081442402,45.426848981419404,393.0000991821289,87
Milano,3375,9.164654005305923,45.47724065753093,839.4063377380371,87
Milano,3375,9.21283453524887,45.487546816918496,735.5172805786133,87
Milano,3375,9.189104883074078,45.49539868260224,542.1105651855469,87
Milano,3375,9.186714017530203,45.43482424192495,706.9253692626953,87
Milano,3375,9.192912275128899,45.57139010831097,204.4916877746582,87
Milano,3375,9.22333742034478,45.59088236610957,423.79095458984375,87
Milano,3375,9.157244632355889,45.52068763466806,606.1370124816895,87
Milano,3375,9.105651882658744,45.4757642861911,227.5362319946289,87
Milano,3375,9.124251694230091,45.423872173458115,429.1183433532715,87
Milano,3375,9.175813479812508,45.54804853215805,428.4382553100586,87
Milano,3375,9.174165865464591,45.46272015599818,689.9906311035156,87
Milano,3375,9.18098316606795,45.43655618223823,680.757453918457,87
Milano,3375,9.140730749668144,45.47454052718028,757.7201614379883,87
Milano,3375,9.124325184878192,45.4663889857771,416.0718650817871,87
Milano,3375,9.07789794845347,45.575427083392626,262.98298263549805,87
Milano,3375,9.189413678926078,45.48950208124992,772.9751205444336,87
Milano,3375,9.078406380202392,45.45319135922114,416.0219192504883,87
Milano,3375,9.214352449540337,45.50642601254465,312.4732666015625,87
Milano,3375,9.108206793470977,45.43135139721177,541.5271759033203,87
Milano,3375,9.11466717708031,45.44227140062613,311.26490020751953,87
Milano,3375,9.135991101241974,45.45859147119628,725.4379272460938,87
Milano,3375,9.139983934549447,45.459420461960086,564.5878677368164,87
Milano,3375,9.149055199053139,45.44531545137769,499.10708236694336,87
Milano,3375,9.083612934412605,45.54598742821847,251.25593948364258,87
Milano,3375,9.184615260800108,45.43260734696148,663.2860870361328,87
Milano,3375,9.133800446278613,45.505960887001415,385.28612899780273,87
Milano,3375,9.146381286249582,45.49313778179227,764.415641784668,87
Milano,3375,9.219637206140742,45.54949684903138,297.5635757446289,87
Milano,3375,9.089493504991188,45.476806709311006,378.6670265197754,87
Milano,3375,9.22920566594318,45.49788728080832,440.42830657958984,87
Milano,3375,9.137809032595143,45.44529019878781,104.27191162109375,87
Milano,3375,9.16618552035522,45.456619232525,833.0041885375977,87
Milano,3375,9.11930654752628,45.528644493922535,469.0709457397461,87
Milano,3375,9.146247190882681,45.47444065765098,617.5205307006836,87
Milano,3375,9.211381483773442,45.508113843821896,211.84156036376953,87
Milano,3375,9.129747557424704,45.511457923994804,741.044303894043,87
Milano,3375,9.17583626165319,45.44916847191085,735.8609924316406,87
Milano,3375,9.216563113770713,45.477597715214536,768.6858062744141,87
Milano,3375,9.247807463563584,45.47085340470206,341.48213958740234,87
Milano,3375,9.222283707998226,45.51928211919997,626.5223350524902,87
Milano,3375,9.218742575360372,45.49156915342582,706.5033798217773,87
Milano,3375,9.192928483940378,45.594170260149895,271.9856834411621,87
Milano,3375,9.176177387694297,45.424590035358854,221.50437545776367,87
Milano,3375,9.115767896854775,45.47653055246854,515.8799324035645,87
Milano,3375,9.168157367973594,45.4953425448307,604.8714561462402,87
Milano,3375,9.204169061208933,45.608333486899994,100.71400833129883,87
Milano,3375,9.229333925718013,45.536687028607005,483.76440811157227,87
Milano,3375,9.221692689116434,45.442646426146304,531.2218627929688,87
Milano,3375,9.13826621340658,45.50290586734821,372.9538764953613,87
Milano,3375,9.25813672598783,45.59453834592868,372.70800399780273,87
Milano,3375,9.242488598673885,45.484168018937204,851.8494720458984,87
Milano,3375,9.142007107529652,45.514347728466376,464.2054748535156,87
Milano,3375,9.084684468857736,45.46675584602362,313.9209785461426,87
Milano,3375,9.179987688726968,45.4782327076678,853.8236770629883,87
Milano,3375,9.185841271406677,45.505434470133444,358.4695472717285,87
Milano,3375,9.102054358555101,45.44280285147959,511.0186576843262,87
Milano,3375,9.094530947152084,45.44850850437488,735.9756698608398,87
Milano,3375,9.234508011841177,45.531595444197315,1016.6527862548828,87
Milano,3375,9.194375250931575,45.51978699048107,621.3890380859375,87
Milano,3375,9.221259222371089,45.514919588440385,296.39119720458984,87
Milano,3375,9.14734141930924,45.605624477146954,441.88039779663086,87
Milano,3375,9.139800968543708,45.50906532392368,638.7207489013672,87
Milano,3375,9.236020326925658,45.54582751931767,517.8974151611328,87
Milano,3375,9.17357509914077,45.510037512120356,503.9740447998047,87
Milano,3375,9.241031637361356,45.43010955652889,266.1531448364258,87
Milano,3375,9.158888527345146,45.59887341179531,437.35183334350586,87
Milano,3375,9.142569927172888,45.4890531955992,616.6297798156738,87
Milano,3375,9.190034833449657,45.44019948162966,499.1688804626465,87
Milano,3375,9.202305631570281,45.47537878679199,669.4100608825684,87
Milano,3375,9.150424817705417,45.432417954002,435.3875274658203,87
Milano,3375,9.146224458240955,45.59867532341217,237.78702545166016,87
Milano,3375,9.113959949038701,45.472475734951374,596.8394775390625,87
Milano,3375,9.189812761663712,45.450078790883516,605.4758911132812,87
Milano,3375,9.21740949104451,45.47488554949916,865.5562286376953,87
Milano,3375,9.235678278101009,45.482527120910376,575.7706146240234,87
Milano,3375,9.192649518425084,45.49174920857379,838.7750205993652,87
Milano,3375,9.079047792708613,45.589066570362924,269.70795822143555,87
Milano,3375,9.248420479519156,45.572519369777176,444.8486022949219,87
Milano,3375,9.188046420857559,45.51749471729973,482.8401756286621,87
Milano,3375,9.216655077924958,45.46562649021856,920.9155883789062,87
Milano,3375,9.117720118315319,45.45402854109936,495.27927017211914,87
Milano,3375,9.141098997303464,45.44385307028403,641.7742767333984,87
Milano,3375,9.214085564252633,45.438892464565846,727.560676574707,87
Milano,3375,9.243513980662216,45.573225123692815,418.8611030578613,87
Milano,3375,9.101403087282343,45.496406728232984,124.58224105834961,87
Milano,3375,9.22706193896654,45.47101450903222,989.3157272338867,87
Milano,3375,9.196470554567966,45.47496527677408,304.6085548400879,87
Milano,3375,9.11136940713064,45.527124707065234,514.372974395752,87
Milano,3375,9.233179673919073,45.53582446365576,499.25975799560547,87
Milano,3375,9.250393123271607,45.50756472622267,367.0574760437012,87
Milano,3375,9.175560610714466,45.434441701122566,556.3225784301758,87
Milano,3375,9.1205317238088,45.444387879022536,293.2497787475586,87
Milano,3375,9.169628007954307,45.439900702776384,597.1889381408691,87
Milano,3375,9.207392689401997,45.47656759772597,809.7493057250977,87
Milano,3375,9.14292900544414,45.499885682118666,760.7853240966797,87
Milano,3375,9.1116039427162,45.54173138351277,346.4569892883301,87
Milano,3375,9.14239087266546,45.47882686908222,472.9003791809082,87
Milano,3375,9.130267120519138,45.45402622740346,898.5449371337891,87
Milano,3375,9.133002530858692,45.53901958234456,431.5744819641113,87
Milano,3375,9.232722967046364,45.601683606210685,221.25903701782227,87
Milano,3375,9.201140340173849,45.45601552782313,927.4918670654297,87
Milano,3375,9.251039656993399,45.514425776879,537.6188926696777,87
Milano,3375,9.238818801005673,45.569482685072735,237.35009384155273,87
Milano,3375,9.225167996897085,45.53570472341289,618.0103759765625,87
Milano,3375,9.145229819067202,45.47917577475285,770.9386787414551,87
Milano,3375,9.227544289502072,45.43898046563097,944.3733863830566,87
Milano,3375,9.211290375146506,45.55849850491506,505.23974609375,87
Milano,3375,9.205264659660973,45.557495418327036,523.6091842651367,87
Milano,3375,9.228111997443094,45.578886479286325,316.8761100769043,87
Milano,3375,9.199689078379889,45.48187246252392,804.6547470092773,87
Milano,3375,9.090647550342107,45.460254382337816,781.3129806518555,87
Milano,3375,9.235186402031726,45.48498342273589,576.5414123535156,87
Milano,3375,9.175646283134144,45.49562210696129,397.6130905151367,87
Milano,3375,9.156876156682351,45.58197940527371,222.89087677001953,87
Milano,3375,9.131661578516614,45.45163421741748,898.3312835693359,87
Milano,3375,9.240385455504112,45.50251442789175,613.6101951599121,87
Milano,3375,9.225206467721916,45.55703319226803,603.2396240234375,87
Milano,3375,9.228383595417469,45.51695333922425,476.6494445800781,87
Milano,3375,9.091665910299996,45.432093122150235,68.75621795654297,87
Milano,3375,9.113728870614398,45.50538020487143,153.24813079833984,87
Milano,3375,9.155962505827361,45.60181222891952,487.44487380981445,87
Milano,3375,9.239835074316659,45.538573326596044,741.1245231628418,87
Milano,3375,9.176715145345517,45.433218721930096,689.7563247680664,87
Milano,3375,9.242828117665562,45.49057131737532,372.9228096008301,87
Milano,3375,9.09577430539251,45.5011045275104,317.5934257507324,87
Milano,3375,9.082113013346751,45.46505319242657,250.0198631286621,87
Milano,3375,9.201278664767262,45.498066454924604,932.6452560424805,87
Milano,3375,9.120785782640606,45.460422717361645,318.88035583496094,87
Milano,3375,9.189105144517132,45.46609103437442,532.0311584472656,87
Milano,3375,9.127651801526888,45.44268900608962,522.0509910583496,87
Milano,3375,9.128821261093735,45.4767011152671,761.5040092468262,87
Milano,3375,9.1599531439151,45.44716975548477,814.6091690063477,87
Milano,3375,9.224325357199655,45.58698955583007,305.06530380249023,87
Milano,3375,9.158072263155589,45.49251077915177,598.3668518066406,87
Milano,3375,9.127363924858573,45.45928142933635,577.1513671875,87
Milano,3375,9.17300536657826,45.46063562503559,928.5039672851562,87
Milano,3375,9.204905112047657,45.45991415248372,701.1809158325195,87
Milano,3375,9.201938737400981,45.431634746891476,815.1587791442871,87
Milano,3375,9.079648115717665,45.59749415702492,170.85421752929688,87
Milano,3375,9.120697839605421,45.54821335163577,319.8743133544922,87
Milano,3375,9.17103582746879,45.48604724072865,672.9935913085938,87
Milano,3375,9.253017626565393,45.5080170479832,390.6689567565918,87
Milano,3375,9.180410950067143,45.54753761460372,384.4799346923828,87
Milano,3375,9.150536485543235,45.51460023398582,561.051155090332,87
Milano,3375,9.22167247095041,45.47085160943615,955.1369705200195,87
Milano,3375,9.197009407873484,45.533153441724124,551.7331771850586,87
Milano,3375,9.213174881764365,45.457119313938215,794.6217346191406,87
Milano,3375,9.193299843771909,45.53644385453878,687.8639144897461,87
Milano,3375,9.155961972691392,45.45984559663652,724.1353073120117,87
Milano,3375,9.132678108060174,45.48512350519636,428.72761154174805,87
Milano,3375,9.088163759663406,45.4591367097695,883.2201690673828,87
Milano,3375,9.133332576799997,45.60416682024999,32.48143768310547,87
Milano,3375,9.241835551850635,45.44562545728,414.9620590209961,87
Milano,3375,9.159242542899971,45.45373984731158,884.2292709350586,87
Milano,3375,9.17628703649671,45.46168355426068,917.2612457275391,87
Milano,3375,9.097907704467678,45.453367347195446,256.445743560791,87
Milano,3375,9.120524233057255,45.435757252381585,527.9135093688965,87
Milano,3375,9.138763163623702,45.493590356419155,739.5450668334961,87
Milano,3375,9.224227673852202,45.45559993674004,631.1017265319824,87
Milano,3375,9.215189634337204,45.55953144042357,521.5300407409668,87
Milano,3375,9.233641279572245,45.565596807813485,581.9083633422852,87
Milano,3375,9.077215535951183,45.57402193557767,264.08262634277344,87
Milano,3375,9.241133862602872,45.53418708501997,681.7875442504883,87
Milano,3375,9.17477419269609,45.47420315096582,257.3752632141113,87
Milano,3375,9.092826802952999,45.436023103784386,192.6387176513672,87
Milano,3375,9.22826683650881,45.51309591931573,520.3176612854004,87
Milano,3375,9.10576349970999,45.54306623141672,494.997371673584,87
Milano,3375,9.120749176592817,45.45327616243007,565.6185646057129,87
Milano,3375,9.189470779074156,45.474770275549396,1052.581527709961,87
Milano,3375,9.104078713676348,45.54107042867869,379.3516960144043,87
Milano,3375,9.129898837994517,45.44677495134272,807.5165863037109,87
Milano,3375,9.129803718860497,45.53276822748212,438.8158531188965,87
Milano,3375,9.237710817851793,45.53150243754215,825.5492782592773,87
Milano,3375,9.163103410890857,45.59752809153691,300.1731147766113,87
Milano,3375,9.20249948317034,45.55393925354744,608.7324905395508,87
Milano,3375,9.155555779019908,45.446486046216755,707.1800155639648,87
Milano,3375,9.140685446552444,45.5870239799905,456.2969093322754,87
Milano,3375,9.198795427285992,45.53080555250899,166.4471664428711,87
Milano,3375,9.085469742687176,45.45791732577677,749.410026550293,87
Milano,3375,9.17509384539451,45.46884896812363,440.5217475891113,87
Milano,3375,9.148681743712423,45.491039565559475,473.3476867675781,87
Milano,3375,9.130734689703536,45.44927099186751,827.890869140625,87
Milano,3375,9.186312764308543,45.511683103409695,485.8524703979492,87
Milano,3375,9.16036191834085,45.46911623976604,972.531078338623,87
Milano,3375,9.129177938568265,45.469999393169026,774.0841903686523,87
Milano,3375,9.240910469141859,45.44036535752024,261.89449310302734,87
Milano,3375,9.240048541823285,45.45679933311518,503.33496475219727,87
Milano,3375,9.20003136123143,45.485190503029806,336.1925811767578,87
Milano,3375,9.081274572406281,45.57772949848835,271.01395416259766,87
Milano,3375,9.157554020528908,45.568436031566755,403.5026321411133,87
Milano,3375,9.144726034684725,45.54694342619101,101.61649703979492,87
Milano,3375,9.25570714088939,45.58096086864292,326.9187774658203,87
Milano,3375,9.154901312048748,45.512645676873824,396.66647720336914,87
Milano,3375,9.251030150458288,45.580662982009024,313.0742073059082,87
Milano,3375,9.204259064384186,45.52628715819984,219.50917053222656,87
Milano,3375,9.12483820845597,45.49612393560679,327.6417427062988,87
Milano,3375,9.077672916822408,45.54966615307484,206.58391952514648,87
Milano,3375,9.142668006390732,45.45158748211751,705.0805206298828,87
Milano,3375,9.234104470962855,45.54109364904844,752.863883972168,87
Milano,3375,9.220867750279037,45.47579932530215,919.4489212036133,87
Milano,3375,9.174553799180218,45.55825149107116,390.3574905395508,87
Milano,3375,9.244895401942294,45.54811038908074,412.65951919555664,87
Milano,3375,9.133973217423932,45.45301881247384,1066.5862045288086,87
Milano,3375,9.152076777781955,45.5977101872097,148.75261688232422,87
Milano,3375,9.132502250107398,45.57953085876018,441.7532196044922,87
Milano,3375,9.16675271541945,45.471076039687034,804.9405899047852,87
Milano,3375,9.090197043085041,45.45046902536956,602.5324783325195,87
Milano,3375,9.185689342272369,45.445626760038195,715.197021484375,87
Milano,3375,9.160103131510066,45.493875040938036,724.7275390625,87
Milano,3375,9.196226025961428,45.44127111408048,319.49143981933594,87
Milano,3375,9.171464924919952,45.4275281105637,574.7159614562988,87
Milano,3375,9.111084167043293,45.435924350116956,429.6815490722656,87
Milano,3375,9.15964146571208,45.51515006545744,464.8750801086426,87
Milano,3375,9.1490680296059,45.471079176874674,702.0851135253906,87
Milano,3375,9.205075148433703,45.50702057285103,408.2278633117676,87
Milano,3375,9.159583821622306,45.56165152085894,249.58871459960938,87
Milano,3375,9.149232815987828,45.47364640778206,1114.309066772461,87
Milano,3375,9.222813279935016,45.48936770890467,733.9866409301758,87
Milano,3375,9.159922764313912,45.56823331755834,385.04943466186523,87
Milano,3375,9.232260349635649,45.50573981512415,686.0867004394531,87
Milano,3375,9.104865456402226,45.49181625211947,375.79169845581055,87
Milano,3375,9.100406803664733,45.518320343821635,170.4937400817871,87
Milano,3375,9.238207884078339,45.59505018645569,306.9120292663574,87
Milano,3375,9.143427053989168,45.58167264573923,423.7789077758789,87
Milano,3375,9.199222217866142,45.46588332655852,682.1215209960938,87
Milano,3375,9.125729183547076,45.47572763994511,720.9039421081543,87
Milano,3375,9.247092245832127,45.44423307154891,385.82462310791016,87
Milano,3375,9.162163044687514,45.549452175349245,272.4677734375,87
Milano,3375,9.14975454842648,45.57947463409155,289.9942169189453,87
Milano,3375,9.220219460878281,45.473119784014365,1235.8220825195312,87
Milano,3375,9.154989296205896,45.51511147241069,392.89696884155273,87
Milano,3375,9.135836507413707,45.44229777908654,458.69550704956055,87
Milano,3375,9.120390634332011,45.47757571342429,711.2907562255859,87
Milano,3375,9.22797170291331,45.45144057022162,233.14065551757812,87
Milano,3375,9.155871257062756,45.450280843238446,586.8971939086914,87
Milano,3375,9.179604707332865,45.50473306407034,785.2170867919922,87
Milano,3375,9.124090022009536,45.45194478621111,818.851432800293,87
Milano,3375,9.17359019169713,45.50492859079757,539.6117324829102,87
Milano,3375,9.171750122723243,45.43240973307553,505.40245819091797,87
Milano,3375,9.193319972406414,45.54121775183907,436.1571731567383,87
Milano,3375,9.15420641375247,45.43347267483849,496.14903259277344,87
Milano,3375,9.211004046188165,45.51728510305994,520.575611114502,87
Milano,3375,9.245872688472897,45.435063075980636,706.6863822937012,87
Milano,3375,9.195498849285299,45.54014334883422,397.99383544921875,87
Milano,3375,9.11631997523986,45.460606453174144,288.9734077453613,87
Milano,3375,9.133188539072659,45.520325081432325,479.5143127441406,87
Milano,3375,9.09947379443284,45.42844429582884,300.7577018737793,87
Milano,3375,9.204783332388457,45.465550481737615,944.973747253418,87
Milano,3375,9.111323687822004,45.421912840380315,260.81066131591797,87
Milano,3375,9.225100229069138,45.57592491233926,289.5614891052246,87
Milano,3375,9.235065974937426,45.470984361923726,651.2006530761719,87
Milano,3375,9.173688096333322,45.50751555916158,465.6712188720703,87
Milano,3375,9.11054154618692,45.41432389356501,222.2869758605957,87
Milano,3375,9.221396170489129,45.478263026465854,1075.8062133789062,87
Milano,3375,9.145001592175706,45.458560725012994,588.5325241088867,87
Milano,3375,9.238222509272193,45.54694197291963,816.3017654418945,87
Milano,3375,9.077592092930155,45.5967687396461,293.2796936035156,87
Milano,3375,9.142254548549625,45.449334924054696,952.1960525512695,87
Milano,3375,9.155185573524662,45.5471857148998,228.02415466308594,87
Milano,3375,9.21231939114691,45.46722783452472,619.5279312133789,87
Milano,3375,9.184868669363494,45.55511973840443,521.9535942077637,87
Milano,3375,9.229856856342652,45.54652726649178,522.8481101989746,87
Milano,3375,9.167261948177327,45.43675113867354,179.4137420654297,87
Milano,3375,9.207277937860544,45.46515775461269,742.6130676269531,87
Milano,3375,9.169766025948404,45.455794559915645,941.254768371582,87
Milano,3375,9.078281869318861,45.553473535739556,183.75779342651367,87
Milano,3375,9.214006501647773,45.52910825785048,196.2026596069336,87
Milano,3375,9.162570112695583,45.53833348717999,131.10619735717773,87
Milano,3375,9.151638538974392,45.4492172035187,583.5142669677734,87
Milano,3375,9.131424783201282,45.49749023366824,494.4848861694336,87
Milano,3375,9.218723553653883,45.5096187309023,295.97620010375977,87
Milano,3375,9.100386381414072,45.542062811049746,178.18180084228516,87
Milano,3375,9.123617988288142,45.45646384458783,478.94400787353516,87
Milano,3375,9.156544111013513,45.4342934476553,612.2570686340332,87
Milano,3375,9.206792858459833,45.45222377697756,584.6573638916016,87
Milano,3375,9.202464237449576,45.48768945876975,573.3257179260254,87
Milano,3375,9.157889367440918,45.464583685463346,835.6380233764648,87
Milano,3375,9.13971364876403,45.46580196557652,709.2387466430664,87
Milano,3375,9.140917311354512,45.48426366504866,621.675422668457,87
Milano,3375,9.127400268034421,45.5419832405407,329.22779846191406,87
Milano,3375,9.225776523988824,45.519717864769994,653.6385650634766,87
Milano,3375,9.090042407161235,45.43759479275017,406.0544013977051,87
Milano,3375,9.250975145306061,45.569470680217584,216.86632919311523,87
Milano,3375,9.108371899275978,45.476182116392586,293.12168884277344,87
Milano,3375,9.166571283714532,45.48274490427436,1047.580581665039,87
Milano,3375,9.112090423957792,45.498459559167905,394.8029594421387,87
Milano,3375,9.245939440132215,45.50021194544136,287.84586334228516,87
Milano,3375,9.150899639309543,45.45277884959258,800.9095153808594,87
Milano,3375,9.173101555041793,45.45417301837132,813.9634170532227,87
Milano,3375,9.191815147886453,45.478401378061555,515.8624572753906,87
Milano,3375,9.119348497739088,45.597403758126774,339.47472763061523,87
Milano,3375,9.246765741613165,45.53205197397298,622.8035316467285,87
Milano,3375,9.154053314587637,45.572147812171984,268.34345626831055,87
Milano,3375,9.192746739357348,45.49516738579976,812.0541687011719,87
Milano,3375,9.170906262643777,45.475981329182844,722.9079513549805,87
Milano,3375,9.166156843420124,45.45366877184007,848.4426040649414,87
Milano,3375,9.137386606751768,45.51079026320286,628.3316345214844,87
Milano,3375,9.22296367109459,45.53562463358905,341.6257133483887,87
Milano,3375,9.162398598599701,45.56780354932029,391.0679244995117,87
Milano,3375,9.242172978086545,45.461115839232654,303.7368469238281,87
Milano,3375,9.07706520804319,45.589185646087614,232.5558853149414,87
Milano,3375,9.083142924662377,45.54451288062794,208.60365676879883,87
Milano,3375,9.183851996942359,45.5669416443907,389.51231384277344,87
Milano,3375,9.154529406553666,45.49601349977795,687.8030014038086,87
Milano,3375,9.117937043211004,45.50869482975867,161.85577774047852,87
Milano,3375,9.23835759720682,45.576916456662296,275.63719940185547,87
Milano,3375,9.256246703875153,45.556354649869796,325.4534454345703,87
Milano,3375,9.153217259269764,45.490561399899526,737.7429351806641,87
Milano,3375,9.198329828917807,45.47979318570088,562.9141311645508,87
Milano,3375,9.217904552947536,45.56293985299041,280.5122413635254,87
Milano,3375,9.100465626402874,45.50297001914203,248.31021118164062,87
Milano,3375,9.21709434920047,45.443628112216096,540.1478424072266,87
Milano,3375,9.257708002167444,45.58453807313335,212.2411651611328,87
Milano,3375,9.13487632673436,45.53061332720314,427.025203704834,87
Milano,3375,9.114009005089514,45.437741925025726,444.02376556396484,87
Milano,3375,9.208084702014846,45.55498910575922,549.4976806640625,87
Milano,3375,9.104560786051305,45.419156372567386,307.96252059936523,87
Milano,3375,9.089989907950917,45.46836290014541,474.01759338378906,87
Milano,3375,9.195256380986232,45.59070191366079,456.97502517700195,87
Milano,3375,9.100761139440426,45.45906511629551,556.4283981323242,87
Milano,3375,9.196673323256404,45.53064166591739,580.0827522277832,87
Milano,3375,9.139070837715835,45.557274868443194,658.7645454406738,87
Milano,3375,9.138767634599663,45.608333486899994,78.47933959960938,87
Milano,3375,9.20558828431233,45.49248226561165,726.8707046508789,87
Milano,3375,9.133379853216423,45.465823680238366,813.8275909423828,87
Milano,3375,9.204626613798398,45.550946008555556,793.0099792480469,87
Milano,3375,9.220593743977842,45.48321454227046,888.2415084838867,87
Milano,3375,9.10929150229558,45.42591254953596,585.2004661560059,87
Milano,3375,9.109185691782894,45.472879246178046,467.4006462097168,87
Milano,3375,9.226318167378338,45.463203735517865,382.4604911804199,87
Milano,3375,9.13940275612808,45.58021594110297,312.2845649719238,87
Milano,3375,9.197368159537735,45.504703500665364,899.3404159545898,87
Milano,3375,9.16911251333478,45.54514686958057,331.2098083496094,87
Milano,3375,9.228123918191665,45.445013183564186,542.6116371154785,87
Milano,3375,9.203632749340919,45.517479142710236,661.7490653991699,87
Milano,3375,9.12663123537818,45.4907205770514,551.4878616333008,87
Milano,3375,9.158441608232032,45.44452586080938,923.2778511047363,87
Milano,3375,9.169752473069416,45.48993675560541,674.3624649047852,87
Milano,3375,9.229917484652331,45.47721864615808,673.0012855529785,87
Milano,3375,9.133143622676638,45.59301687623579,640.0403289794922,87
Milano,3375,9.216320883945425,45.54566992370519,236.02868270874023,87
Milano,3375,9.10893559223847,45.49500730383011,473.3222427368164,87
Milano,3375,9.18262288420739,45.54987499508883,506.5008354187012,87
Milano,3375,9.245409139494196,45.5216102446027,650.4366188049316,87
Milano,3375,9.094446839307729,45.44406380684031,705.0973968505859,87
Milano,3375,9.166151298187748,45.46576444893511,852.7620620727539,87
Milano,3375,9.178263205887598,45.522393721666205,256.57261657714844,87
Milano,3375,9.134506824491494,45.476492241961346,454.48729705810547,87
Milano,3375,9.16421721036058,45.45121126217976,904.6240501403809,87
Milano,3375,9.174745627953216,45.42854342035606,793.6619834899902,87
Milano,3375,9.163774861479336,45.50092610022911,899.7083358764648,87
Milano,3375,9.204910086649024,45.475976588931665,801.8677825927734,87
Milano,3375,9.199172387166895,45.458709806929726,424.2402229309082,87
Milano,3375,9.258859006099703,45.4235079453849,264.6695442199707,87
Milano,3375,9.256619133952382,45.52399573897756,170.2284812927246,87
Milano,3375,9.207720887546172,45.44312955758356,478.4326858520508,87
Milano,3375,9.231425234681573,45.47222759012269,815.5990600585938,87
Milano,3375,9.242586500980078,45.50631621111305,443.23719787597656,87
Milano,3375,9.224064376754884,45.57733089945885,167.6766014099121,87
Milano,3375,9.173804262648389,45.51523586535151,651.8344650268555,87
Milano,3375,9.229300288903882,45.480192265923684,616.0385704040527,87
Milano,3375,9.21910033274008,45.45055140049402,796.5648422241211,87
Milano,3375,9.106894298838045,45.43655376591018,426.3700294494629,87
Milano,3375,9.177300908663272,45.54011891995514,354.0223846435547,87
Milano,3375,9.177485813707243,45.444049986337006,990.1293258666992,87
Milano,3375,9.172913943388147,45.51748872680839,563.8739318847656,87
Milano,3375,9.237852655576596,45.496016662281136,647.0668716430664,87
Milano,3375,9.181229072344303,45.494294709186185,616.4069480895996,87
Milano,3375,9.111859711050922,45.414160266774644,172.61700057983398,87
Milano,3375,9.104966113607471,45.5032049662709,685.3038864135742,87
Milano,3375,9.14111867592035,45.53259203816939,440.2008476257324,87
Milano,3375,9.22586830482587,45.591277201174286,606.1629981994629,87
Milano,3375,9.122279125909404,45.593716791429415,260.1824493408203,87
Milano,3375,9.232936821065627,45.477495418406654,540.2797355651855,87
Milano,3375,9.178123539246366,45.53771361410439,336.36954498291016,87
Milano,3375,9.170252926524709,45.53190435249841,412.7020568847656,87
Milano,3375,9.173524525394674,45.522597003964556,373.25534439086914,87
Milano,3375,9.169235033142021,45.52958629210336,531.7679748535156,87
Milano,3375,9.185666331428607,45.5189472861279,511.0431709289551,87
Milano,3375,9.2480289440845,45.52136315703796,573.9750213623047,87
Milano,3375,9.138197461770375,45.57275410784554,351.8209915161133,87
Milano,3375,9.082759835148382,45.432610731832014,266.2191925048828,87
Milano,3375,9.162076363185077,45.52665805670592,595.2482070922852,87
Milano,3375,9.21173616785628,45.45511475143365,852.8381996154785,87
Milano,3375,9.204138666103287,45.48038238087342,906.8230438232422,87
Milano,3375,9.187698066885831,45.533958033229595,572.0349731445312,87
Milano,3375,9.193862901958916,45.468666141547516,726.8360748291016,87
Milano,3375,9.08157575038992,45.45394461679167,373.0171432495117,87
Milano,3375,9.114501074342991,45.457646633104524,447.03137969970703,87
Milano,3375,9.212381881704944,45.470804861749436,700.658447265625,87
Milano,3375,9.179238562815657,45.47494887649886,596.3465461730957,87
Milano,3375,9.143980790747689,45.561957794756125,208.55718612670898,87
Milano,3375,9.199647095578781,45.5842650218201,452.859619140625,87
Milano,3375,9.14274286450474,45.45893648858945,523.9135856628418,87
Milano,3375,9.25021639313699,45.59261473425866,329.93127059936523,87
Milano,3375,9.244660952972582,45.60233745354159,365.1563148498535,87
Milano,3375,9.185007915065665,45.477981708656266,1105.077278137207,87
Milano,3375,9.234022837212914,45.48684633878128,765.130542755127,87
Milano,3375,9.184427483458942,45.463838637420196,881.4358139038086,87
Milano,3375,9.165450336236864,45.529352125942424,263.8693542480469,87
Milano,3375,9.086501520834162,45.5070262196241,213.31773376464844,87
Milano,3375,9.10455539775394,45.473977063438795,359.6750297546387,87
Milano,3375,9.250023657725466,45.45039696595268,264.7711944580078,87
Milano,3375,9.151169018429101,45.47753825814979,342.0684700012207,87
Milano,3375,9.181900122968898,45.44628110285781,670.100471496582,87
Milano,3375,9.207365449487751,45.50663451918429,583.8135948181152,87
Milano,3375,9.127426018431242,45.47173268679104,676.4119186401367,87
Milano,3375,9.218626721302616,45.47647417325531,825.3243179321289,87
Milano,3375,9.133300135376023,45.45832498323021,785.3516006469727,87
Milano,3375,9.137031131281244,45.49721552075881,525.3405647277832,87
Milano,3375,9.146542061932998,45.53231870885025,315.06744384765625,87
Milano,3375,9.13708320249593,45.45083423196622,647.187614440918,87
Milano,3375,9.174174782886421,45.44810513202849,695.8194274902344,87
Milano,3375,9.095823547404905,45.43976338596025,588.2710189819336,87
Milano,3375,9.155545055614859,45.46295350638584,625.3783493041992,87
Milano,3375,9.15329859202688,45.437458003582364,588.1687316894531,87
Milano,3375,9.076665910359997,45.52957838129078,67.01065444946289,87
Milano,3375,9.141393788797501,45.495726296131856,419.29602813720703,87
Milano,3375,9.126972275445688,45.45322351322517,874.6948471069336,87
Milano,3375,9.156245599284494,45.60627946027467,157.96953964233398,87
Milano,3375,9.184766598805755,45.447839509660696,940.6739540100098,87
Milano,3375,9.203339276199772,45.556175677099745,774.1709747314453,87
Milano,3375,9.078878592164907,45.5470748215926,255.76303482055664,87
Milano,3375,9.166103711037698,45.569374074906015,261.82695388793945,87
Milano,3375,9.200293072539006,45.50007500475851,952.3154602050781,87
Milano,3375,9.235201974610938,45.49488637906117,626.8336372375488,87
Milano,3375,9.22734891446095,45.54665632895647,567.055362701416,87
Milano,3375,9.166345629460334,45.479754096858855,729.2459869384766,87
Milano,3375,9.12523463532169,45.446716371915144,632.305835723877,87
Milano,3375,9.117487371662282,45.46866210846108,506.21803283691406,87
Milano,3375,9.181166253853469,45.551756023062964,430.35093688964844,87
Milano,3375,9.115718110278973,45.47979560430257,743.0441398620605,87
Milano,3375,9.187668855679075,45.45036720971647,320.6127166748047,87
Milano,3375,9.233273908981944,45.6076482710666,403.2354278564453,87
Milano,3375,9.1343735803776,45.58994196113091,622.2767143249512,87
Milano,3375,9.158101571221499,45.49698966122428,412.22564697265625,87
Milano,3375,9.153470947426728,45.468511959368385,538.8130111694336,87
Milano,3375,9.176797509893916,45.43840275521066,648.451416015625,87
Milano,3375,9.155732853709146,45.43719411126143,738.6315536499023,87
Milano,3375,9.146948089543566,45.49509809364884,804.3418045043945,87
Milano,3375,9.185599497623944,45.53832857789109,742.928596496582,87
Milano,3375,9.086896206528369,45.51213736016432,315.2735061645508,87
Milano,3375,9.19313659662465,45.47724864408573,587.2609100341797,87
Milano,3375,9.164085317497644,45.57157785278661,377.3291206359863,87
Milano,3375,9.147749864859295,45.51169875778819,557.7131385803223,87
Milano,3375,9.126110141375662,45.54590092665752,412.25955963134766,87
Milano,3375,9.20662584556856,45.4612468225709,740.6821899414062,87
Milano,3375,9.10914237381888,45.462324643799626,470.66614151000977,87
Milano,3375,9.211433856622575,45.48900518799253,546.266845703125,87
Milano,3375,9.172155086619606,45.54497543804982,367.10384368896484,87
Milano,3375,9.086242035073438,45.54708202172266,290.3475570678711,87
Milano,3375,9.150847096946064,45.44236199103707,585.7782859802246,87
Milano,3375,9.161611914986157,45.455280918854804,781.6504287719727,87
Milano,3375,9.214740866956136,45.435963544862226,394.71256256103516,87
Milano,3375,9.256212170107599,45.53514341784599,255.7625961303711,87
Milano,3375,9.214914971640995,45.44480850890666,650.248779296875,87
Milano,3375,9.081130939535448,45.509559147450986,269.8876419067383,87
Milano,3375,9.194892344715397,45.51371494223709,708.5558471679688,87
Milano,3375,9.225055998153907,45.52470913768177,599.1143646240234,87
Milano,3375,9.228612637584654,45.45748468528438,330.2673759460449,87
Milano,3375,9.152548761188527,45.54810340150314,330.4605293273926,87
Milano,3375,9.151606299227833,45.474301499739155,779.5320892333984,87
Milano,3375,9.165188904599695,45.56534532132863,191.2463150024414,87
Milano,3375,9.2582092329131,45.471493707370946,179.63579177856445,87
Milano,3375,9.24292274117328,45.57660539951488,566.2143096923828,87
Milano,3375,9.220138502453892,45.49371011219173,1142.5664596557617,87
Milano,3375,9.236993556582773,45.60353798015287,354.8569793701172,87
Milano,3375,9.18464895833467,45.43956709334819,796.7109375,87
Milano,3375,9.139465667100648,45.47697589645536,786.4103546142578,87
Milano,3375,9.220513822593391,45.551510850166316,356.26882553100586,87
Milano,3375,9.255498817662522,45.52831644622171,382.19579696655273,87
Milano,3375,9.186148732982037,45.48621715498762,340.3359069824219,87
Milano,3375,9.192470528153276,45.4754440163682,535.3180084228516,87
Milano,3375,9.208444590322877,45.42594258353417,248.6311492919922,87
Milano,3375,9.124854107048366,45.580909897037586,295.13340759277344,87
Milano,3375,9.10879503185102,45.42902629388192,841.9311294555664,87
Milano,3375,9.182869024867996,45.4919833665608,850.5852127075195,87
Milano,3375,9.124937983414938,45.538566444725355,299.0306053161621,87
Milano,3375,9.158705020237763,45.45064788370718,831.2866287231445,87
Milano,3375,9.197145351342732,45.51543608306567,757.6913528442383,87
Milano,3375,9.231270730816899,45.606260309655966,188.4314956665039,87
Milano,3375,9.218393574347694,45.50667425302644,337.01369857788086,87
Milano,3375,9.14328807754527,45.43914409524173,462.7466583251953,87
Milano,3375,9.122074160581057,45.49537615541993,291.095157623291,87
Milano,3375,9.15081710303948,45.44669990386501,349.94190979003906,87
Milano,3375,9.127331998490272,45.5763563184427,359.4112968444824,87
Milano,3375,9.197697374765077,45.47762804708913,423.7221984863281,87
Milano,3375,9.115477408682311,45.53202634144446,171.06929397583008,87
Milano,3375,9.109172753004046,45.41707155687136,147.07389450073242,87
Milano,3375,9.17391171057336,45.538667810880824,518.9696083068848,87
Milano,3375,9.192416607327651,45.481371084906066,631.5729331970215,87
Milano,3375,9.11116834635247,45.55113655319802,434.59278106689453,87
Milano,3375,9.188762963571493,45.452517315663655,632.5196304321289,87
Milano,3375,9.200876210118917,45.49244020825175,903.8079528808594,87
Milano,3375,9.111029662898426,45.47006091452268,490.06229400634766,87
Milano,3375,9.21987248575914,45.55348011357525,469.28258514404297,87
Milano,3375,9.140835982272943,45.45247381334102,717.6340484619141,87
Milano,3375,9.117699597797799,45.47490987546364,478.3510208129883,87
Milano,3375,9.16744476981652,45.54397373463647,470.92786026000977,87
Milano,3375,9.222524298365792,45.44977432744588,700.5631523132324,87
Milano,3375,9.080832577009998,45.426666820959994,33.03573226928711,87
Milano,3375,9.180516692773365,45.48089742410682,999.6605224609375,87
Milano,3375,9.222501657952819,45.45982661468364,469.0829658508301,87
Milano,3375,9.177381037052498,45.5464257856994,380.5807113647461,87
Milano,3375,9.200538245304713,45.58667605413474,340.69460678100586,87
Milano,3375,9.170949441657656,45.43016575531875,693.8053817749023,87
Milano,3375,9.20403214444271,45.560952748205985,367.81409072875977,87
Milano,3375,9.17151096533867,45.51287907325637,508.0386962890625,87
Milano,3375,9.122215935085503,45.520688047129944,196.28636932373047,87
Milano,3375,9.096770810183415,45.43787123517801,441.6904067993164,87
Milano,3375,9.135213403045363,45.56052012251876,209.36056518554688,87
Milano,3375,9.194463137227801,45.52942593264109,601.1237716674805,87
Milano,3375,9.141152862736739,45.46900467730406,788.6764450073242,87
Milano,3375,9.221258072833992,45.50232780692353,567.152214050293,87
Milano,3375,9.223837245525193,45.47805429020309,456.361572265625,87
Milano,3375,9.082624441264773,45.45996019929434,596.2770729064941,87
Milano,3375,9.127065477206791,45.49486198244871,555.913444519043,87
Milano,3375,9.210818812906915,45.590357161195854,344.56235122680664,87
Milano,3375,9.154297816405698,45.485821524439864,868.5336227416992,87
Milano,3375,9.137518357057166,45.4700187675707,851.0850830078125,87
Milano,3375,9.24900191897089,45.45284228522586,216.8573875427246,87
Milano,3375,9.103249308899585,45.45670669621583,550.9802703857422,87
Milano,3375,9.17015755173996,45.54349171899928,402.3213424682617,87
Milano,3375,9.131054624505811,45.577876931622505,374.6514663696289,87
Milano,3375,9.241665909699996,45.47081587100737,205.5998191833496,87
Milano,3375,9.204695394303,45.49824539440706,1136.1367721557617,87
Milano,3375,9.172131942951992,45.469767613733865,662.6546058654785,87
Milano,3375,9.161291594086645,45.50206943029352,734.2548713684082,87
Milano,3375,9.155037299585718,45.4819552809262,537.0825157165527,87
Milano,3375,9.200993407749566,45.43917884720681,409.490421295166,87
Milano,3375,9.150062412853018,45.45999217385016,683.549201965332,87
Milano,3375,9.210901927503924,45.50173669207331,794.2530479431152,87
Milano,3375,9.170390428222067,45.563895472194645,236.63284301757812,87
Milano,3375,9.11533204396852,45.43456555672337,531.4222526550293,87
Milano,3375,9.219286671638464,45.557223591618886,459.72386932373047,87
Milano,3375,9.23641354016877,45.6075059703157,630.9101066589355,87
Milano,3375,9.133018188900664,45.59990184553056,232.97676849365234,87
Milano,3375,9.163125143138073,45.52250186691857,591.9023551940918,87
Milano,3375,9.194194456432493,45.55480703800848,242.49290466308594,87
Milano,3375,9.161653940930426,45.58458005036604,208.72607803344727,87
Milano,3375,9.21296672703768,45.496637465967865,310.32150650024414,87
Milano,3375,9.250861000392792,45.54419369749528,382.6247367858887,87
Milano,3375,9.222166775306064,45.540791199803664,337.177303314209,87
Milano,3375,9.135849956779893,45.50239952975713,632.2608299255371,87
Milano,3375,9.120199688518301,45.57839413499044,343.98351669311523,87
Milano,3375,9.226036687182557,45.52254299126436,860.4051628112793,87
Milano,3375,9.220239259893459,45.45903786070968,405.2609672546387,87
Milano,3375,9.099577089467038,45.4536707253571,350.16894912719727,87
Milano,3375,9.190634703365816,45.51035822151409,742.8292503356934,87
Milano,3375,9.132889583853192,45.46883044516715,804.0429992675781,87
Milano,3375,9.258332217017166,45.53250015386999,102.51227951049805,87
Milano,3375,9.23271525931507,45.538348028778834,1040.3342208862305,87
Milano,3375,9.124734930909245,45.602778522829226,314.8766632080078,87
Milano,3375,9.134454033613057,45.47472234277377,299.4188461303711,87
Milano,3375,9.187212512531719,45.467681245449306,504.0416488647461,87
Milano,3375,9.15320921242539,45.4631894345701,637.690803527832,87
Milano,3375,9.162380000076999,45.446965854104754,910.9424438476562,87
Milano,3375,9.114323238760958,45.48998838202733,381.7412452697754,87
Milano,3375,9.18990112266041,45.54866520229892,631.4102439880371,87
Milano,3375,9.24146255228924,45.524079895328676,301.7486267089844,87
Milano,3375,9.130845594885628,45.4670564836813,851.6566886901855,87
Milano,3375,9.18743074731956,45.54507938175552,304.4016418457031,87
Milano,3375,9.124015310092993,45.470339983954794,386.6100387573242,87
Milano,3375,9.2305597588415,45.55359805177678,102.34264755249023,87
Milano,3375,9.220620223011677,45.448647763273016,661.3596801757812,87
Milano,3375,9.180831037921356,45.44917314116292,903.7546539306641,87
Milano,3375,9.089351460976443,45.455646071877645,580.776969909668,87
Milano,3375,9.171218269166307,45.50092081953524,606.7831192016602,87
Milano,3375,9.170951115420056,45.44876580170991,758.6819343566895,87
Milano,3375,9.153332496126914,45.607317746145455,347.8567237854004,87
Milano,3375,9.1138545146954,45.49828086209831,425.83852767944336,87
Milano,3375,9.152379504480189,45.456758702483,855.7340545654297,87
Milano,3375,9.155035269562953,45.50087497898708,502.2051239013672,87
Milano,3375,9.163332576679997,45.608333486899994,36.33518981933594,87
Milano,3375,9.211669097965267,45.461654511184705,879.2388763427734,87
Milano,3375,9.154528479373463,45.567702624120045,240.6293182373047,87
Milano,3375,9.119923995829387,45.438958535724566,360.0346984863281,87
Milano,3375,9.121077956055572,45.41873110840168,227.76464080810547,87
Milano,3375,9.189650653963232,45.51409336441388,715.3956413269043,87
Milano,3375,9.130639957290056,45.545666516998324,295.7923164367676,87
Milano,3375,9.241880055703323,45.500754306750366,611.1837692260742,87
Milano,3375,9.214043469983382,45.46824857424012,764.1015472412109,87
Milano,3375,9.21160158694792,45.43987493083538,557.9258613586426,87
Milano,3375,9.133368574571167,45.53257315031173,473.61374282836914,87
Milano,3375,9.235309171111714,45.552101102603025,564.7991638183594,87
Milano,3375,9.207048902608783,45.481723886240225,1106.0959701538086,87
Milano,3375,9.224317270343768,45.5525573322447,675.4668426513672,87
Milano,3375,9.125849825425501,45.4222236640736,263.3737678527832,87
Milano,3375,9.190693894253585,45.482511701743746,580.3769302368164,87
Milano,3375,9.161535601961035,45.47696447030356,1169.109172821045,87
Milano,3375,9.138613633687932,45.48672833122683,509.77831268310547,87
Milano,3375,9.155292766019336,45.59801248749179,368.0648956298828,87
Milano,3375,9.082589061379748,45.575724574180185,302.54236221313477,87
Milano,3375,9.195516506959406,45.534843427476694,498.03588104248047,87
Milano,3375,9.157142203032555,45.516311898896866,367.36827850341797,87
Milano,3375,9.252906241568667,45.44500015422,89.75552368164062,87
Milano,3375,9.089139634664367,45.4661975144708,377.3239326477051,87
Milano,3375,9.167507250873609,45.51697021075653,618.9676818847656,87
Milano,3375,9.239050182771042,45.47927358808278,432.2218551635742,87
Milano,3375,9.191880059153105,45.44266752686836,408.3551902770996,87
Milano,3375,9.210819590510624,45.47940204870323,712.5220108032227,87
Milano,3375,9.090790061534904,45.46451236025472,497.36195373535156,87
Milano,3375,9.105010926753483,45.52538474905956,250.99473190307617,87
Milano,3375,9.253860187554785,45.60596321525215,302.8275032043457,87
Milano,3375,9.2581576917348,45.417243253840475,186.15251541137695,87
Milano,3375,9.080362894941233,45.566081344535775,243.42836380004883,87
Milano,3375,9.20906044398972,45.516882202567416,272.20182037353516,87
Milano,3375,9.248119204172603,45.54468996083867,215.45973205566406,87
Milano,3375,9.145735695400765,45.45274734422079,583.553466796875,87
Milano,3375,9.157519544692427,45.46254557294331,874.3659210205078,87
Milano,3375,9.136355085196396,45.51973230996971,366.36151123046875,87
Milano,3375,9.106779618935661,45.460645725824946,535.3723640441895,87
Milano,3375,9.173412890989884,45.49589804727689,491.26326751708984,87
Milano,3375,9.151680750349568,45.52251053992263,208.00254821777344,87
Milano,3375,9.177742783006472,45.55450167468192,205.06579971313477,87
Milano,3375,9.096082670063616,45.453801154231925,232.6490707397461,87
Milano,3375,9.24914379958188,45.57025515035747,350.4435043334961,87
Milano,3375,9.237482138538288,45.52907789984271,749.4060859680176,87
Milano,3375,9.140104907103625,45.51755845433699,744.7108383178711,87
Milano,3375,9.214010417752677,45.45967350522396,696.0852699279785,87
Milano,3375,9.208080117676989,45.55951643911429,367.58042907714844,87
Milano,3375,9.096754324226097,45.445618314440345,829.916446685791,87
Milano,3375,9.210060368325319,45.457786161435074,844.8210067749023,87
Milano,3375,9.163347021968004,45.460771935391364,665.1789169311523,87
Milano,3375,9.138297877269306,45.59286772924807,501.2152290344238,87
Milano,3375,9.128199568782152,45.50602938002056,462.6221809387207,87
Milano,3375,9.169999243319998,45.53583348718999,47.580726623535156,87
Milano,3375,9.170746646550453,45.40990252273544,319.8975601196289,87
Milano,3375,9.22649491796239,45.54432374385486,602.6948585510254,87
Milano,3375,9.220184016223103,45.50888654030475,422.5784454345703,87
Milano,3375,9.189620624656097,45.44731749500816,492.5811653137207,87
Milano,3375,9.175103052380912,45.45675338272819,930.7595825195312,87
Milano,3375,9.204661072073566,45.52419832540385,364.82969665527344,87
Milano,3375,9.248340938182396,45.489315689334994,216.41051864624023,87
Milano,3375,9.231248724375673,45.49949836440903,203.89327239990234,87
Milano,3375,9.166618343907238,45.575375400708516,438.5082817077637,87
Milano,3375,9.17581651940973,45.59935664804932,178.97951126098633,87
Milano,3375,9.241477593283225,45.49818498905761,670.9855422973633,87
Milano,3375,9.201410865519655,45.51597753616158,932.1583480834961,87
Milano,3375,9.192540642557612,45.596379233994824,267.75455474853516,87
Milano,3375,9.202276459968703,45.48528198594358,308.84996795654297,87
Milano,3375,9.138292930042377,45.48456556088534,408.7085266113281,87
Milano,3375,9.120813957093567,45.507119014584966,227.5427360534668,87
Milano,3375,9.095391120890326,45.51785524154384,238.84238815307617,87
Milano,3375,9.240813547970232,45.56178946477359,299.91344451904297,87
Milano,3375,9.198491180819795,45.512839170330956,443.17298126220703,87
Milano,3375,9.168902230989504,45.54185219189051,363.8142890930176,87
Milano,3375,9.244968892545367,45.506151760184146,517.1257629394531,87
Milano,3375,9.116670655369221,45.506002103267456,169.4344482421875,87
Milano,3375,9.20998016090938,45.442530336427204,823.6738510131836,87
Milano,3375,9.223200354643465,45.48098236156967,687.3422012329102,87
Milano,3375,9.141344920864494,45.50194521639986,698.1664962768555,87
Milano,3375,9.219365348321038,45.59142429904737,277.20278549194336,87
Milano,3375,9.12620401117849,45.423711957406965,173.15987396240234,87
Milano,3375,9.229539617612174,45.59303554655923,434.57177734375,87
Milano,3375,9.200010772520645,45.51052442430059,698.3099517822266,87
Milano,3375,9.196535504080675,45.596425135146816,235.13920211791992,87
Milano,3375,9.115202650284695,45.52670001639739,494.2667236328125,87
Milano,3375,9.234133881443478,45.463033914433915,623.4257049560547,87
Milano,3375,9.101331687501137,45.501549102337826,320.44018936157227,87
Milano,3375,9.218969539991912,45.54431643136146,411.5015563964844,87
Milano,3375,9.19697585870318,45.54841805657287,657.0565376281738,87
Milano,3375,9.124259107297728,45.46873380519081,415.3233642578125,87
Milano,3375,9.257811469702832,45.58724550851571,111.59142684936523,87
Milano,3375,9.213891580763445,45.56493874827148,448.92751693725586,87
Milano,3375,9.096972917295185,45.51706845246153,188.0285301208496,87
Milano,3375,9.120823507515675,45.54041514612246,337.1281089782715,87
Milano,3375,9.22822391161684,45.46594242620195,813.1548690795898,87
Milano,3375,9.159190734752318,45.441115141906,817.7687034606934,87
Milano,3375,9.1810832985311,45.466930774595184,896.5113945007324,87
Milano,3375,9.21040810919601,45.4500743648549,543.0720977783203,87
Milano,3375,9.148373590317563,45.481486281585646,378.3086585998535,87
Milano,3375,9.241013723890697,45.490048333588526,414.58763122558594,87
Milano,3375,9.077522120869913,45.545697184971004,202.2673797607422,87
Milano,3375,9.141922816176585,45.470649496863594,575.611701965332,87
Milano,3375,9.24628783424191,45.5175612656816,664.9104194641113,87
Milano,3375,9.212542380426575,45.55105487063127,577.5264892578125,87
Milano,3375,9.151763162293294,45.4388563586408,693.9743804931641,87
Milano,3375,9.196297220691505,45.583895103470375,471.94281005859375,87
Milano,3375,9.124165910169998,45.54081162917647,132.0071563720703,87
Milano,3375,9.251946337909802,45.5960498729674,242.58862686157227,87
Milano,3375,9.123579518216538,45.47334672352736,583.1544952392578,87
Milano,3375,9.085771787703006,45.460880012952046,592.2378578186035,87
Milano,3375,9.15596989448388,45.47320659394727,710.2376556396484,87
Milano,3375,9.238093487099851,45.503751779100945,659.6578712463379,87
Milano,3375,9.144406335492897,45.44413279597894,548.6735534667969,87
Milano,3375,9.194507112152019,45.59477733527825,220.52659225463867,87
Milano,3375,9.173572018746999,45.60164219994955,257.160213470459,87
Milano,3375,9.179924536970596,45.54983988259953,448.0843505859375,87
Milano,3375,9.08591372178813,45.464860947121984,449.5880699157715,87
Milano,3375,9.106853821573196,45.513536984686695,376.0591468811035,87
Milano,3375,9.228299886245129,45.5515366793938,464.4218330383301,87
Milano,3375,9.187378352726943,45.46271164533553,603.9387893676758,87
Milano,3375,9.169588834818981,45.45324231846783,1098.2663269042969,87
Milano,3375,9.163398322637638,45.468748805409376,616.5895843505859,87
Milano,3375,9.105963538640093,45.49821806280096,496.18566513061523,87
Milano,3375,9.125169585950468,45.41634587432474,208.00053787231445,87
Milano,3375,9.251975430484046,45.50648621125869,318.6269302368164,87
Milano,3375,9.230454539140634,45.49612132529851,333.11988830566406,87
Milano,3375,9.149275764156108,45.60496556529556,331.6312561035156,87
Milano,3375,9.123332576839998,45.52666682055999,36.2081413269043,87
Milano,3375,9.132670399680636,45.47131562724042,453.4214782714844,87
Milano,3375,9.197079201226483,45.53856544210196,317.0392379760742,87
Milano,3375,9.133323220487002,45.44505173081304,775.5962028503418,87
Milano,3375,9.212296317529804,45.43765190702105,402.21240615844727,87
Milano,3375,9.172508899310099,45.52418662560011,558.6296691894531,87
Milano,3375,9.087885865495384,45.42717569935481,221.1084976196289,87
Milano,3375,9.234876973438107,45.47321148584791,771.5007514953613,87
Milano,3375,9.190893729304472,45.506783451441166,810.3003349304199,87
Milano,3375,9.156663557823945,45.57061310867889,229.21489334106445,87
Milano,3375,9.25806445214487,45.47526005328982,104.5919418334961,87
Milano,3375,9.209596836498926,45.45178285598174,643.977653503418,87
Milano,3375,9.121781922427997,45.60400498909691,343.20468521118164,87
Milano,3375,9.200120927126369,45.50846493428063,799.0449752807617,87
Milano,3375,9.211554515901026,45.56847098572004,392.60462951660156,87
Milano,3375,9.080395862748375,45.59624615174747,204.06732177734375,87
Milano,3375,9.17794858372087,45.41833813950331,480.9117317199707,87
Milano,3375,9.163726747479819,45.50665899893245,245.39194107055664,87
Milano,3375,9.114793734146701,45.4236915206314,307.37915802001953,87
Milano,3375,9.11891836368313,45.429416968166386,491.1598472595215,87
Milano,3375,9.20078588529155,45.55742255900932,573.3313789367676,87
Milano,3375,9.189647873579075,45.52182290839437,736.062931060791,87
Milano,3375,9.258634752600187,45.55538243053188,416.92191314697266,87
Milano,3375,9.125832881413846,45.478367286055004,650.0107841491699,87
Milano,3375,9.175902998989947,45.478588620713445,900.6984558105469,87
Milano,3375,9.11261268513435,45.442466735028965,519.7662582397461,87
Milano,3375,9.18336915831423,45.45622906864124,544.0508270263672,87
Milano,3375,9.189153187053643,45.501668101287116,645.4255981445312,87
Milano,3375,9.21805628788061,45.43832103546008,558.5011825561523,87
Milano,3375,9.184509672382285,45.46055998604853,610.1401748657227,87
Milano,3375,9.222640321458886,45.58653072245035,270.8219108581543,87
Milano,3375,9.157459912180002,45.566263880984685,278.6979751586914,87
Milano,3375,9.227419753076063,45.50966542456189,283.6390953063965,87
Milano,3375,9.16149226160176,45.529439834588764,553.2998924255371,87
Milano,3375,9.214886955582324,45.51600010067723,410.5348205566406,87
Milano,3375,9.09938442521644,45.441732573508396,693.4327659606934,87
Milano,3375,9.18344399800827,45.483978650477226,615.100944519043,87
Milano,3375,9.216791765592294,45.503420369501214,388.1032829284668,87
Milano,3375,9.255832576309997,45.49083348736999,36.507850646972656,87
Milano,3375,9.244237571506421,45.52495091014316,330.47632598876953,87
Milano,3375,9.114274923596117,45.45979266865787,418.34146881103516,87
Milano,3375,9.198238087975334,45.58596467625224,420.48572158813477,87
Milano,3375,9.176678699363276,45.42605731220081,329.68719482421875,87
Milano,3375,9.228567706426432,45.51077135239058,616.0869331359863,87
Milano,3375,9.201436362762006,45.51957013823115,830.4753112792969,87
Milano,3375,9.07980432676673,45.46081506183076,151.38751220703125,87
Milano,3375,9.203509472070266,45.46788626735387,889.8461608886719,87
Milano,3375,9.228290138739858,45.46326201983256,704.4296035766602,87
Milano,3375,9.094447627568,45.51701818751551,162.7503547668457,87
Milano,3375,9.106463930055895,45.458239907852665,567.5643157958984,87
Milano,3375,9.247675294485976,45.446570536994145,533.0891609191895,87
Milano,3375,9.232388373881331,45.545795621003485,542.367992401123,87
Milano,3375,9.149268571167658,45.47678121128633,813.0481719970703,87
Milano,3375,9.137934220166503,45.44347231246453,434.08135986328125,87
Milano,3375,9.229032046951772,45.538946648117395,611.5946197509766,87
Milano,3375,9.179221069159892,45.49691356982682,559.8498802185059,87
Milano,3375,9.194644505931546,45.466794940648555,654.2269592285156,87
Milano,3375,9.139669618585277,45.44776324329892,386.4599494934082,87
Milano,3375,9.207588921040744,45.44784836473318,827.8565292358398,87
Milano,3375,9.124270251504548,45.46250717648468,551.9816246032715,87
Milano,3375,9.11003296208872,45.420873310116356,253.13926696777344,87
Milano,3375,9.17730513850779,45.55077600520865,331.6547622680664,87
Milano,3375,9.234654778314628,45.59400514851465,256.45344161987305,87
Milano,3375,9.176817555888661,45.46436119240361,1080.1087265014648,87
Milano,3375,9.250783923780878,45.510003877973325,523.4229393005371,87
Milano,3375,9.157079066672264,45.46663535639468,580.2832183837891,87
Milano,3375,9.229767372019026,45.47049912179289,832.0934753417969,87
Milano,3375,9.143196634388772,45.5030702103174,741.1729164123535,87
Milano,3375,9.189076282236282,45.55442459111641,455.6335678100586,87
Milano,3375,9.183868497597926,45.5374889793242,423.8203239440918,87
Milano,3375,9.140807743085995,45.59227452003085,427.93463134765625,87
Milano,3375,9.105928206141476,45.4232497716039,535.2627105712891,87
Milano,3375,9.193387338508234,45.46147534935707,604.0812606811523,87
Milano,3375,9.21644422337305,45.48674004754047,614.6582565307617,87
Milano,3375,9.110615368292141,45.45221665001201,235.66709899902344,87
Milano,3375,9.216522558958607,45.5552742207366,440.9867477416992,87
Milano,3375,9.130969122145464,45.600432825942065,289.7492141723633,87
Milano,3375,9.224591844641381,45.55898537336661,408.08816146850586,87
Milano,3375,9.212763299287882,45.4924612477272,558.2447547912598,87
Milano,3375,9.22492777002262,45.43472251008857,694.7653884887695,87
Milano,3375,9.187341503346945,45.509473208758855,498.1460838317871,87
Milano,3375,9.195812640073152,45.45662912596035,821.3492584228516,87
Milano,3375,9.185242055259149,45.44173908023824,566.6136817932129,87
Milano,3375,9.163372111245081,45.43181531736995,549.4620361328125,87
Milano,3375,9.128880675009576,45.51830042737373,489.1725654602051,87
Milano,3375,9.204101304292603,45.43374457741624,646.8422584533691,87
Milano,3375,9.07698464333351,45.56236378293839,226.1907081604004,87
Milano,3375,9.223174945176059,45.44814560790028,392.6635627746582,87
Milano,3375,9.178051152776918,45.526431096917406,438.065486907959,87
Milano,3375,9.224228313040635,45.53761692977093,326.15556716918945,87
Milano,3375,9.217660754063584,45.565074190165745,551.1401443481445,87
Milano,3375,9.16035256489379,45.55499852461289,174.36576461791992,87
Milano,3375,9.16069126827827,45.44454587735532,695.8652267456055,87
Milano,3375,9.106499819992274,45.4300527182317,521.2063026428223,87
Milano,3375,9.225032418406506,45.44000435689932,834.2894821166992,87
Milano,3375,9.139870847193533,45.56006859946205,407.2328910827637,87
Milano,3375,9.165001820737348,45.458645361126194,630.0606384277344,87
Milano,3375,9.245736609173926,45.57337231989049,439.60790252685547,87
Milano,3375,9.240215177085975,45.46837196190657,194.96605682373047,87
Milano,3375,9.191460590852426,45.594178740398114,168.51320266723633,87
Milano,3375,9.153838755279766,45.43557207169882,760.4782409667969,87
Milano,3375,9.115168998800875,45.53043205167868,318.3855895996094,87
Milano,3375,9.109582068863485,45.43247185864404,558.4906005859375,87
Milano,3375,9.144857182269773,45.60350927799538,184.97392654418945,87
Milano,3375,9.10927694887101,45.45691641816976,248.04452896118164,87
Milano,3375,9.143095159636125,45.4750798997806,488.33121490478516,87
Milano,3375,9.1606753690885,45.43216879356636,640.3845901489258,87
Milano,3375,9.20663879491997,45.56556082538072,467.8597297668457,87
Milano,3375,9.097304095503741,45.526247738264885,151.84667205810547,87
Milano,3375,9.243792850692616,45.606402936199885,304.2591896057129,87
Milano,3375,9.243124869714475,45.52334571927668,466.1274528503418,87
Milano,3375,9.232510070654321,45.60503795043084,322.8201675415039,87
Milano,3375,9.182917120106694,45.4687362494457,1018.8130874633789,87
Milano,3375,9.165255873602495,45.577552049834566,508.5820655822754,87
Milano,3375,9.228319256923367,45.506588450125136,634.7551002502441,87
Milano,3375,9.23111587828178,45.455223656779616,126.20103454589844,87
Milano,3375,9.143792526216652,45.47206926627028,323.5547866821289,87
Milano,3375,9.199479904619169,45.51681907073376,980.4983520507812,87
Milano,3375,9.146765085883688,45.470718174433394,852.2368469238281,87
Milano,3375,9.16011343430237,45.528836670887166,387.4345016479492,87
Milano,3375,9.190372110156613,45.53223787687264,491.9184875488281,87
Milano,3375,9.250396918554985,45.56796469129938,174.168212890625,87
Milano,3375,9.235766871455724,45.43750969318875,563.3206405639648,87
Milano,3375,9.22584839135292,45.586293036438626,170.03867721557617,87
Milano,3375,9.243917911252552,45.48194731226255,477.15474700927734,87
Milano,3375,9.203722002492597,45.42914594473074,392.01057052612305,87
Milano,3375,9.123340475977647,45.5478943768919,232.7996063232422,87
Milano,3375,9.163631663933968,45.49207167432021,892.0673217773438,87
Milano,3375,9.217452189965746,45.48925062373348,834.6101684570312,87
Milano,3375,9.182752072672152,45.45830291624674,814.4989967346191,87
Milano,3375,9.235688726136797,45.54015602322293,591.4584197998047,87
Milano,3375,9.173708469636098,45.49054178201842,454.4115447998047,87
Milano,3375,9.11624698006325,45.540578211152045,386.70462799072266,87
Milano,3375,9.209793723857404,45.570821612102186,161.15252685546875,87
Milano,3375,9.160994173524116,45.4660389609284,968.0698394775391,87
Milano,3375,9.220823495951903,45.555226810263264,561.9844284057617,87
Milano,3375,9.108035824109185,45.54936402516488,335.46129989624023,87
Milano,3375,9.22804198634546,45.57683765159584,373.5763626098633,87
Milano,3375,9.121949294892445,45.42629703494976,478.2677688598633,87
Milano,3375,9.142934035989116,45.467359907341745,924.8997192382812,87
Milano,3375,9.178428649854053,45.46971907694754,537.8616180419922,87
Milano,3375,9.201612141366004,45.55914230102704,442.9064178466797,87
Milano,3375,9.15673973167675,45.52788356415343,478.9914016723633,87
Milano,3375,9.151704631547894,45.58135419112976,312.1554260253906,87
Milano,3375,9.189827229636709,45.58614782847301,486.2848358154297,87
Milano,3375,9.196271489530982,45.51173284603732,634.3477401733398,87
Milano,3375,9.196578992729156,45.47141837056913,512.6823234558105,87
Milano,3375,9.195926105111823,45.497802134261605,1016.6931533813477,87
Milano,3375,9.117004006450692,45.487876844465376,283.4729652404785,87
Milano,3375,9.184236604413748,45.552184361362606,565.3651580810547,87
Milano,3375,9.250604836104902,45.572510307440695,390.2388381958008,87
Milano,3375,9.086499360715406,45.44995712579641,449.03458404541016,87
Milano,3375,9.12003958676608,45.572357124797556,497.93103790283203,87
Milano,3375,9.186140709330921,45.45099316459295,459.9429016113281,87
Milano,3375,9.138106855649891,45.60179466416666,269.86231231689453,87
Milano,3375,9.129143834331325,45.45775937889914,509.70370864868164,87
Milano,3375,9.169115156661753,45.5499876881626,268.11579513549805,87
Milano,3375,9.113237427833198,45.47011014499838,489.2651481628418,87
Milano,3375,9.235798048904481,45.49984397551218,495.2775993347168,87
Milano,3375,9.126452180233446,45.6044490755795,348.00921630859375,87
Milano,3375,9.149165910069998,45.52416682056999,34.85211944580078,87
Milano,3375,9.156220427470258,45.43113992044717,507.2775230407715,87
Milano,3375,9.149320087583698,45.493325347968636,970.2623748779297,87
Milano,3375,9.230845922115112,45.51307735199059,496.2707977294922,87
Milano,3375,9.145172535571692,45.44012349985602,478.2879524230957,87
Milano,3375,9.228405648793936,45.46827366017928,709.4427719116211,87
Milano,3375,9.249253413573513,45.524856621632495,562.9045295715332,87
Milano,3375,9.162631170717447,45.436924473527085,811.3896408081055,87
Milano,3375,9.137751883840501,45.554386082671556,505.24301528930664,87
Milano,3375,9.208098807507145,45.520082235541416,214.65435409545898,87
Milano,3375,9.216555158022985,45.48004582965218,787.066650390625,87
Milano,3375,9.258688627100874,45.42556169118714,238.2623062133789,87
Milano,3375,9.156178720199739,45.54898578636396,288.0721549987793,87
Milano,3375,9.120183885586846,45.48121887018989,259.1382598876953,87
Milano,3375,9.192436973131613,45.5481595896812,498.2524604797363,87
Milano,3375,9.226688662539729,45.5266481597195,934.2728805541992,87
Milano,3375,9.094186195948213,45.52250015390999,124.58275985717773,87
Milano,3375,9.208901507014739,45.564061768787674,706.4598846435547,87
Milano,3375,9.224832239110006,45.51533388463672,391.94837951660156,87
Milano,3375,9.253332576319997,45.45333348751999,32.42485046386719,87
Milano,3375,9.129366993112745,45.438666889521905,189.94743728637695,87
Milano,3375,9.103218088823539,45.49781143420385,309.0470657348633,87
Milano,3375,9.134829267008586,45.545881302642485,551.9398803710938,87
Milano,3375,9.112627219083222,45.51325162804528,333.3499183654785,87
Milano,3375,9.218702012259701,45.51152787979234,678.2262878417969,87
Milano,3375,9.247837971259601,45.45529544611402,344.8277359008789,87
Milano,3375,9.243317970955655,45.599501400608624,310.89923095703125,87
Milano,3375,9.200439029325807,45.59399172597198,303.6086654663086,87
Milano,3375,9.109193995129546,45.54185884461889,146.36765670776367,87
Milano,3375,9.227365555734483,45.5934199184826,431.64839935302734,87
Milano,3375,9.191764496531315,45.5001255355025,850.9565811157227,87
Milano,3375,9.183247478565049,45.43675288255458,632.688648223877,87
Milano,3375,9.137887876670469,45.463375099223896,755.0143814086914,87
Milano,3375,9.112760655516821,45.453926457912694,488.65489196777344,87
Milano,3375,9.221609050762261,45.55730506182252,576.6943817138672,87
Milano,3375,9.114348794291734,45.541343809393965,267.9665756225586,87
Milano,3375,9.14315783807967,45.44163740216207,410.7101249694824,87
Milano,3375,9.114794896665238,45.491995912440856,266.82191467285156,87
Milano,3375,9.160082173732992,45.47161145787754,797.5685882568359,87
Milano,3375,9.16173623562369,45.45094741365992,588.4992637634277,87
Milano,3375,9.10207246927335,45.45348321180591,324.0494079589844,87
Milano,3375,9.1675368321486,45.4683351077604,947.0505981445312,87
Milano,3375,9.101546207764622,45.489824645589955,360.17044830322266,87
Milano,3375,9.214851037625122,45.5248790419329,639.8946762084961,87
Milano,3375,9.088172074681466,45.46400243389448,378.4189453125,87
Milano,3375,9.124261222696108,45.491015206506205,430.3204116821289,87
Milano,3375,9.189446125378387,45.48511089593018,584.1461372375488,87
Milano,3375,9.148131408182548,45.51391907110409,274.97008514404297,87
Milano,3375,9.13187251211807,45.46354566488443,741.4406127929688,87
Milano,3375,9.132080591069242,45.447508524336335,619.8827438354492,87
Milano,3375,9.17791387444346,45.4679499614684,671.0555725097656,87
Milano,3375,9.147280824464678,45.597033737675496,202.27572631835938,87
Milano,3375,9.183235792766887,45.48924523511971,642.364372253418,87
Milano,3375,9.120764936216961,45.51197283540758,337.11681365966797,87
Milano,3375,9.100824699286587,45.45689029632523,555.8331985473633,87
Milano,3375,9.22351882977651,45.51746417560188,715.5897369384766,87
Milano,3375,9.146128848572975,45.50793618945314,581.9433326721191,87
Milano,3375,9.10241038715828,45.42257149247334,361.3452796936035,87
Milano,3375,9.16773928498527,45.45498571116011,694.572135925293,87
Milano,3375,9.233337362330353,45.54932508457646,664.1164932250977,87
Milano,3375,9.193370185689908,45.45805851011269,680.3353652954102,87
Milano,3375,9.180832576609998,45.517500153929994,44.12823486328125,87
Milano,3375,9.151776936771112,45.50095905605645,385.7228813171387,87
Milano,3375,9.215843923714052,45.51184855143713,373.0464172363281,87
Milano,3375,9.231665909739997,45.426666820959994,32.88581466674805,87
Milano,3375,9.239670212244985,45.462510352142445,633.5567321777344,87
Milano,3375,9.222143312451793,45.54949898836675,326.48432540893555,87
Milano,3375,9.220965652552891,45.44500335871817,585.7627983093262,87
Milano,3375,9.245266010332337,45.57576278951746,496.7163276672363,87
Milano,3375,9.212799249898312,45.43606137942739,334.1915283203125,87
Milano,3375,9.15216828809815,45.46635705730487,814.385612487793,87
Milano,3375,9.198501076663728,45.43919264207332,275.7311897277832,87
Milano,3375,9.226915215030674,45.5750878661923,319.57242584228516,87
Milano,3375,9.224120533776746,45.47262249886636,1098.680778503418,87
Milano,3375,9.18812912275793,45.56979500837495,134.50111389160156,87
Milano,3375,9.136258217381737,45.59910219086724,261.3243751525879,87
Milano,3375,9.225310195393474,45.44233947199596,417.5995178222656,87
Milano,3375,9.201708119713569,45.55015199648495,437.5196228027344,87
Milano,3375,9.211378149851951,45.57050809120074,258.17053985595703,87
Milano,3375,9.123531115033114,45.57609297095561,403.9072914123535,87
Milano,3375,9.226257293913362,45.60833348689999,69.85635375976562,87
Milano,3375,9.179895280083855,45.446768642911536,844.5671234130859,87
Milano,3375,9.165666905171003,45.49174440722445,727.1189956665039,87
Milano,3375,9.138873804700676,45.600177672067495,398.0542297363281,87
Milano,3375,9.205906894849944,45.51912653323881,535.1079330444336,87
Milano,3375,9.229365572823632,45.44088942193379,189.12775039672852,87
Milano,3375,9.164244721233405,45.44196569398092,911.0862731933594,87
Milano,3375,9.141924297342376,45.56187216956629,354.9629249572754,87
Milano,3375,9.191660556343212,45.44920287512876,475.16828536987305,87
Milano,3375,9.170839092539014,45.517248144266894,677.33203125,87
Milano,3375,9.117412526243054,45.530813509630654,496.0226058959961,87
Milano,3375,9.2069256196879,45.569963901801124,295.9027671813965,87
Milano,3375,9.221526297007268,45.46856481591093,678.6280212402344,87
Milano,3375,9.169442905526788,45.47073841564042,877.8699035644531,87
Milano,3375,9.168884238933986,45.52596436701539,535.0513687133789,87
Milano,3375,9.172499243309998,45.56856245704556,111.67647552490234,87
Milano,3375,9.15755459124044,45.500711629403476,596.1609878540039,87
Milano,3375,9.158915084791529,45.4837453092849,653.5334281921387,87
Milano,3375,9.162887410794722,45.463334370776444,571.2783660888672,87
Milano,3375,9.177462343968031,45.485815932140895,807.6055450439453,87
Milano,3375,9.243946185830216,45.486873844213854,416.4563217163086,87
Milano,3375,9.173586465481074,45.564194482372656,334.35485458374023,87
Milano,3375,9.200564291481571,45.494714783231224,806.0778427124023,87
Milano,3375,9.249837465047596,45.45652012079802,214.01739120483398,87
Milano,3375,9.117824776284746,45.48234871944808,558.5912399291992,87
Milano,3375,9.084501695699615,45.45983733265027,449.51908111572266,87
Milano,3375,9.181457237782128,45.56964439060187,272.80042266845703,87
Milano,3375,9.179077512004934,45.43005834472742,570.7003898620605,87
Milano,3375,9.232743724463749,45.4895116019601,1110.3006019592285,87
Milano,3375,9.099801785497082,45.4909660657392,432.6868591308594,87
Milano,3375,9.236700937192078,45.46227518918602,608.0917053222656,87
Milano,3375,9.144909716953816,45.4466893492299,552.2568168640137,87
Milano,3375,9.243394568201893,45.52769502820147,293.8010597229004,87
Milano,3375,9.242252284076429,45.59069223523357,271.93058013916016,87
Milano,3375,9.226937342272043,45.47319382848401,940.6351852416992,87
Milano,3375,9.18756086253942,45.47178782849022,1132.2902526855469,87
Milano,3375,9.225929505195248,45.48517637123295,1018.023811340332,87
Milano,3375,9.178353376497494,45.46603632612659,619.2543334960938,87
Milano,3375,9.21307726756532,45.51748277150611,301.8210678100586,87
Milano,3375,9.13063925614977,45.45657319640548,617.7326812744141,87
Milano,3375,9.124179481939013,45.60451659556832,354.3025016784668,87
Milano,3375,9.113403169408892,45.42821598320871,472.34129333496094,87
Milano,3375,9.10771791648186,45.4742563773376,339.3840522766113,87
Milano,3375,9.209688763587994,45.52415316394583,526.7029037475586,87
Milano,3375,9.132497349661707,45.40979020224247,132.1565170288086,87
Milano,3375,9.139027632710166,45.596779592106095,330.2459411621094,87
Milano,3375,9.159656837374246,45.48875384268211,773.6023063659668,87
Milano,3375,9.089157061112383,45.474624463092525,264.3311195373535,87
Milano,3375,9.252301297144452,45.607817027535255,403.75828552246094,87
Milano,3375,9.25528125537489,45.5844041677179,121.13644027709961,87
Milano,3375,9.138165128577024,45.47334335639114,515.31201171875,87
Milano,3375,9.223012490614366,45.46252490088322,625.7910766601562,87
Milano,3375,9.205938751802378,45.55509533594842,647.1754837036133,87
Milano,3375,9.200079998624647,45.48736184674421,588.1696395874023,87
Milano,3375,9.231546629055257,45.47931270878451,658.9727478027344,87
Milano,3375,9.228549540982051,45.43628114308296,463.8336639404297,87
Milano,3375,9.227366079449183,45.5355765695564,758.4524765014648,87
Milano,3375,9.142081179165302,45.455728563759735,567.9421997070312,87
Milano,3375,9.168029875637263,45.48768929815281,1028.5757217407227,87
Milano,3375,9.187128623294086,45.44881806259073,614.1281700134277,87
Milano,3375,9.102644196675694,45.418023936259175,234.31909561157227,87
Milano,3375,9.228320876937559,45.48500610755266,908.9575805664062,87
Milano,3375,9.214115724452666,45.55656389357171,553.8042411804199,87
Milano,3375,9.22520265499967,45.49102596494344,909.4819564819336,87
Milano,3375,9.201735239407695,45.48355662338839,424.3893508911133,87
Milano,3375,9.219630345146946,45.537914666302775,388.39953994750977,87
Milano,3375,9.10091451785221,45.424488926759615,337.0821723937988,87
Milano,3375,9.150160008469758,45.44019863065728,684.5753593444824,87
Milano,3375,9.19277372281808,45.521516465057765,604.9442367553711,87
Milano,3375,9.07692815566367,45.422278887351254,123.9675407409668,87
Milano,3375,9.077756651701465,45.57907694528842,502.5611000061035,87
Milano,3375,9.24011090187012,45.576053877315985,320.3831787109375,87
Milano,3375,9.167387021872509,45.52717167234881,412.9496078491211,87
Milano,3375,9.103171392367463,45.425973395109835,538.1344146728516,87
Milano,3375,9.164013592308736,45.47496726367504,777.7778015136719,87
Milano,3375,9.199577710714273,45.46344226081639,829.5488662719727,87
Milano,3375,9.21493436840835,45.449298382778636,510.35347747802734,87
Milano,3375,9.162546409137303,45.48916116811607,931.6907196044922,87
Milano,3375,9.153802835520693,45.57002619770949,280.58288192749023,87
Milano,3375,9.225765102505786,45.475943681659224,828.4275054931641,87
Milano,3375,9.150397907588335,45.46413481769302,623.48193359375,87
Milano,3375,9.17636226675222,45.491709618451594,609.0344467163086,87
Milano,3375,9.230761421144763,45.54867962047055,563.3617057800293,87
Milano,3375,9.203911344310193,45.50238712102728,490.457576751709,87
Milano,3375,9.196061305938754,45.536696067836985,520.4255867004395,87
Milano,3375,9.152215855730171,45.4644450634202,606.7176055908203,87
Milano,3375,9.218878548116578,45.504131450941756,509.53420639038086,87
Milano,3375,9.081520264033962,45.54903448518737,253.7834815979004,87
Milano,3375,9.240429076502153,45.566761832376486,254.0245704650879,87
Milano,3375,9.229923165907925,45.53166806348029,550.0169639587402,87
Milano,3375,9.152645867551431,45.45433958127758,678.5003509521484,87
Milano,3375,9.219205637837495,45.46832437094129,893.0602264404297,87
Milano,3375,9.12660376660192,45.462858212338645,353.1642761230469,87
Milano,3375,9.140580459753373,45.51513972886791,626.7706832885742,87
Milano,3375,9.137605449629726,45.45594726741802,806.7168655395508,87
Milano,3375,9.213182354650497,45.481526980705844,644.7505569458008,87
Milano,3375,9.173476234322274,45.5475637458348,507.8435707092285,87
Milano,3375,9.220138448836426,45.46401696886648,628.6060104370117,87
Milano,3375,9.236866534125861,45.600967896462826,443.8932876586914,87
Milano,3375,9.254626238226262,45.543881170953235,379.91715240478516,87
Milano,3375,9.172955551419218,45.42599531563478,429.5726852416992,87
Milano,3375,9.129021694724532,45.59425291704034,652.1779022216797,87
Milano,3375,9.11728928031609,45.525791087689704,459.7571258544922,87
Milano,3375,9.196220037962108,45.594567022162785,184.95597457885742,87
Milano,3375,9.206745666373402,45.44005277762585,379.6448783874512,87
Milano,3375,9.168183153946469,45.52175147415158,551.890552520752,87
Milano,3375,9.109368008118595,45.526446880473024,349.8142395019531,87
Milano,3375,9.196030890301179,45.552529534081565,363.15847396850586,87
Milano,3375,9.096662135943802,45.44248949451477,733.3861923217773,87
Milano,3375,9.202367235325491,45.59335934058188,389.27429580688477,87
Milano,3375,9.19609306726458,45.51757957524512,731.2357025146484,87
Milano,3375,9.130964561799619,45.48625511311096,265.2453269958496,87
Milano,3375,9.19577738004408,45.47670068881972,320.6348304748535,87
Milano,3375,9.13809401239149,45.43948630974229,325.6547050476074,87
Milano,3375,9.205126889796276,45.452813338118155,497.43640899658203,87
Milano,3375,9.171644390646259,45.49813392626578,547.3574600219727,87
Milano,3375,9.157592894277824,45.470959347082264,827.4547348022461,87
Milano,3375,9.090762898550306,45.439751324231324,507.6741027832031,87
Milano,3375,9.08257328186082,45.56987620223287,355.6661376953125,87
Milano,3375,9.160734181276593,45.4601218695258,740.927116394043,87
Milano,3375,9.222953879267344,45.5149050965759,395.38621520996094,87
Milano,3375,9.220109458629166,45.45425631297082,617.7268218994141,87
Milano,3375,9.179162876117465,45.43262710877037,793.0351753234863,87
Milano,3375,9.131976499613462,45.495079824728414,656.3260650634766,87
Milano,3375,9.168585595561957,45.48015032807362,884.006477355957,87
Milano,3375,9.138738147966883,45.501238243432866,699.2344741821289,87
Milano,3375,9.20929000136538,45.43995137205667,500.85887908935547,87
Milano,3375,9.120410920816115,45.497420738104616,478.29981231689453,87
Milano,3375,9.184186068080678,45.50374718520081,457.37987899780273,87
Milano,3375,9.086263120242206,45.42633863064665,202.28663635253906,87
Milano,3375,9.202834641527506,45.471450539541166,476.90177154541016,87
Milano,3375,9.255382090354725,45.58290671652827,160.45502853393555,87
Milano,3375,9.179425978607886,45.462650848051666,786.0673065185547,87
Milano,3375,9.12482488718999,45.420629626229754,306.9056091308594,87
Milano,3375,9.257520100705234,45.57047046906963,511.48022079467773,87
Milano,3375,9.161673944746903,45.58249790538273,344.38882064819336,87
Milano,3375,9.122418690546086,45.57244981007284,438.14739990234375,87
Milano,3375,9.11859232055772,45.59460169903607,331.87110900878906,87
Milano,3375,9.180043129714122,45.55415503226227,400.07030487060547,87
Milano,3375,9.168717443027004,45.44292290221461,764.431224822998,87
Milano,3375,9.14911672040106,45.501078391424564,604.9328002929688,87
Milano,3375,9.258970775391504,45.41771917027152,197.56315994262695,87
Milano,3375,9.201693603367795,45.436682989998616,386.3428764343262,87
Milano,3375,9.174953033264163,45.54989322202523,372.58374786376953,87
Milano,3375,9.13375462500516,45.51768917547488,369.3842582702637,87
Milano,3375,9.190416767985692,45.53372586496413,731.4223785400391,87
Milano,3375,9.209707227478123,45.48769713221497,697.5832214355469,87
Milano,3375,9.248992298430188,45.475052916193256,396.1626319885254,87
Milano,3375,9.189064676526531,45.55155534910322,499.0039176940918,87
Milano,3375,9.17834872940893,45.5024716532971,803.9178619384766,87
Milano,3375,9.19415896717947,45.59770431386686,140.97330856323242,87
Milano,3375,9.193948889775681,45.43739035033164,645.5854034423828,87
Milano,3375,9.150573659907693,45.49908582088429,810.5888900756836,87
Milano,3375,9.212990787267966,45.55881812435023,465.5995178222656,87
Milano,3375,9.144755310163076,45.5180765224346,471.26697540283203,87
Milano,3375,9.252873790627104,45.568742279499205,245.64725875854492,87
Milano,3375,9.11807753100844,45.42389749911955,426.79779052734375,87
Milano,3375,9.188186648755035,45.53766007583868,584.9751892089844,87
Milano,3375,9.17295000641334,45.446125074766144,818.7381896972656,87
Milano,3375,9.25715880475204,45.52701554754121,361.3860397338867,87
Milano,3375,9.165034006459074,45.48622210264564,924.0322494506836,87
Milano,3375,9.225336582870842,45.593978952301704,266.0886764526367,87
Milano,3375,9.167517071316524,45.56042889769095,232.06235122680664,87
Milano,3375,9.202887286756212,45.44576440795404,829.3353385925293,87
Milano,3375,9.240832576369998,45.470735468846705,175.94500732421875,87
Milano,3375,9.220825662325757,45.52141043624967,266.6405601501465,87
Milano,3375,9.17907154928868,45.45088363878714,722.546272277832,87
Milano,3375,9.119133214304057,45.54425279035215,488.52012634277344,87
Milano,3375,9.14498926664124,45.570020888198464,339.8403968811035,87
Milano,3375,9.206876298979035,45.58920577488226,329.7142868041992,87
Milano,3375,9.21792321148583,45.55077945465193,484.5624694824219,87
Milano,3375,9.225904523138473,45.49713451527199,665.3034744262695,87
Milano,3375,9.214324857371695,45.48522733941986,811.3540725708008,87
Milano,3375,9.256770505934172,45.57382529572596,370.47095108032227,87
Milano,3375,9.143628464236423,45.46283642766064,789.7366371154785,87
Milano,3375,9.227638775578464,45.5245132086611,690.3888359069824,87
Milano,3375,9.139886606258052,45.519537447510416,472.6854057312012,87
Milano,3375,9.134252688705365,45.57827504807047,435.28437423706055,87
Milano,3375,9.228176718075936,45.501903897797845,352.31880950927734,87
Milano,3375,9.25156012050512,45.52640972354543,537.9177169799805,87
Milano,3375,9.12522129621774,45.471296930542806,392.5941696166992,87
Milano,3375,9.222527408101117,45.551242523780736,538.2271118164062,87
Milano,3375,9.081610926635866,45.4501296655328,315.8924980163574,87
Milano,3375,9.187284259690928,45.45252613877003,405.34461975097656,87
Milano,3375,9.1633161323328,45.46541549507725,574.9669418334961,87
Milano,3375,9.186627083291073,45.49883118469474,548.755687713623,87
Milano,3375,9.178508218160125,45.490372548606075,742.4879264831543,87
Milano,3375,9.10247558983112,45.438269514143514,405.5888023376465,87
Milano,3375,9.098082359281753,45.42576202449576,518.303882598877,87
Milano,3375,9.162112965683127,45.576443857851274,661.0502586364746,87
Milano,3375,9.13500667593483,45.45605081728009,889.1324234008789,87
Milano,3375,9.099142912736005,45.44407563616665,538.721622467041,87
Milano,3375,9.219664219829577,45.565333396377476,605.4182586669922,87
Milano,3375,9.254407391202468,45.598198733580084,433.89749908447266,87
Milano,3375,9.127455542318959,45.456148999970914,743.2961006164551,87
Milano,3375,9.185743191939673,45.45345301236074,788.1179275512695,87
Milano,3375,9.155925676754034,45.44425082008568,716.5003280639648,87
Milano,3375,9.198293120406667,45.49853176872504,1036.7066535949707,87
Milano,3375,9.111182869524036,45.52087702405703,225.88806915283203,87
Milano,3375,9.148315543795903,45.59790250005087,156.83989715576172,87
Milano,3375,9.146758706541986,45.48288889741719,361.4721374511719,87
Milano,3375,9.088902361844529,45.50496448046539,110.23294448852539,87
Milano,3375,9.177838611564267,45.44079392786952,972.9230308532715,87
Milano,3375,9.197518374651228,45.55041557823974,428.9399948120117,87
Milano,3375,9.175322486700269,45.56353434032615,227.75213623046875,87
Milano,3375,9.18386246765745,45.542150410776486,363.7786636352539,87
Milano,3375,9.206399872514092,45.52416856644289,522.2138442993164,87
Milano,3375,9.175554220423079,45.52469710196146,633.6758918762207,87
Milano,3375,9.23523491838388,45.4762424073297,756.7284698486328,87
Milano,3375,9.088397960230406,45.46150833415024,673.4616355895996,87
Milano,3375,9.184666739537029,45.50623258136138,250.5337371826172,87
Milano,3375,9.244923578286341,45.536781027447866,354.08953857421875,87
Milano,3375,9.162422214086279,45.52457252075275,531.7183151245117,87
Milano,3375,9.114159651820833,45.53959729385227,181.47231674194336,87
Milano,3375,9.199867607352067,45.505062347247566,528.7347106933594,87
Milano,3375,9.237374620461685,45.4856222584444,270.07421112060547,87
Milano,3375,9.251659958660497,45.57414841229517,386.81210708618164,87
Milano,3375,9.112501314753718,45.43020401678503,618.0791778564453,87
Milano,3375,9.156811489425099,45.59446024338268,386.8681983947754,87
Milano,3375,9.167558010491492,45.498954806193616,1053.251220703125,87
Milano,3375,9.233127115491358,45.55853390129777,136.72571563720703,87
Milano,3375,9.232499243069995,45.44461680385351,81.43848419189453,87
Milano,3375,9.123509679951287,45.48020910037515,581.2257423400879,87
Milano,3375,9.149518886397718,45.46940280155776,730.2092361450195,87
Milano,3375,9.22635772447997,45.446300100649474,305.27607345581055,87
Milano,3375,9.181645744587456,45.430461170375494,343.57323455810547,87
Milano,3375,9.20473618696741,45.553228706961804,692.7514152526855,87
Milano,3375,9.128340025618087,45.44461767565192,531.0241088867188,87
Milano,3375,9.154266051580382,45.60028110567515,450.0354652404785,87
Milano,3375,9.222444385968402,45.457427604917,781.6619491577148,87
Milano,3375,9.11124914141019,45.458379806624635,498.44425201416016,87
Milano,3375,9.19425626689661,45.51029282513198,746.9327697753906,87
Milano,3375,9.177230825869797,45.515966816419166,604.7162971496582,87
Milano,3375,9.166565633974056,45.50339157582364,741.632137298584,87
Milano,3375,9.132564322567186,45.51039711392077,524.3525924682617,87
Milano,3375,9.186285733669887,45.47478541328216,1127.2061767578125,87
Milano,3375,9.221643911117924,45.466435741125636,690.7469863891602,87
Milano,3375,9.118372702696474,45.49612252552213,451.97286224365234,87
Milano,3375,9.209994818119359,45.49261875987127,345.85911560058594,87
Milano,3375,9.173307368586396,45.414439344396754,184.36718368530273,87
Milano,3375,9.160791042224465,45.5478144913884,327.0939483642578,87
Milano,3375,9.178659909843756,45.472287753714255,399.74402618408203,87
Milano,3375,9.222574948489388,45.43577471458941,604.9805068969727,87
Milano,3375,9.238974138084576,45.416667158493055,146.82647323608398,87
Milano,3375,9.209733744942154,45.55924322933956,482.4413185119629,87
Milano,3375,9.145668391148103,45.4485611037444,778.6393890380859,87
Milano,3375,9.258956710607547,45.58308317067772,166.81690979003906,87
Milano,3375,9.19624710131537,45.469582548911255,426.93692779541016,87
Milano,3375,9.149040996732234,45.4520358119066,688.4123001098633,87
Milano,3375,9.143503781087439,45.48412418719137,654.3932495117188,87
Milano,3375,9.176218327849426,45.501666277562606,513.5104064941406,87
Milano,3375,9.229121394729884,45.44337796220894,329.29988861083984,87
Milano,3375,9.106503292838669,45.47238583633385,585.7907981872559,87
Milano,3375,9.225734710594573,45.48257292197346,755.672477722168,87
Milano,3375,9.079891075429199,45.57640564558708,365.06347274780273,87
Milano,3375,9.147690214895201,45.43725718377928,606.3638877868652,87
Milano,3375,9.214572492836151,45.527058843188314,223.5255012512207,87
Milano,3375,9.194719381797746,45.48395860014333,774.5629615783691,87
Milano,3375,9.143428685255454,45.49775610398888,621.9640197753906,87
Milano,3375,9.172892483969461,45.42353048094172,325.6543655395508,87
Milano,3375,9.16415923752602,45.48328690594822,854.8048629760742,87
Milano,3375,9.117264446405958,45.42704104561012,738.4231567382812,87
Milano,3375,9.12206087641244,45.49333593006829,349.40480041503906,87
Milano,3375,9.139559045860924,45.574331478481405,429.2755126953125,87
Milano,3375,9.176029645960806,45.504569986290235,1030.7264251708984,87
Milano,3375,9.158621244593746,45.55948458942957,232.85438537597656,87
Milano,3375,9.216134001716279,45.4373418993824,596.7470169067383,87
Milano,3375,9.205765835907593,45.50103425674683,801.4891510009766,87
Milano,3375,9.16502444115724,45.48915733507067,935.3542098999023,87
Milano,3375,9.078877101930622,45.42442037312351,107.21433639526367,87
Milano,3375,9.147180277200043,45.5793376895239,573.5600967407227,87
Milano,3375,9.250068675891349,45.57889824987739,364.11022567749023,87
Milano,3375,9.255022172213426,45.55508720382408,258.1636505126953,87
Milano,3375,9.22179186227667,45.46451417149565,570.2331848144531,87
Milano,3375,9.127919596796222,45.515002905215894,709.3109436035156,87
Milano,3375,9.17016945533294,45.547262888190815,410.06188201904297,87
Milano,3375,9.173636714771972,45.54201336323514,365.0966911315918,87
Milano,3375,9.208560760894898,45.462860336755185,763.1496353149414,87
Milano,3375,9.12233120779319,45.48491705960692,435.068790435791,87
Milano,3375,9.213823296775763,45.552685632595775,399.0508270263672,87
Milano,3375,9.201692832159166,45.4900452997129,911.797492980957,87
Milano,3375,9.124215930382569,45.464579598195954,315.4856376647949,87
Milano,3375,9.135289339465693,45.48424755547924,351.1135711669922,87
Milano,3375,9.121725452254747,45.47054161358832,348.80023193359375,87
Milano,3375,9.077214737890275,45.548215524520906,259.6669921875,87
Milano,3375,9.228068430039409,45.47588013189245,435.9626159667969,87
Milano,3375,9.10679449888088,45.49387533115071,479.14548110961914,87
Milano,3375,9.112317782479357,45.48497770931089,138.09587860107422,87
Milano,3375,9.206806299118105,45.4792910664594,755.9669799804688,87
Milano,3375,9.118025269922235,45.548579752948235,503.15523529052734,87
Milano,3375,9.119556299274906,45.50869929693097,169.07647705078125,87
Milano,3375,9.155691009761957,45.492203167543096,473.5673599243164,87
Milano,3375,9.150207213588267,45.483858535155974,406.0653839111328,87
Milano,3375,9.110911529193006,45.42789981998366,749.1690635681152,87
Milano,3375,9.180844872714955,45.48838770942759,696.6760444641113,87
Milano,3375,9.210360015300198,45.49497815752048,463.6031188964844,87
Milano,3375,9.198373100189977,45.518985037195755,535.3826293945312,87
Milano,3375,9.15470541421251,45.55402542829065,236.6068572998047,87
Milano,3375,9.142595073720873,45.46515627785765,738.4682922363281,87
Milano,3375,9.147337479184802,45.49059448795911,324.0975570678711,87
Milano,3375,9.102499243589998,45.521266167812385,68.63136291503906,87
Milano,3375,9.234859266807064,45.55967015638092,180.0459213256836,87
Milano,3375,9.23108820902585,45.42612990418234,106.34866333007812,87
Milano,3375,9.18259487512891,45.44192617069602,856.1796493530273,87
Milano,3375,9.172026312159488,45.5194447208037,760.0084533691406,87
Milano,3375,9.125874159827676,45.50791170542067,232.9564971923828,87
Milano,3375,9.151890524135245,45.46078275916229,696.1211013793945,87
Milano,3375,9.193655982778346,45.53929845025363,471.1821517944336,87
Milano,3375,9.22513388333039,45.531385151310836,570.5494613647461,87
Milano,3375,9.158305255212074,45.51199530223654,693.089973449707,87
Milano,3375,9.227216739162849,45.52961357800734,719.449405670166,87
Milano,3375,9.213254836470549,45.50152222363768,561.0938987731934,87
Milano,3375,9.190267117390013,45.487562452199214,644.5934829711914,87
Milano,3375,9.24585951676415,45.47205154581159,486.0195083618164,87
Milano,3375,9.158234548472665,45.525761192241816,668.8480911254883,87
Milano,3375,9.160320513726456,45.517206301933584,414.7192497253418,87
Milano,3375,9.101181605332084,45.498179458934395,284.54500579833984,87
Milano,3375,9.170038522904248,45.55673136296015,301.9345893859863,87
Milano,3375,9.179084219287022,45.43808245061659,800.0293197631836,87
Milano,3375,9.077571456923165,45.59174964202524,396.77172088623047,87
Milano,3375,9.214584282053508,45.561601652415824,411.0917778015137,87
Milano,3375,9.18167267107775,45.56791231060321,257.9015121459961,87
Milano,3375,9.16033138259845,45.47941740060568,809.9814300537109,87
Milano,3375,9.140840892146299,45.581437634392714,216.83076095581055,87
Milano,3375,9.150663376482447,45.49537799974315,896.1090621948242,87
Milano,3375,9.206014824381876,45.559888700431365,415.0615768432617,87
Milano,3375,9.09174888804523,45.44841175361116,618.190486907959,87
Milano,3375,9.133826213400525,45.512257169177275,401.7700958251953,87
Milano,3375,9.221251933853342,45.53582818913909,501.3816223144531,87
Milano,3375,9.141389093045582,45.47251761041399,679.9968414306641,87
Milano,3375,9.201274647795211,45.496414815212354,529.5556564331055,87
Milano,3375,9.129813053996605,45.472026062084936,434.68526458740234,87
Milano,3375,9.254493481957565,45.59257717523723,365.2637138366699,87
Milano,3375,9.138561208164553,45.534537547302165,404.5328483581543,87
Milano,3375,9.21501582401036,45.49290291943545,551.0226516723633,87
Milano,3375,9.174595405553955,45.49339917089865,629.0111198425293,87
Milano,3375,9.160316648185326,45.55936732701063,188.7884979248047,87
Milano,3375,9.217011763709852,45.49637067685491,598.1277389526367,87
Milano,3375,9.212370484968519,45.47738209585851,821.1554489135742,87
Milano,3375,9.192494796898584,45.4708835131501,768.1203231811523,87
Milano,3375,9.133402040248644,45.440167031855445,531.6177444458008,87
Milano,3375,9.178785868550433,45.54727471800588,299.49135971069336,87
Milano,3375,9.25625703865428,45.59000015363999,67.8740005493164,87
Milano,3375,9.095025922442684,45.52624612161036,231.3439064025879,87
Milano,3375,9.246553654065664,45.50845199213673,738.9123229980469,87
Milano,3375,9.131311957403515,45.4787197417686,1009.9608612060547,87
Milano,3375,9.129420438929438,45.499438299386384,385.91301345825195,87
Milano,3375,9.116756715581603,45.54324195875243,437.5884590148926,87
Milano,3375,9.166427216978168,45.438011583351276,318.9479522705078,87
Milano,3375,9.109203138206237,45.47111220415431,572.51953125,87
Milano,3375,9.177918159788453,45.49974608925328,644.0010604858398,87
Milano,3375,9.16586447233396,45.572599047324,345.25769805908203,87
Milano,3375,9.185202820355414,45.4701507673031,721.5983123779297,87
Milano,3375,9.191095297922617,45.46511914371063,449.4761772155762,87
Milano,3375,9.22240196375373,45.49180788930064,1089.220848083496,87
Milano,3375,9.178055106490683,45.47742044591567,720.3741302490234,87
Milano,3375,9.22580344466082,45.55499426388833,778.4554290771484,87
Milano,3375,9.135851566715942,45.50566125809197,748.1290283203125,87
Milano,3375,9.145161818822412,45.56000650818171,183.3682632446289,87
Milano,3375,9.215444992381503,45.45596989974932,742.8157577514648,87
Milano,3375,9.170929410188917,45.5279392987512,566.7800140380859,87
Milano,3375,9.158999274308787,45.46667691569927,736.1941604614258,87
Milano,3375,9.24665122182475,45.60253966528734,460.43981170654297,87
Milano,3375,9.146968680751725,45.45719568629253,862.7243270874023,87
Milano,3375,9.192451108457332,45.50874499305346,690.7829742431641,87
Milano,3375,9.258549661767397,45.580822131103446,315.6444969177246,87
Milano,3375,9.141814083719753,45.55851590049705,588.0434722900391,87
Milano,3375,9.239020556918161,45.50038694775297,768.6079559326172,87
Milano,3375,9.197134346758912,45.43979790509055,427.0991668701172,87
Milano,3375,9.252487836416599,45.57666644433006,529.5176391601562,87
Milano,3375,9.103332591907698,45.459414952063284,526.0117950439453,87
Milano,3375,9.1304332329552,45.461597514241134,484.5663299560547,87
Milano,3375,9.196690422751118,45.58904055911951,373.4355049133301,87
Milano,3375,9.21320399779844,45.52275027930171,221.39610290527344,87
Milano,3375,9.182033134622174,45.497262943005055,786.0600852966309,87
Milano,3375,9.174155463162382,45.43145947048282,771.798755645752,87
Milano,3375,9.175717801687448,45.6015473372052,276.8162078857422,87
Milano,3375,9.190182418761207,45.45654478398608,1066.2445373535156,87
Milano,3375,9.12787912389513,45.500576681086415,518.7768669128418,87
Milano,3375,9.221382412623198,45.50006963052997,732.9103317260742,87
Milano,3375,9.13752679084852,45.58250015366999,134.48181533813477,87
Milano,3375,9.162807555210097,45.48683046178273,912.4100646972656,87
Milano,3375,9.142194182707817,45.52995403388211,400.38655853271484,87
Milano,3375,9.16508942468489,45.46960626279554,874.330192565918,87
Milano,3375,9.155023834346345,45.45447675513394,952.2461318969727,87
Milano,3375,9.171305686822974,45.442378787078006,971.8924942016602,87
Milano,3375,9.151677702640137,45.51735897446264,308.3551597595215,87
Milano,3375,9.229893853988157,45.59765117468553,347.3220863342285,87
Milano,3375,9.240487508644923,45.48405385625405,427.7529487609863,87
Milano,3375,9.125435507736885,45.53289722081125,161.02490615844727,87
Milano,3375,9.119737189476885,45.59289521553598,273.62599182128906,87
Milano,3375,9.17292755257408,45.4585028101689,1031.203742980957,87
Milano,3375,9.12561353498822,45.44875499868538,598.0970001220703,87
Milano,3375,9.163867123330187,45.45424387233948,943.1684265136719,87
Milano,3375,9.205113210952577,45.471517139375386,780.76611328125,87
Milano,3375,9.202422962273197,45.44986625002921,697.8039093017578,87
Milano,3375,9.226467402333634,45.51181451805645,720.8242645263672,87
Milano,3375,9.139803891535157,45.526795016299396,385.80056381225586,87
Milano,3375,9.115746372306877,45.47403597664751,604.7779083251953,87
Milano,3375,9.210389147236796,45.50630731204148,345.00096130371094,87
Milano,3375,9.255019309913889,45.53413666251098,266.0121841430664,87
Milano,3375,9.151948822644078,45.60138855295365,595.9502449035645,87
Milano,3375,9.238580927635022,45.48165268434592,568.4480743408203,87
Milano,3375,9.15411053141923,45.46132447437742,739.969108581543,87
Milano,3375,9.141903840478452,45.47696275627145,595.2943458557129,87
Milano,3375,9.116515083543103,45.4298833079247,811.5509262084961,87
Milano,3375,9.19166434840974,45.537505235753116,533.8125762939453,87
Milano,3375,9.133231713837459,45.49911342470142,444.63171005249023,87
Milano,3375,9.193271685903923,45.489428360580156,559.3292045593262,87
Milano,3375,9.220223535531373,45.519132336479196,608.9832344055176,87
Milano,3375,9.190838608107176,45.437854769417136,506.9872055053711,87
Milano,3375,9.084853673987636,45.55110686052677,198.86542129516602,87
Milano,3375,9.210071392976047,45.49872371814641,713.4932670593262,87
Milano,3375,9.080474325242498,45.46483892995805,193.62738037109375,87
Milano,3375,9.126806070185566,45.600276305078886,326.8326416015625,87
Milano,3375,9.217712477492737,45.440491381783026,328.9053421020508,87
Milano,3375,9.181942987132647,45.463506622796,607.1293258666992,87
Milano,3375,9.125978057891238,45.46734600186338,434.8128356933594,87
Milano,3375,9.16475488425633,45.472431573782536,691.5589981079102,87
Milano,3375,9.199568077472886,45.54902156265626,512.9829139709473,87
Milano,3375,9.182276354131956,45.43883274456671,698.9654922485352,87
Milano,3375,9.230878785932905,45.484221206911116,819.2587890625,87
Milano,3375,9.204266486326468,45.4509586400372,828.6750411987305,87
Milano,3375,9.185152312531024,45.456934000362914,603.8087005615234,87
Milano,3375,9.189064383138598,45.468184198803115,576.2037391662598,87
Milano,3375,9.205985651930158,45.42909258260979,505.7891311645508,87
Milano,3375,9.124107402656282,45.573235153764564,403.15182876586914,87
Milano,3375,9.19223015727502,45.436543008236704,361.35888671875,87
Milano,3375,9.164060161113559,45.52646498156271,572.0007934570312,87
Milano,3375,9.226104178043563,45.488932793272014,753.3800659179688,87
Milano,3375,9.10384380064519,45.50489311345132,417.03153228759766,87
Milano,3375,9.122548468972102,45.50131772894285,432.664363861084,87
Milano,3375,9.186952123137946,45.49186630613214,852.4330825805664,87
Milano,3375,9.160012089268829,45.54992852516544,424.77536392211914,87
Milano,3375,9.201259656508341,45.42499709144215,145.02043914794922,87
Milano,3375,9.212699943230529,45.52590256166421,558.736457824707,87
Milano,3375,9.123500142060024,45.51095191608346,199.31107711791992,87
Milano,3375,9.17945479654984,45.45823866996678,899.4377136230469,87
Milano,3375,9.222085106928906,45.44084727415841,726.1588592529297,87
Milano,3375,9.144352945025519,45.51036856492871,721.7872428894043,87
Milano,3375,9.241087764452011,45.5270345461485,294.2061462402344,87
Milano,3375,9.257690529883924,45.45847501127601,270.3185729980469,87
Milano,3375,9.241979987987554,45.56820743106103,265.5418395996094,87
Milano,3375,9.084922763500312,45.43292412610568,359.1856498718262,87
Milano,3375,9.108260650010044,45.45516013482782,285.8213768005371,87
Milano,3375,9.160558995047609,45.523686376074345,813.1250228881836,87
Milano,3375,9.174576690771168,45.52819968902261,363.6060600280762,87
Milano,3375,9.178549456394643,45.510499562703934,417.8029899597168,87
Milano,3375,9.169087038791515,45.4829790064157,1061.586898803711,87
Milano,3375,9.249202855136167,45.59705232011503,367.8420867919922,87
Milano,3375,9.212773594041836,45.46463153556806,580.9683685302734,87
Milano,3375,9.206668697135047,45.47417254046256,961.5888061523438,87
Milano,3375,9.249456845198825,45.5050627925792,221.28347396850586,87
Milano,3375,9.18453677010644,45.5353384989142,417.12205505371094,87
Milano,3375,9.198608832272814,45.45509921122676,917.5422058105469,87
Milano,3375,9.171676843214088,45.48326282035188,881.8607559204102,87
Milano,3375,9.198372168467868,45.457060004011495,502.4230651855469,87
Milano,3375,9.228129825086093,45.45294406399922,364.58190536499023,87
Milano,3375,9.142661928477336,45.56915773707169,300.15977478027344,87
Milano,3375,9.120762429095265,45.43021229815916,342.4396743774414,87
Milano,3375,9.08329556106565,45.50867464916711,402.9386749267578,87
Milano,3375,9.236394480355306,45.49307719276184,535.5705833435059,87
Milano,3375,9.248667702443642,45.574766358678325,509.34787368774414,87
Milano,3375,9.233335550491812,45.43667713107564,441.0986976623535,87
Milano,3375,9.11057793537923,45.54919147075257,295.6504783630371,87
Milano,3375,9.154408526595779,45.50343212214391,458.95138931274414,87
Milano,3375,9.192928648343473,45.50543527908568,919.4233169555664,87
Milano,3375,9.211666204836108,45.55582325535555,696.7153244018555,87
Milano,3375,9.178105475768724,45.52423808022315,380.5548400878906,87
Milano,3375,9.127494535837622,45.44664999599653,872.4157791137695,87
Milano,3375,9.134529390297777,45.59975753941362,215.90601348876953,87
Milano,3375,9.247499243009997,45.54126085139489,67.76970672607422,87
Milano,3375,9.155829043720313,45.56733982754417,249.35160446166992,87
Milano,3375,9.24591968301594,45.53448000034773,285.17602920532227,87
Milano,3375,9.238219742179945,45.50775834128714,619.8919372558594,87
Milano,3375,9.197704687438698,45.48337117320134,698.9014129638672,87
Milano,3375,9.10862671890966,45.43470637939761,764.0966720581055,87
Milano,3375,9.145756575981839,45.49780518854426,948.0821380615234,87
Milano,3375,9.12679211321422,45.579778733313915,391.1732521057129,87
Milano,3375,9.162259309923275,45.430262056561446,353.8676452636719,87
Milano,3375,9.240425410787822,45.569152371575775,332.88407135009766,87
Milano,3375,9.110114153342671,45.49675640612983,434.3018569946289,87
Milano,3375,9.211552458378543,45.49739357226155,522.8738021850586,87
Milano,3375,9.248525092681938,45.52878755624368,624.0432014465332,87
Milano,3375,9.12663000491257,45.52912074229269,366.8481750488281,87
Milano,3375,9.111375715466027,45.46670876375804,341.60740661621094,87
Milano,3375,9.172497034739983,45.478742535191905,1066.3052062988281,87
Milano,3375,9.236510750530357,45.47993445247345,810.5070114135742,87
Milano,3375,9.191826491432465,45.46236541427373,557.3460693359375,87
Milano,3375,9.118024243583902,45.518076194100935,105.00757217407227,87
Milano,3375,9.17495211148713,45.44262689558977,990.8185043334961,87
Milano,3375,9.23711626943662,45.48695478306958,512.0810623168945,87
Milano,3375,9.120829788497149,45.517500153929994,100.41384887695312,87
Milano,3375,9.248148988774718,45.60506536714067,437.9835891723633,87
Milano,3375,9.135957440404985,45.46508506313478,835.826602935791,87
Milano,3375,9.190804775814941,45.503053462078896,730.9520683288574,87
Milano,3375,9.20501497190781,45.478066110934314,688.3522720336914,87
Milano,3375,9.111236835923634,45.46247143672265,347.0548629760742,87
Milano,3375,9.136476530580687,45.516521700791465,522.4581146240234,87
Milano,3375,9.167685519147069,45.47684482105204,1097.7694854736328,87
Milano,3375,9.107088519716724,45.427541251883305,547.9872055053711,87
Milano,3375,9.114998304321395,45.54743923861334,463.9593200683594,87
Milano,3375,9.198005748579499,45.510135296106306,477.65706634521484,87
Milano,3375,9.212999936212967,45.50966028674326,276.779052734375,87
Milano,3375,9.11244682732308,45.49115220207238,349.974178314209,87
Milano,3375,9.174355566472348,45.51264529654818,623.9181709289551,87
Milano,3375,9.229999243079996,45.607500153569994,33.67829132080078,87
Milano,3375,9.163026970286671,45.5156397559907,422.2941703796387,87
Milano,3375,9.11670266778238,45.50026203345838,370.74261474609375,87
Milano,3375,9.154529820660976,45.42601404994827,308.10193252563477,87
Milano,3375,9.14534283652518,45.47235838108628,505.11798095703125,87
Milano,3375,9.142686547504722,45.59040394837397,457.0314025878906,87
Milano,3375,9.200932411784699,45.464893952237134,593.6045684814453,87
Milano,3375,9.225819639519282,45.4445709559111,533.509895324707,87
Milano,3375,9.207507215240456,45.47170902031512,898.5146789550781,87
Milano,3375,9.23209924825158,45.526742712643895,365.61341094970703,87
Milano,3375,9.20155890062203,45.429077757458636,702.5189971923828,87
Milano,3375,9.231534985402051,45.49760590928134,500.6168746948242,87
Milano,3375,9.17459455019204,45.481494953266356,1379.5235900878906,87
Milano,3375,9.207489375982963,45.5529070408586,459.5945854187012,87
Milano,3375,9.140710192553698,45.535051351377426,311.745792388916,87
Milano,3375,9.145390057343603,45.602115645700636,148.8455810546875,87
Milano,3375,9.245416944447479,45.50179621609419,573.5801391601562,87
Milano,3375,9.139241530926714,45.44236316863754,456.63136291503906,87
Milano,3375,9.226397122556474,45.48068133052744,651.1848487854004,87
Milano,3375,9.212984292365139,45.505242928286826,201.58858108520508,87
Milano,3375,9.144197807739697,45.5208314361672,245.0703010559082,87
Milano,3375,9.130681057963173,45.44113320708377,278.91210174560547,87
Milano,3375,9.139380842730256,45.468533080586255,786.7318267822266,87
Milano,3375,9.124835938432884,45.515497068197774,691.0651588439941,87
Milano,3375,9.141895946146128,45.48180851211316,299.38597106933594,87
Milano,3375,9.175399390102458,45.466619887435236,708.5387649536133,87
Milano,3375,9.156920717310921,45.60778363088232,109.15868377685547,87
Milano,3375,9.184731553849113,45.54856457883661,490.8966407775879,87
Milano,3375,9.167480475483178,45.569833132623415,226.31487274169922,87
Milano,3375,9.164751731623713,45.43401119743109,355.0962600708008,87
Milano,3375,9.125981882661133,45.44461813515119,411.548282623291,87
Milano,3375,9.158116888870262,45.51504038473947,366.3256607055664,87
Milano,3375,9.225046901529213,45.503453556495664,640.8209571838379,87
Milano,3375,9.18430827720647,45.493704985481976,942.8365249633789,87
Milano,3375,9.128997865690378,45.60152884486382,300.43579483032227,87
Milano,3375,9.186955276502932,45.46089154879527,781.4512405395508,87
Milano,3375,9.143485536916648,45.453917903541324,765.2499465942383,87
Milano,3375,9.169161609214825,45.51375389135898,582.7452011108398,87
Milano,3375,9.198055425207635,45.495773807596834,1145.295783996582,87
Milano,3375,9.128541126003862,45.4670903225725,855.9819030761719,87
Milano,3375,9.183773524260012,45.54042742601876,362.10082244873047,87
Milano,3375,9.24930427147479,45.60339761366421,464.50228118896484,87
Milano,3375,9.09949393800913,45.5008946646045,324.36306381225586,87
Milano,3375,9.0997334037425,45.498479266602466,226.35463333129883,87
Milano,3375,9.111208647174422,45.47466017073555,294.5436706542969,87
Milano,3375,9.202201329644783,45.5117428120568,787.9484100341797,87
Milano,3375,9.083833846644254,45.51155669653388,419.7906951904297,87
Milano,3375,9.187475847552019,45.45754735579625,561.9180068969727,87
Milano,3375,9.093292320602192,45.43940116725992,496.9978713989258,87
Milano,3375,9.103222762863009,45.433940523013064,231.3655548095703,87
Milano,3375,9.154342174688084,45.49300937074804,523.5687866210938,87
Milano,3375,9.113670200140918,45.440082843635935,449.1647758483887,87
Milano,3375,9.231883264788797,45.54303123297679,703.0031509399414,87
Milano,3375,9.133644516325958,45.50343728314594,460.15956115722656,87
Milano,3375,9.231832410272421,45.459871750654266,427.61821365356445,87
Milano,3375,9.120282360557662,45.52051479563962,267.05524826049805,87
Milano,3375,9.162773374822345,45.513717734684036,498.8973693847656,87
Milano,3375,9.225727438053353,45.57968704178096,353.40794372558594,87
Milano,3375,9.23842109230562,45.45280458758225,350.165958404541,87
Milano,3375,9.128542706122694,45.57836680409403,374.37294006347656,87
Milano,3375,9.15791741034899,45.56161181104383,254.8839225769043,87
Milano,3375,9.19671002283198,45.51990371402296,395.12731552124023,87
Milano,3375,9.13081450777545,45.475659182817594,527.581958770752,87
Milano,3375,9.159870989705809,45.50071531036245,573.6356964111328,87
Milano,3375,9.241200767179865,45.60107341141092,417.7494583129883,87
Milano,3375,9.13873365223159,45.454222206337604,537.1696395874023,87
Milano,3375,9.158373650601241,45.4352781721145,711.4795722961426,87
Milano,3375,9.124017042111573,45.49497986218805,383.84314727783203,87
Milano,3375,9.19162676529021,45.55083087621692,538.1407928466797,87
Milano,3375,9.1137490682472,45.46125947257751,265.913272857666,87
Milano,3375,9.219896126595392,45.487478909501014,821.4587898254395,87
Milano,3375,9.23094427671782,45.50778057815473,528.5073165893555,87
Milano,3375,9.25332590487223,45.5330449720999,515.3574447631836,87
Milano,3375,9.188420529056694,45.47923985893099,669.8599014282227,87
Milano,3375,9.141575873413172,45.461487722374166,866.359058380127,87
Milano,3375,9.11763304847375,45.57252719532201,394.51972579956055,87
Milano,3375,9.113349631667663,45.47484868910019,554.9046325683594,87
Milano,3375,9.253829797945135,45.595663095976875,293.0725898742676,87
Milano,3375,9.110884281410408,45.53937296371337,161.64516067504883,87
Milano,3375,9.223746091970765,45.4424671622206,489.4653778076172,87
Milano,3375,9.192496156337214,45.58709407106456,437.7044448852539,87
Milano,3375,9.077358943959709,45.57163890683999,310.28305435180664,87
Milano,3375,9.14530121567427,45.606342855569196,388.46401596069336,87
Milano,3375,9.149040962419546,45.57152324121523,393.26953125,87
Milano,3375,9.186685583999083,45.55243026374672,509.3151664733887,87
Milano,3375,9.092305168829137,45.45804529242714,707.5797119140625,87
Milano,3375,9.186455742866958,45.49646347415971,610.8454704284668,87
Milano,3375,9.163710938078077,45.49605284465562,641.9856872558594,87
Milano,3375,9.203130478141198,45.437460042323494,261.04243087768555,87
Milano,3375,9.187755941228174,45.53208465654735,297.70013427734375,87
Milano,3375,9.173613925753566,45.471751138465436,247.71088409423828,87
Milano,3375,9.087172157518237,45.44696250414258,666.0999794006348,87
Milano,3375,9.116689271865383,45.422285952486426,313.3371047973633,87
Milano,3375,9.16840220461316,45.463246979685344,904.8548355102539,87
Milano,3375,9.223449222430329,45.4521080832059,915.5442581176758,87
Milano,3375,9.223915467479221,45.502256462978345,484.9576873779297,87
Milano,3375,9.1474934047818,45.44429498750704,416.1163902282715,87
Milano,3375,9.180462856888852,45.470547715407534,876.7604217529297,87
Milano,3375,9.239628319951073,45.53256392029017,736.8132171630859,87
Milano,3375,9.140604617016148,45.45483983705439,625.2809448242188,87
Milano,3375,9.13536882738143,45.508320116214584,384.82995986938477,87
Milano,3375,9.242749887162761,45.51045239630598,443.34721755981445,87
Milano,3375,9.168814032114309,45.44968494001975,894.0018348693848,87
Milano,3375,9.194025433096275,45.480247825990375,832.5268020629883,87
Milano,3375,9.103723341795869,45.454368792768115,248.67825317382812,87
Milano,3375,9.183149444348604,45.4491594229595,645.8576812744141,87
Milano,3375,9.158710351483741,45.45673564770091,891.0732955932617,87
Milano,3375,9.229498778134172,45.5409873296157,677.3392639160156,87
Milano,3375,9.20122054457209,45.45785980001486,567.7192649841309,87
Milano,3375,9.128332576819997,45.4380752321672,109.57817459106445,87
Milano,3375,9.191278895015339,45.45899301810363,977.5592193603516,87
Milano,3375,9.140146127729476,45.54664073035751,219.9239158630371,87
Milano,3375,9.108177771523637,45.5089233430692,315.51641845703125,87
Milano,3375,9.193295552100956,45.531591737657266,694.0385398864746,87
Milano,3375,9.178719570349562,45.54291013520697,221.03653717041016,87
Milano,3375,9.15354746530766,45.45161985830762,894.7471237182617,87
Milano,3375,9.22734647746881,45.45962125705006,290.59903717041016,87
Milano,3375,9.156055668297519,45.49680076949044,564.887825012207,87
Milano,3375,9.251407152879498,45.53146277800654,699.7250823974609,87
Milano,3375,9.184302793752906,45.43061245669421,493.3841781616211,87
Milano,3375,9.24481168405916,45.485158758232934,476.8957633972168,87
Milano,3375,9.13711643898146,45.58124401345398,216.22026443481445,87
Milano,3375,9.143402988931737,45.60762563509938,369.47024154663086,87
Milano,3375,9.235312043210644,45.465932949109536,364.6924629211426,87
Milano,3375,9.144781894733285,45.57292094290209,428.5240936279297,87
Milano,3375,9.207513724774099,45.55091475171525,658.3601455688477,87
Milano,3375,9.088302773389374,45.438875808212345,624.5143280029297,87
Milano,3375,9.227400905227757,45.44124052702426,487.58879470825195,87
Milano,3375,9.14673217962154,45.46335952923871,712.5544853210449,87
Milano,3375,9.10541258921557,45.42838825015023,539.8248443603516,87
Milano,3375,9.177120559874139,45.542097019313466,233.67219161987305,87
Milano,3375,9.180821499881931,45.45604687576616,991.2268829345703,87
Milano,3375,9.243170164666074,45.48011452254282,380.21619415283203,87
Milano,3375,9.247662053951961,45.50536821748903,362.4937400817871,87
Milano,3375,9.234974074372461,45.55502532246753,66.9554443359375,87
Milano,3375,9.087330211778314,45.45660583822918,803.7392311096191,87
Milano,3375,9.1196143933386,45.44151071222254,288.31014251708984,87
Milano,3375,9.204080926446817,45.55883721167847,336.3204231262207,87
Milano,3375,9.160623616267749,45.482632852839174,411.7562370300293,87
Milano,3375,9.223750318809874,45.54125378477197,356.0533447265625,87
Milano,3375,9.238037758598919,45.49054508750294,329.36728286743164,87
Milano,3375,9.199838410558382,45.45032196316356,971.6374931335449,87
Milano,3375,9.135772234200992,45.53402322047111,479.5412063598633,87
Milano,3375,9.233585440899049,45.54428147325094,643.9190864562988,87
Milano,3375,9.165738459642329,45.501383624080134,879.3086624145508,87
Milano,3375,9.236118547904669,45.5370891736324,798.6530914306641,87
Milano,3375,9.193711264185422,45.43527675715059,390.2173385620117,87
Milano,3375,9.247173278923993,45.54976717270664,436.24706649780273,87
Milano,3375,9.152665154199243,45.447306637588404,440.8669242858887,87
Milano,3375,9.142349417589381,45.44605225379557,473.05956649780273,87
Milano,3375,9.24988087666846,45.57665595439118,579.6038246154785,87
Milano,3375,9.098726423088959,45.43826258335085,519.3525161743164,87
Milano,3375,9.178673855485917,45.541266485967455,200.79794692993164,87
Milano,3375,9.188331127301456,45.454762104316316,739.5247421264648,87
Milano,3375,9.224893017061772,45.48738821449373,829.3148574829102,87
Milano,3375,9.184288719062332,45.49653052551477,680.8305282592773,87
Milano,3375,9.167126470517877,45.50833348729999,74.93167495727539,87
Milano,3375,9.145007309098952,45.53343280293425,414.94129943847656,87
Milano,3375,9.120736719709434,45.52194298134465,296.89044189453125,87
Milano,3375,9.22944587919571,45.5341252382791,494.9528045654297,87
Milano,3375,9.2152596662758,45.52971236371954,215.01299285888672,87
Milano,3375,9.179126387596037,45.54503041472202,358.73504638671875,87
Milano,3375,9.191204564332514,45.58856832236087,375.78625869750977,87
Milano,3375,9.23039717673255,45.4616907669034,564.2352905273438,87
Milano,3375,9.145557480482047,45.54612151312526,101.6004524230957,87
Milano,3375,9.244124606500394,45.4425501214936,299.1111259460449,87
Milano,3375,9.164966428328068,45.461294567957026,638.473991394043,87
Milano,3375,9.239606717372917,45.46623394317818,150.16905212402344,87
Milano,3375,9.190038428823913,45.46108453241309,509.17799377441406,87
Milano,3375,9.258752192012112,45.59666765006061,295.72486114501953,87
Milano,3375,9.138512242364351,45.474831555461,598.8217239379883,87
Milano,3375,9.24477918393217,45.51584615768964,605.8135223388672,87
Milano,3375,9.126634956013552,45.51330555229199,603.0649528503418,87
Milano,3375,9.174810493845289,45.597834537489,197.972900390625,87
Milano,3375,9.122638582584145,45.578357609823,430.1520195007324,87
Milano,3375,9.253996892675817,45.52614724934041,493.3842430114746,87
Milano,3375,9.205108374307422,45.51551527161396,564.5945281982422,87
Milano,3375,9.124317114700526,45.54464454561917,279.6034851074219,87
Milano,3375,9.16065837053135,45.47445224260666,884.9139862060547,87
Milano,3375,9.183892201243436,45.487142124902775,600.8272933959961,87
Milano,3375,9.120190130956564,45.42745101379434,428.0707244873047,87
Milano,3375,9.188259628701614,45.53953704137259,483.22424697875977,87
Milano,3375,9.225701042905417,45.45164740992532,643.910099029541,87
Milano,3375,9.24407776420932,45.48868684027387,282.9092140197754,87
Milano,3375,9.167784702312709,45.48556974189833,968.061408996582,87
Milano,3375,9.197610679247259,45.44990622011855,783.9336700439453,87
Milano,3375,9.135407871945354,45.51287373654925,345.23670196533203,87
Milano,3375,9.116253477678391,45.5095681716315,151.86384963989258,87
Milano,3375,9.174169173766826,45.502910817777924,471.20599365234375,87
Milano,3375,9.208190982811836,45.522642320094405,442.67435455322266,87
Milano,3375,9.165019588087176,45.56374649294235,224.12554550170898,87
Milano,3375,9.222113704905116,45.50390778516565,487.7442398071289,87
Milano,3375,9.230672858713818,45.590097546875896,369.5639190673828,87
Milano,3375,9.136147705020225,45.51454538994797,333.8297882080078,87
Milano,3375,9.157980183626544,45.48103738104797,601.674747467041,87
Milano,3375,9.122503247939578,45.60165268331733,455.2575988769531,87
Milano,3375,9.223510124869785,45.5553082194813,659.5456275939941,87
Milano,3375,9.09879423326454,45.54250015382999,79.51253509521484,87
Milano,3375,9.245842751082368,45.4543120522583,529.0411911010742,87
Milano,3375,9.221209557334088,45.56371036235677,252.91088485717773,87
Milano,3375,9.112010040516125,45.49433050629464,292.62514877319336,87
Milano,3375,9.185400918684568,45.48792618996344,360.29557037353516,87
Milano,3375,9.079904667375155,45.45218349401106,392.7242012023926,87
Milano,3375,9.135662441458086,45.59253013939337,507.9938049316406,87
Milano,3375,9.200284503063019,45.530220898965666,245.25708389282227,87
Milano,3375,9.22582814765673,45.45389044876377,467.4477958679199,87
Milano,3375,9.11394605899824,45.42666698147475,422.07347869873047,87
Milano,3375,9.209562687000918,45.58861619736319,297.70107650756836,87
Milano,3375,9.220832576449997,45.54962591307497,113.67182540893555,87
Milano,3375,9.145537598738654,45.45510924200138,522.6495170593262,87
Milano,3375,9.18699496797104,45.536486206882145,524.0686721801758,87
Milano,3375,9.146615307117226,45.480881570031386,590.8700485229492,87
Milano,3375,9.216682342008152,45.45172134934746,737.8980865478516,87
Milano,3375,9.129058066962454,45.529116630371746,308.21045684814453,87
Milano,3375,9.205148148655761,45.51161615680588,707.1317176818848,87
Milano,3375,9.21775374385092,45.48242852479003,915.2047576904297,87
Milano,3375,9.232238419632111,45.59408053730707,532.7242660522461,87
Milano,3375,9.154566733197145,45.42948325784139,272.54291915893555,87
Milano,3375,9.193852058055299,45.45070126469714,515.4775466918945,87
Milano,3375,9.195731436277335,45.45111689086429,920.0864791870117,87
Milano,3375,9.20126387838301,45.50324664104796,635.2550315856934,87
Milano,3375,9.227262342204568,45.53821547543065,611.4448394775391,87
Milano,3375,9.151689090273665,45.42792920932668,243.2098045349121,87
Milano,3375,9.25875942543722,45.45755824982458,188.8082046508789,87
Milano,3375,9.103737490462576,45.47915385428458,146.5214614868164,87
Milano,3375,9.084828014829142,45.47467301795482,170.1534309387207,87
Milano,3375,9.216536587679721,45.46211928713788,553.2705039978027,87
Milano,3375,9.204146258672955,45.48343459510941,608.232250213623,87
Milano,3375,9.20159373583994,45.55211396713369,388.0573616027832,87
Milano,3375,9.188810758581686,45.53572215480736,419.1220245361328,87
Milano,3375,9.132074708976052,45.4608593549765,534.7625579833984,87
Milano,3375,9.14080803406984,45.51250607653358,576.9864196777344,87
Milano,3375,9.209275643388114,45.55676682322602,619.3484344482422,87
Milano,3375,9.192504127079173,45.43960433393464,595.8389892578125,87
Milano,3375,9.126922486178342,45.417223185292926,126.05499267578125,87
Milano,3375,9.186030390196299,45.55032733683232,494.8258590698242,87
Milano,3375,9.17013449519648,45.47820879063833,757.3506469726562,87
Milano,3375,9.092350529068666,45.450487658502475,456.32026290893555,87
Milano,3375,9.144786425457074,45.45052140633584,904.826904296875,87
Milano,3375,9.188981209586963,45.43437578804404,442.2809638977051,87
Milano,3375,9.12106164080147,45.569254873214255,527.4538993835449,87
Milano,3375,9.237630341633587,45.53837903835684,590.217586517334,87
Milano,3375,9.226339296323854,45.506808603619845,338.2577209472656,87
Milano,3375,9.141031295608212,45.44157948635848,441.90796279907227,87
Milano,3375,9.171297520628316,45.45180782342557,1117.9661026000977,87
Milano,3375,9.256536616436625,45.59822508229228,463.93459701538086,87
Milano,3375,9.206519551888587,45.45009296556068,764.3668899536133,87
Milano,3375,9.236932873916404,45.513060105206314,101.1159782409668,87
Milano,3375,9.114590860050473,45.42999632982144,521.851318359375,87
Milano,3375,9.12369669042454,45.48920081803762,371.1124458312988,87
Milano,3375,9.118780664586552,45.45665679107499,593.7710952758789,87
Milano,3375,9.11127621941736,45.42466635330793,562.080322265625,87
Milano,3375,9.242527893436344,45.46879017146148,276.9263381958008,87
Milano,3375,9.122634500439956,45.420604662670826,332.5056800842285,87
Milano,3375,9.193307877289394,45.53415004033503,867.2432327270508,87
Milano,3375,9.221002179924842,45.45171056904285,753.0878295898438,87
Milano,3375,9.125000943318842,45.50999703619002,193.7792205810547,87
Milano,3375,9.151751217102124,45.571550885918676,232.48198318481445,87
Milano,3375,9.245820356112612,45.45639694853302,576.7010955810547,87
Milano,3375,9.135006968819047,45.47084587525324,851.7028884887695,87
Milano,3375,9.125157887068134,45.5013736867804,605.0165367126465,87
Milano,3375,9.221997256419945,45.594574127116196,308.3836097717285,87
Milano,3375,9.243420870586418,45.45991389417537,639.6671905517578,87
Milano,3375,9.163734301038478,45.542386101654124,388.5502738952637,87
Milano,3375,9.170327271380666,45.46599326438443,449.5051040649414,87
Milano,3375,9.22514785270705,45.513874927622716,409.0502471923828,87
Milano,3375,9.204568216803468,45.58916736416769,249.1132354736328,87
Milano,3375,9.15509492396958,45.607760789784294,249.24874114990234,87
Milano,3375,9.13387937383503,45.48407174611349,353.85874938964844,87
Milano,3375,9.139410094075096,45.471668763153716,701.9433822631836,87
Milano,3375,9.256763443728008,45.5961288070183,323.189510345459,87
Milano,3375,9.200784164241968,45.46794246644253,751.0125427246094,87
Milano,3375,9.156012463917921,45.49408148232588,661.1963195800781,87
Milano,3375,9.135920233267264,45.572627567818245,341.328125,87
Milano,3375,9.235140859100873,45.52917307493582,822.0915641784668,87
Milano,3375,9.205764117561483,45.42707798542219,281.64160537719727,87
Milano,3375,9.209077238433773,45.47438596854537,889.1008529663086,87
Milano,3375,9.169713324277161,45.45825483691306,1007.743824005127,87
Milano,3375,9.20674014552014,45.51624923889366,724.6537742614746,87
Milano,3375,9.19674961146275,45.459074857184355,662.7304992675781,87
Milano,3375,9.162101626820917,45.480779632351954,789.9506645202637,87
Milano,3375,9.144529769658998,45.49478342025869,628.6693725585938,87
Milano,3375,9.19516007591962,45.49437156628763,1096.3874053955078,87
Milano,3375,9.210329595634272,45.46399712547041,519.8128204345703,87
Milano,3375,9.230020721545165,45.46416899325848,671.446533203125,87
Milano,3375,9.223025372111255,45.474399388925015,836.0722122192383,87
Milano,3375,9.107359364934725,45.50313600150806,598.125415802002,87
Milano,3375,9.219506644580658,45.49869736468328,553.4037437438965,87
Milano,3375,9.14725575465446,45.60797532856013,316.93982696533203,87
Milano,3375,9.157530258484597,45.48538729208016,482.2274856567383,87
Milano,3375,9.167933075623997,45.44011305528988,398.3575439453125,87
Milano,3375,9.242901925734438,45.43196491123651,446.1879425048828,87
Milano,3375,9.110674985085172,45.49218494713434,293.64622497558594,87
Milano,3375,9.180228643994585,45.50112498373157,677.9841079711914,87
Milano,3375,9.216986693946811,45.47246191359115,1064.8339157104492,87
Milano,3375,9.152738897300774,45.42646705868306,157.14374160766602,87
Milano,3375,9.120026559501046,45.49192545675383,486.3345527648926,87
Milano,3375,9.239599807536699,45.46963955088699,200.63048934936523,87
Milano,3375,9.254421493933144,45.60099465279552,413.09216690063477,87
Milano,3375,9.15883343766385,45.5276618676472,438.9483184814453,87
Milano,3375,9.201203267574993,45.58841626905349,179.81705856323242,87
Milano,3375,9.175594262641743,45.559639983754714,248.4325828552246,87
Milano,3375,9.253230533596694,45.52891728497052,638.763801574707,87
Milano,3375,9.203327785310792,45.50000013501165,720.8847274780273,87
Milano,3375,9.206098510163,45.50448693065505,402.34944915771484,87
Milano,3375,9.203198743408239,45.45526939123879,719.3558959960938,87
Milano,3375,9.156324561164851,45.52597396082977,352.0865783691406,87
Milano,3375,9.248499402598638,45.50228747499503,414.87542724609375,87
Milano,3375,9.154165910049997,45.58375194989992,66.0078239440918,87
Milano,3375,9.24783891567744,45.51548427331471,751.7517547607422,87
Milano,3375,9.247569911102216,45.52629327213375,539.2673835754395,87
Milano,3375,9.223380239701964,45.522785353651884,630.4999160766602,87
Milano,3375,9.20874899817636,45.480008494452676,646.4784393310547,87
Milano,3375,9.226133590416548,45.44798168420373,266.1163444519043,87
Milano,3375,9.19668687436669,45.464966767835044,815.3162002563477,87
Milano,3375,9.20084282817385,45.47973938880173,712.0165939331055,87
Milano,3375,9.229177972450024,45.52178608645223,531.4289817810059,87
Milano,3375,9.22152346051435,45.53877412070273,278.8544006347656,87
Milano,3375,9.182141299590027,45.5021833072901,445.4592742919922,87
Milano,3375,9.138815407741678,45.499332241188654,780.0194702148438,87
Milano,3375,9.228115291534989,45.54898463801025,708.5546035766602,87
Milano,3375,9.238731487557622,45.45869410325856,472.40674209594727,87
Milano,3375,9.148005482417375,45.44188195319739,612.8491363525391,87
Milano,3375,9.192943946001533,45.46459757494561,478.93900299072266,87
Milano,3375,9.23301595839878,45.591385637098284,324.51404571533203,87
Milano,3375,9.177575422421787,45.51170278999924,389.62187576293945,87
Milano,3375,9.204412724608163,45.448073440376646,940.0505752563477,87
Milano,3375,9.23973596488994,45.493027180788,105.90347290039062,87
Milano,3375,9.236077129703682,45.4350507261158,385.9457702636719,87
Milano,3375,9.2111742650402,45.473559839841734,911.9349212646484,87
Milano,3375,9.177114235980453,45.54420454724049,283.6353225708008,87
Milano,3375,9.227499243089998,45.567074232148904,90.45149612426758,87
Milano,3375,9.215830531511424,45.528789786518146,192.06938934326172,87
Milano,3375,9.199914969707722,45.44611985043189,784.0157127380371,87
Milano,3375,9.077238790811002,45.42364477827509,227.98862075805664,87
Milano,3375,9.109804965140532,45.52427827036703,179.29973983764648,87
Milano,3375,9.151666134285986,45.60665923826135,360.3864288330078,87
Milano,3375,9.228152218273438,45.461304826235875,458.1717529296875,87
Milano,3375,9.11849996809822,45.42099689985593,306.76953887939453,87
Milano,3375,9.10183502108805,45.50443676655102,663.2281837463379,87
Milano,3375,9.22934484996624,45.51914988168833,586.803150177002,87
Milano,3375,9.22008749159244,45.48991404834181,789.5101089477539,87
Milano,3375,9.133470764968772,45.496335428090454,588.9696578979492,87
Milano,3375,9.254165909649997,45.47916682074999,34.69647216796875,87
Milano,3375,9.157201370026279,45.487321631232646,817.5759887695312,87
Milano,3375,9.217436376799537,45.434340893585315,360.1231002807617,87
Milano,3375,9.104196663876628,45.494021180728346,434.9146499633789,87
Milano,3375,9.251422522151445,45.60083604777146,274.80753326416016,87
Milano,3375,9.137734414364925,45.51831474882556,629.9526443481445,87
Milano,3375,9.13903315413712,45.45154765903559,815.7948989868164,87
Milano,3375,9.15328984871648,45.47276793876119,604.2098846435547,87
Milano,3375,9.17124899872097,45.50331347167763,709.7366027832031,87
Milano,3375,9.098584433552304,45.45894550418015,539.929069519043,87
Milano,3375,9.141638002286044,45.5462391255741,148.0048065185547,87
Milano,3375,9.235055763880773,45.46848493370321,628.3473968505859,87
Milano,3375,9.171667032334616,45.515002639278876,845.9415054321289,87
Milano,3375,9.16087209156228,45.580011335306985,322.4749755859375,87
Milano,3375,9.24355740542055,45.60450964709584,265.91061782836914,87
Milano,3375,9.153325868941582,45.43105888787017,370.76711654663086,87
Milano,3375,9.128804569336555,45.5131066615332,445.2519760131836,87
Milano,3375,9.13064260873174,45.57991700154095,305.14208602905273,87
Milano,3375,9.117706870557667,45.52782865819617,615.3506660461426,87
Milano,3375,9.24515599481011,45.52668039696679,362.72396087646484,87
Milano,3375,9.136531200676396,45.57944480784433,350.1866989135742,87
Milano,3375,9.123507417963,45.45418640472153,879.9753379821777,87
Milano,3375,9.11114203308161,45.44390855525651,325.87255477905273,87
Milano,3375,9.230422591130454,45.58083348700999,73.31183242797852,87
Milano,3375,9.170120510472834,45.5657153087911,323.2251167297363,87
Milano,3375,9.117986353942774,45.48011017974318,382.77738189697266,87
Milano,3375,9.247622478007479,45.51073455656033,772.2499046325684,87
Milano,3375,9.171690371347957,45.50894837784576,262.79782485961914,87
Milano,3375,9.206373645395821,45.607652437277814,212.94460678100586,87
Milano,3375,9.227956824990082,45.43022136561257,377.14228439331055,87
Milano,3375,9.203158820117588,45.590988475067554,285.5564880371094,87
Milano,3375,9.113673755470005,45.52571256229021,404.6908149719238,87
Milano,3375,9.209243919276402,45.46095414801181,761.0401916503906,87
Milano,3375,9.223320435778625,45.48541688297949,652.485595703125,87
Milano,3375,9.223013422362802,45.59896867282543,219.72021865844727,87
Milano,3375,9.158707171658813,45.50938142815251,148.43330001831055,87
Milano,3375,9.229453547341908,45.514831000438036,377.2292137145996,87
Milano,3375,9.109580249021311,45.43771374285912,536.7556343078613,87
Milano,3375,9.166615785777374,45.52531519037954,739.7622566223145,87
Milano,3375,9.15067532544343,45.4504828234739,470.73290252685547,87
Milano,3375,9.159864768272712,45.498390649236455,411.0559730529785,87
Milano,3375,9.147235800232394,45.501849632829305,626.0111312866211,87
Milano,3375,9.196665909879997,45.42957368214509,67.3404769897461,87
Milano,3375,9.218798300616353,45.47068301918247,935.8014068603516,87
Milano,3375,9.255371774325315,45.57596320615456,531.2651672363281,87
Milano,3375,9.192430659456118,45.59069588084492,408.6051254272461,87
Milano,3375,9.1995796709473,45.552125286374746,557.3057861328125,87
Milano,3375,9.133568317696616,45.53654329088399,415.2165412902832,87
Milano,3375,9.201061140496543,45.46178811229381,444.4363670349121,87
Milano,3375,9.158753659973613,45.58749066708624,133.23437118530273,87
Milano,3375,9.120031858771757,45.53878005557656,320.1735153198242,87
Milano,3375,9.123490985242311,45.4364991433951,419.8759117126465,87
Milano,3375,9.21946242789568,45.51310226315566,368.1702308654785,87
Milano,3375,9.213965673129534,45.55465245067996,388.94081115722656,87
Milano,3375,9.119342606598941,45.4696163456289,487.02450942993164,87
Milano,3375,9.157755968522954,45.55471855747961,116.89940643310547,87
Milano,3375,9.206641970222352,45.45499292244088,883.4729232788086,87
Milano,3375,9.255563631366071,45.42136578141194,118.75045776367188,87
Milano,3375,9.220665086938377,45.432784109776165,307.82068634033203,87
Milano,3375,9.090807661814877,45.44521851426023,429.6635513305664,87
Milano,3375,9.133414044649903,45.44985664845903,817.686897277832,87
Milano,3375,9.178132034302298,45.552467331222836,379.6949157714844,87
Milano,3375,9.123510219814367,45.46002231239552,469.49016189575195,87
Milano,3375,9.145130145376777,45.44246994956237,426.281795501709,87
Milano,3375,9.207064129094707,45.55743591500836,420.7776107788086,87
Milano,3375,9.14622406267254,45.51319676517294,497.17840576171875,87
Milano,3375,9.087617627745496,45.478246765636875,471.06594467163086,87
Milano,3375,9.151672272467472,45.5790063136917,329.1499557495117,87
Milano,3375,9.156050236505903,45.49082332854503,480.9590377807617,87
Milano,3375,9.153456557623066,45.580115979217176,307.0522003173828,87
Milano,3375,9.187304460418277,45.488518079988154,769.7233810424805,87
Milano,3375,9.141501954567747,45.5787620687584,341.6344757080078,87
Milano,3375,9.106624528218582,45.432581944855485,576.7067909240723,87
Milano,3375,9.099999243599997,45.415386085707595,73.36767196655273,87
Milano,3375,9.171722825069676,45.41391937583365,301.789005279541,87
Milano,3375,9.119920321705534,45.59991745093825,453.40330505371094,87
Milano,3375,9.184155995168814,45.49871604314102,468.6637420654297,87
Milano,3375,9.127635027862924,45.53303131598918,323.37831115722656,87
Milano,3375,9.171648661595736,45.50552880394211,588.3630638122559,87
Milano,3375,9.135549255538194,45.44590239724718,467.4903144836426,87
Milano,3375,9.115293170097054,45.545088399990696,510.7668266296387,87
Milano,3375,9.101647491031644,45.540614572964266,300.7580909729004,87
Milano,3375,9.208422289098852,45.56654313588863,396.4363098144531,87
Milano,3375,9.128332342219586,45.4741340679145,772.125244140625,87
Milano,3375,9.21364905934192,45.479814585146485,730.385856628418,87
Milano,3375,9.135821738879832,45.448590986493414,626.5804214477539,87
Milano,3375,9.208540797447668,45.569982680631234,149.01051330566406,87
Milano,3375,9.097366664862612,45.458013502102446,286.8091697692871,87
Milano,3375,9.22637394609861,45.552572646511244,553.9110221862793,87
Milano,3375,9.184015551849464,45.509314720114226,368.8715057373047,87
Milano,3375,9.135654554579395,45.473815969794174,471.36814880371094,87
Milano,3375,9.174976396340139,45.56581961139383,291.5221405029297,87
Milano,3375,9.248025018665903,45.433405277656725,444.85419845581055,87
Milano,3375,9.224438866005107,45.46089429193294,578.5194091796875,87
Milano,3375,9.198207691846399,45.507424656744284,741.9586791992188,87
Milano,3375,9.21101933471967,45.468737549344155,873.7853927612305,87
Milano,3375,9.190741454099411,45.592679468609035,193.66131591796875,87
Milano,3375,9.11298078267123,45.493127816173434,335.36215591430664,87
Milano,3375,9.246405958459055,45.487372161229196,349.57017517089844,87
Milano,3375,9.199072463031554,45.4907377735085,738.4681854248047,87
Milano,3375,9.224151053215804,45.49629012848821,605.6222229003906,87
Milano,3375,9.231185029141797,45.48680242264955,1202.7011337280273,87
Milano,3375,9.091503425290673,45.46225491847283,618.912769317627,87
Milano,3375,9.151829323806794,45.48469793052244,441.96704864501953,87
Milano,3375,9.232050478381503,45.52074636229689,553.0765228271484,87
Milano,3375,9.224020752939762,45.53974873707028,298.358097076416,87
Milano,3375,9.185745231405173,45.54233781815838,686.91650390625,87
Milano,3375,9.163707746396375,45.599186759008305,321.2182159423828,87
Milano,3375,9.187519295734148,45.446861384965906,609.1830444335938,87
Milano,3375,9.128179213443747,45.41133764991474,181.6390151977539,87
Milano,3375,9.223474711472633,45.46765034415381,493.75244140625,87
Milano,3375,9.233200442707702,45.47037845635424,633.739013671875,87
Milano,3375,9.107305539516364,45.50099419379811,488.6709213256836,87
Milano,3375,9.164430943424383,45.56929515331313,305.9091796875,87
Milano,3375,9.18601005039347,45.46849537385135,571.0991897583008,87
Milano,3375,9.211766090389474,45.45260493263796,752.0840911865234,87
Milano,3375,9.123197731050233,45.4186665534637,331.17575454711914,87
Milano,3375,9.230196149241504,45.59546577394677,370.19666290283203,87
Milano,3375,9.187877198394492,45.43912554579545,716.734260559082,87
Milano,3375,9.236000432134134,45.49028968744252,351.70865631103516,87
Milano,3375,9.141235639945439,45.49877479290738,563.4853515625,87
Milano,3375,9.114965907526484,45.49592581318924,286.25866317749023,87
Milano,3375,9.203331011581177,45.49250574571951,976.7347412109375,87
Milano,3375,9.171779226181469,45.46487584513958,758.7972869873047,87
Milano,3375,9.229153250116342,45.46006975884656,450.67010498046875,87
Milano,3375,9.190820194195945,45.45332704952225,746.432861328125,87
Milano,3375,9.175069151467081,45.48642059406909,816.34033203125,87
Milano,3375,9.088459215061993,45.44172099732282,681.5453910827637,87
Milano,3375,9.218683732663235,45.45309572406978,428.15746688842773,87
Milano,3375,9.18930460269472,45.52818155006879,579.0564498901367,87
Milano,3375,9.242312651476883,45.53238296753032,292.57684326171875,87
Milano,3375,9.255962896912362,45.532558401980374,424.8031311035156,87
Milano,3375,9.146825335954231,45.473001028949874,531.1745071411133,87
Milano,3375,9.185973910081524,45.51692358880952,433.53472900390625,87
Milano,3375,9.218517332266737,45.44495471269551,496.2460250854492,87
Milano,3375,9.094999243619997,45.53916682050999,33.811500549316406,87
Milano,3375,9.21604741853277,45.55201216130336,344.0982856750488,87
Milano,3375,9.176278990866944,45.45885510656261,1374.9206619262695,87
Milano,3375,9.22792928595082,45.54252399197886,552.6705093383789,87
Milano,3375,9.194574516257848,45.47081327372419,542.3536758422852,87
Milano,3375,9.246767907997521,45.53642045845837,327.1268424987793,87
Milano,3375,9.231201894707246,45.53603397661513,537.0347671508789,87
Milano,3375,9.208745503502977,45.495390724066866,398.1882095336914,87
Milano,3375,9.212515055183843,45.44170837259681,572.6319885253906,87
Milano,3375,9.241806623682265,45.5706099714045,271.2072410583496,87
Milano,3375,9.121666274951659,45.54208126004614,330.5787467956543,87
Milano,3375,9.12968005277836,45.501440723766464,429.8854217529297,87
Milano,3375,9.173016231354689,45.475877972761644,538.7566909790039,87
Milano,3375,9.117720125557845,45.43750051212574,315.8344192504883,87
Milano,3375,9.111706258969178,45.47251109510163,702.1649322509766,87
Milano,3375,9.24317276340501,45.47071703497214,444.2868118286133,87
Milano,3375,9.146273331379756,45.433989160635214,401.2789421081543,87
Milano,3375,9.170659785720096,45.43366216932731,280.15026092529297,87
Milano,3375,9.079165910349998,45.58583348698999,33.84953689575195,87
Milano,3375,9.22604208390998,45.59665317431522,220.86686325073242,87
Milano,3375,9.212609509876216,45.5913137520045,389.3915557861328,87
Milano,3375,9.190967602165403,45.497240876724454,741.7746505737305,87
Milano,3375,9.223030230530625,45.43870909889459,627.349739074707,87
Milano,3375,9.094207254149577,45.44167640164185,711.8517990112305,87
Milano,3375,9.121877528923719,45.51031315035201,210.48745727539062,87
Milano,3375,9.18346598784452,45.48133212473798,953.9649810791016,87
Milano,3375,9.165340955181113,45.49796810039903,896.6824989318848,87
Milano,3375,9.17417706457916,45.47783006672302,589.9855728149414,87
Milano,3375,9.12272715252385,45.580884773189176,314.49448013305664,87
Milano,3375,9.203369971063184,45.514470498376696,716.3316040039062,87
Milano,3375,9.138418924366327,45.457929433673314,736.6891403198242,87
Milano,3375,9.16420473055365,45.57462433711054,450.4730453491211,87
Milano,3375,9.258623793113296,45.573274476618835,402.7340087890625,87
Milano,3375,9.236254428698421,45.44416682088999,71.7772331237793,87
Milano,3375,9.1199614891758,45.60236787826849,350.1899185180664,87
Milano,3375,9.188372642081514,45.54152834688283,534.6185493469238,87
Milano,3375,9.196429847498553,45.586820114044556,378.4081382751465,87
Milano,3375,9.212467461193818,45.44415796985473,654.8106536865234,87
Milano,3375,9.197488459093758,45.4463140296467,517.4104919433594,87
Milano,3375,9.12760788568716,45.439326511185435,246.4595184326172,87
Milano,3375,9.200236117848217,45.47766536465066,691.9419631958008,87
Milano,3375,9.231618945518042,45.46891352878652,659.0432891845703,87
Milano,3375,9.128469458400584,45.487280984971036,271.5279884338379,87
Milano,3375,9.162089567617315,45.608333486899994,75.63511276245117,87
Milano,3375,9.222507010618973,45.53012274170251,368.99592208862305,87
Milano,3375,9.202398263028945,45.48124881925598,594.3637390136719,87
Milano,3375,9.155073280484487,45.46757768445926,770.574592590332,87
Milano,3375,9.16438160348197,45.448012053659255,869.936408996582,87
Milano,3375,9.226964703993755,45.45044510513351,353.13094329833984,87
Milano,3375,9.208745320971985,45.464585986109626,435.8026885986328,87
Milano,3375,9.243160190884813,45.502683808035535,400.39937591552734,87
Milano,3375,9.130243324656854,45.54339008906802,349.5890426635742,87
Milano,3375,9.124237466592408,45.50320773304504,769.3383178710938,87
Milano,3375,9.252936984233598,45.44826137783445,270.93701171875,87
Milano,3375,9.24910656445392,45.458509405425986,337.4654541015625,87
Milano,3375,9.127897342679052,45.60285376099092,315.21731185913086,87
Milano,3375,9.212498552764702,45.52803343022786,346.29907989501953,87
Milano,3375,9.109650908415073,45.50194887613247,369.41666412353516,87
Milano,3375,9.144171831864135,45.579609225464125,341.5691795349121,87
Milano,3375,9.193600230374132,45.592345151287674,297.38774490356445,87
Milano,3375,9.180370147627553,45.444208300954934,957.7566604614258,87
Milano,3375,9.134528051874494,45.51956155028049,291.1440887451172,87
Milano,3375,9.128642748931602,45.50940238851443,430.17094802856445,87
Milano,3375,9.121414758338064,45.543948604267136,263.6565284729004,87
Milano,3375,9.103593368149411,45.51528200643578,110.62032318115234,87
Milano,3375,9.25534093902681,45.59532076897498,392.1710624694824,87
Milano,3375,9.138863600251698,45.44952810422466,697.2627182006836,87
Milano,3375,9.177850810234292,45.49412309771221,638.2637748718262,87
Milano,3375,9.180190499656238,45.46482993685208,655.3307723999023,87
Milano,3375,9.121394287989315,45.57521742778728,434.52526473999023,87
Milano,3375,9.17214937723778,45.45631324385808,871.9466323852539,87
Milano,3375,9.200733068362556,45.59138722233973,455.41389083862305,87
Milano,3375,9.167353023894666,45.564019414616354,228.13209915161133,87
Milano,3375,9.258397402309653,45.59919485254103,395.2444877624512,87
Milano,3375,9.114999243539996,45.44497052395339,105.78254699707031,87
Milano,3375,9.19170668522613,45.51748003798944,584.4529418945312,87
Milano,3375,9.182480295650029,45.478457362052794,967.2998962402344,87
Milano,3375,9.143111845331557,45.57168551609624,320.8710136413574,87
Milano,3375,9.137415176970572,45.477835386697215,544.31396484375,87
Milano,3375,9.20102602798263,45.47211216343507,619.2275924682617,87
Milano,3375,9.191785506920898,45.48859180317594,692.4297180175781,87
Milano,3375,9.147452928211113,45.476147144085715,850.6131591796875,87
Milano,3375,9.119991180624615,45.47354538479727,331.4811325073242,87
Milano,3375,9.137231576707453,45.57088177888221,323.66894149780273,87
Milano,3375,9.22822602581912,45.4960435149158,803.8093414306641,87
Milano,3375,9.214383300609086,45.46579465929741,634.0856399536133,87
Milano,3375,9.234246085324845,45.47936407909025,683.2206497192383,87
Milano,3375,9.233604735884276,45.465715851653826,534.4553146362305,87
Milano,3375,9.163284827526091,45.52899587588328,506.5813980102539,87
Milano,3375,9.19911553382318,45.50229852677312,669.4267730712891,87
Milano,3375,9.118208042468712,45.46043321157647,402.6564064025879,87
Milano,3375,9.243188464928032,45.53578341128167,637.6370124816895,87
Milano,3375,9.177692494146427,45.48809810730875,712.8120574951172,87
Milano,3375,9.18237482467513,45.54769502165472,453.5094757080078,87
Milano,3375,9.217587846421733,45.567508629483264,485.87535095214844,87
Milano,3375,9.21394125323137,45.44749147256181,740.454891204834,87
Milano,3375,9.16103054447793,45.56965664737206,245.49705123901367,87
Milano,3375,9.236670445750745,45.50210255910847,760.4463882446289,87
Milano,3375,9.09459777098233,45.45596044993834,202.59182357788086,87
Milano,3375,9.156692037522438,45.441482639105594,700.3083419799805,87
Milano,3375,9.190652635055713,45.55608487745147,233.16280364990234,87
Milano,3375,9.129128461596832,45.59957022022858,310.1939811706543,87
Milano,3375,9.082999350920371,45.448603184719,288.0729217529297,87
Milano,3375,9.258332576299997,45.518333487259994,36.587059020996094,87
Milano,3375,9.216694087672263,45.45372052920531,556.5916442871094,87
Milano,3375,9.17085066288634,45.52524831452913,606.7456893920898,87
Milano,3375,9.174276860010567,45.45172640962851,768.1651382446289,87
Milano,3375,9.179747982392865,45.51971983287976,103.30421829223633,87
Milano,3375,9.216789056660836,45.51008681749207,468.05016708374023,87
Milano,3375,9.209052281979275,45.484305344824975,767.1188049316406,87
Milano,3375,9.150534154168518,45.48820318750376,563.2354850769043,87
Milano,3375,9.226260443333562,45.46891368738191,643.986083984375,87
Milano,3375,9.128905720954924,45.46200701901569,429.75839614868164,87
Milano,3375,9.19573145239173,45.472951491265675,357.4056854248047,87
Milano,3375,9.146984910888309,45.46797612221319,1159.929542541504,87
Milano,3375,9.194402395791835,45.58592869644372,327.2815132141113,87
Milano,3375,9.114147049766714,45.54307262948347,378.95679092407227,87
Milano,3375,9.249021925011633,45.50905113633924,503.0960922241211,87
Milano,3375,9.172211337980897,45.47375708442092,297.86835861206055,87
Milano,3375,9.152407299824825,45.4824647945528,510.1844253540039,87
Milano,3375,9.086238244376302,45.462632660530296,594.3290672302246,87
Milano,3375,9.171745077871284,45.41192017171126,302.58369064331055,87
Milano,3375,9.234477455622928,45.601599374033235,216.31712341308594,87
Milano,3375,9.083793532409445,45.46500682269733,275.30968475341797,87
Milano,3375,9.171601914697902,45.43989331047605,894.7263565063477,87
Milano,3375,9.240869749225945,45.491821843905385,182.93746948242188,87
Milano,3375,9.142443833660746,45.5195736793627,419.8893508911133,87
Milano,3375,9.109297426323971,45.54584085612225,333.65698623657227,87
Milano,3375,9.21294873176939,45.507840847750096,379.7423439025879,87
Milano,3375,9.20345500002685,45.42697854387127,400.781925201416,87
Milano,3375,9.07771936260331,45.59385826042598,241.79557037353516,87
Milano,3375,9.200410161788838,45.434770667924944,452.85435485839844,87
Milano,3375,9.22420914257231,45.47000392155798,802.6943664550781,87
Milano,3375,9.189963601156839,45.470125155488965,813.1396408081055,87
Milano,3375,9.077492799037136,45.57708601323097,279.15035247802734,87
Milano,3375,9.25321437628227,45.50957916848583,339.69588470458984,87
Milano,3375,9.251541218031466,45.59748101952796,262.1624526977539,87
Milano,3375,9.254165909649995,45.583271870795166,121.7643051147461,87
Milano,3375,9.198368140612125,45.46751636292116,689.5958023071289,87
Milano,3375,9.138178912412586,45.441178580183454,340.8015251159668,87
Milano,3375,9.118374933404146,45.50750015396999,130.2982406616211,87
Milano,3375,9.238834437712796,45.48382331868993,271.9523811340332,87
Milano,3375,9.13680513350925,45.47239591233963,568.2369079589844,87
Milano,3375,9.117404035773793,45.43485954006527,547.0016860961914,87
Milano,3375,9.207793240886678,45.52597200384378,464.5093116760254,87
Milano,3375,9.164822450971593,45.52000823871608,561.4273452758789,87
Milano,3375,9.257058899741251,45.58203893627746,183.52093887329102,87
Milano,3375,9.165649858785427,45.494285974600515,767.9190826416016,87
Milano,3375,9.149705813734142,45.51278403147638,222.10509490966797,87
Milano,3375,9.15264470332609,45.494516062502356,480.31961822509766,87
Milano,3375,9.213054763107184,45.483467710612416,628.588249206543,87
Milano,3375,9.178353026746686,45.5083245463652,811.5446090698242,87
Milano,3375,9.227543388077102,45.47823169833759,738.6535377502441,87
Milano,3375,9.244651546142306,45.44545190092535,738.6563339233398,87
Milano,3375,9.205316411998274,45.50903349590827,798.431224822998,87
Milano,3375,9.082596558311744,45.45186464031904,432.41518783569336,87
Milano,3375,9.184542626910483,45.50792474282393,272.31093978881836,87
Milano,3375,9.209060403810637,45.477762149413756,597.1846237182617,87
Milano,3375,9.16814736300601,45.49193543703465,449.90369415283203,87
Milano,3375,9.101822219466358,45.49968982153451,290.8940658569336,87
Milano,3375,9.152320579524574,45.445385135969715,276.5951347351074,87
Milano,3375,9.25839011498579,45.578217954265014,399.794132232666,87
Milano,3375,9.222223327650038,45.45456841533378,910.7707977294922,87
Milano,3375,9.243632705359321,45.45736742230572,708.5924072265625,87
Milano,3375,9.23496430524607,45.60588079065643,311.68903732299805,87
Milano,3375,9.137182659857132,45.447463536248016,397.84313583374023,87
Milano,3375,9.166768488597684,45.54198540511923,345.39550399780273,87
Milano,3375,9.199077214655283,45.46065909287661,613.2784614562988,87
Milano,3375,9.07829852028024,45.56314290965281,180.9085578918457,87
Milano,3375,9.092158350670408,45.46688550348115,491.8345756530762,87
Milano,3375,9.180841015857537,45.48334330453966,704.5976257324219,87
Milano,3375,9.24500731603268,45.46178582646406,349.1464729309082,87
Milano,3375,9.093461729925094,45.446091246638794,774.1535453796387,87
Milano,3375,9.170945557884675,45.48821233728158,699.8102340698242,87
Milano,3375,9.104035974656057,45.49930882586261,413.67347717285156,87
Milano,3375,9.241208632852185,45.607379228888256,407.07146072387695,87
Milano,3375,9.192198132843753,45.53929038426765,466.76312255859375,87
Milano,3375,9.12264159021583,45.47817187302374,710.1640205383301,87
Milano,3375,9.183110637938608,45.53604749794738,281.28921127319336,87
Milano,3375,9.086672793142542,45.508545457187616,204.23723602294922,87
Milano,3375,9.152004515176587,45.60440534917039,345.45417404174805,87
Milano,3375,9.173639669458016,45.41813941107294,213.38829803466797,87
Milano,3375,9.255388690921867,45.48791614996114,168.06798934936523,87
Milano,3375,9.131982896211303,45.43909425837892,290.5372505187988,87
Milano,3375,9.223226156156551,45.5467367749579,581.4665184020996,87
Milano,3375,9.202181934740288,45.45230038728927,717.7983856201172,87
Milano,3375,9.080899157798314,45.54482698251705,401.73076248168945,87
Milano,3375,9.161024314209374,45.463243099659465,935.4585723876953,87
Milano,3375,9.200579036494963,45.45341154915368,962.8806686401367,87
Milano,3375,9.109606232084827,45.47476197381328,307.7638130187988,87
Milano,3375,9.105665806335018,45.45471919030593,305.07598876953125,87
Milano,3375,9.149200599454208,45.45824327941523,649.4898529052734,87
Milano,3375,9.219504453241544,45.51574688969018,264.44824600219727,87
Milano,3375,9.244006105169532,45.57088162182582,420.7277603149414,87
Milano,3375,9.155293868710729,45.475613848125406,331.1961212158203,87
Milano,3375,9.22384141821807,45.54962058410183,527.1690101623535,87
Milano,3375,9.145044575338327,45.47635246032956,598.9237785339355,87
Milano,3375,9.152644792706536,45.516104678105684,490.8274269104004,87
Milano,3375,9.209976076780807,45.55093596311522,647.1740264892578,87
Milano,3375,9.077064314265911,45.553735655828774,230.6298599243164,87
Milano,3375,9.125076586864436,45.45770892626961,497.9018020629883,87
Milano,3375,9.198951765337759,45.47702071032718,224.36655807495117,87
Milano,3375,9.108039587380029,45.43751357387057,316.40093994140625,87
Milano,3375,9.11976734278416,45.45466309823324,556.6932830810547,87
Milano,3375,9.114526612197276,45.422092980691104,181.32884216308594,87
Milano,3375,9.090256855819526,45.447148516463045,573.7604751586914,87
Milano,3375,9.101305346872307,45.42780297995686,258.1787796020508,87
Milano,3375,9.164917073332166,45.524050210903305,572.9278259277344,87
Milano,3375,9.21314168766672,45.51495984283559,411.2698287963867,87
Milano,3375,9.170596602962227,45.49625388475064,588.4543991088867,87
Milano,3375,9.117862073235333,45.54034783819384,332.6437873840332,87
Milano,3375,9.232462859354838,45.52430946164657,505.40381240844727,87
Milano,3375,9.223262008449941,45.44480405900513,526.2376174926758,87
Milano,3375,9.224233983381511,45.5335487447177,527.246883392334,87
Milano,3375,9.084764935624808,45.45199985516338,340.5365180969238,87
Milano,3375,9.202858707088119,45.459605351172826,661.0029296875,87
Milano,3375,9.177709953510742,45.48046374073702,1230.7230072021484,87
Milano,3375,9.221549479103915,45.512397543354304,691.4029541015625,87
Milano,3375,9.169185863812565,45.47469324037766,660.7277908325195,87
Milano,3375,9.226774605351272,45.44300241207333,406.89005279541016,87
Milano,3375,9.219627380730572,45.49679926724002,815.4773750305176,87
Milano,3375,9.153227818953534,45.519746047291406,472.9023323059082,87
Milano,3375,9.157341598738514,45.59777860638572,409.29560470581055,87
Milano,3375,9.116062107780015,45.424992568517744,431.1546287536621,87
Milano,3375,9.189876437600953,45.519301695330604,562.6628456115723,87
Milano,3375,9.152654047373042,45.50275881432773,453.92985916137695,87
Milano,3375,9.096220980697026,45.53916682050999,77.24515533447266,87
Milano,3375,9.144708840316495,45.51296825479923,465.2129898071289,87
Milano,3375,9.192864697190405,45.47332579769531,863.9327697753906,87
Milano,3375,9.125210136708283,45.48831220578102,431.98140716552734,87
Milano,3375,9.244739711611558,45.490838551692335,267.47505950927734,87
Milano,3375,9.228383807079942,45.58987045762223,701.4450721740723,87
Milano,3375,9.222426595706175,45.487161451686944,658.8699798583984,87
Milano,3375,9.173836171958454,45.498190783909315,411.5442123413086,87
Milano,3375,9.227652111161342,45.52042241743246,528.1140289306641,87
Milano,3375,9.112991358618064,45.46318802274636,223.3028793334961,87
Milano,3375,9.17527495948862,45.54591548664948,373.08668518066406,87
Milano,3375,9.105763407267336,45.43379655819776,359.53077697753906,87
Milano,3375,9.224188883655174,45.50961211500326,535.7987747192383,87
Milano,3375,9.202530570381308,45.560639519787145,250.62106704711914,87
Milano,3375,9.100629861916106,45.493285502715935,336.97424697875977,87
Milano,3375,9.24199896203065,45.50433051494828,404.68177795410156,87
Milano,3375,9.139287184359436,45.5117693686638,554.0206680297852,87
Milano,3375,9.08756515938901,45.47564533949983,205.9920654296875,87
Milano,3375,9.201254283974446,45.506104026864,569.4119262695312,87
Milano,3375,9.224968965229586,45.47923123041344,579.7172775268555,87
Milano,3375,9.212224190660129,45.523857402352306,395.2458076477051,87
Milano,3375,9.156229394143512,45.45769419344368,980.2002258300781,87
Milano,3375,9.130464648735993,45.439465364896954,308.7027397155762,87
Milano,3375,9.225894151552556,45.51636259631978,344.7131996154785,87
Milano,3375,9.20837113573828,45.5010384213079,498.3726043701172,87
Milano,3375,9.123326951394162,45.50483904051483,292.8500289916992,87
Milano,3375,9.25867382212366,45.42155758919842,321.12046813964844,87
Milano,3375,9.195133802785595,45.504896427102736,723.6421737670898,87
Milano,3375,9.179810295256912,45.48612945752514,755.533073425293,87
Milano,3375,9.129219892477936,45.45166984717775,821.7187576293945,87
Milano,3375,9.116250255128957,45.43249359914693,525.7432861328125,87
Milano,3375,9.176633479129718,45.537104365391464,205.85124588012695,87
Milano,3375,9.166543988333084,45.44242223377972,671.4873580932617,87
Milano,3375,9.191552734678236,45.58492244399923,302.31943130493164,87
Milano,3375,9.231280920196873,45.607500153569994,77.48213958740234,87
Milano,3375,9.190461383726152,45.45162395870248,393.07737731933594,87
Milano,3375,9.242077724033454,45.48696215992143,598.1506195068359,87
Milano,3375,9.210424184650869,45.47670091813756,591.635498046875,87
Milano,3375,9.209311116785772,45.489616407750326,360.0093002319336,87
Milano,3375,9.165814884326842,45.52172533075152,586.4180107116699,87
Milano,3375,9.173577587139057,45.41157161672167,230.02050018310547,87
Milano,3375,9.258743350763542,45.42936398320338,208.66873931884766,87
Milano,3375,9.195753816362382,45.435122028859915,615.2832641601562,87
Milano,3375,9.154217753833386,45.44882793355191,702.1968154907227,87
Milano,3375,9.141717302872534,45.51026429912054,558.4506912231445,87
Milano,3375,9.207789532326123,45.441297775344516,395.7280693054199,87
Milano,3375,9.14972427955814,45.49734811925244,599.0950164794922,87
Milano,3375,9.192549434204087,45.519120765050474,600.385009765625,87
Milano,3375,9.235875980074594,45.54334077615624,796.1219863891602,87
Milano,3375,9.13154656634301,45.442943996513954,351.20103454589844,87
Milano,3375,9.148756925161818,45.516434650469705,406.6410026550293,87
Milano,3375,9.251254598147161,45.44547882940119,221.82611846923828,87
Milano,3375,9.238009427006155,45.45677705187748,362.7008247375488,87
Milano,3375,9.155138566110033,45.488881949276234,628.431037902832,87
Milano,3375,9.169697912152182,45.498821474398085,791.7581939697266,87
Milano,3375,9.21842109316976,45.4563544371739,458.79788970947266,87
Milano,3375,9.114075340538564,45.50085187783592,472.7505073547363,87
Milano,3375,9.120170624116842,45.458334933582115,524.4756965637207,87
Milano,3375,9.18728490824323,45.464880873020476,687.1989364624023,87
Milano,3375,9.125417866566153,45.459975307739846,438.29637908935547,87
Milano,3375,9.133325409725494,45.534584875146734,333.45520401000977,87
Milano,3375,9.242270356156192,45.44366642175299,493.5795783996582,87
Milano,3375,9.189186415206457,45.493772700506405,468.1613540649414,87
Milano,3375,9.247961901139679,45.5687473363188,192.37331771850586,87
Milano,3375,9.129924413073114,45.51669226792775,464.6343193054199,87
Milano,3375,9.081632347873219,45.5733355851927,343.5371513366699,87
Milano,3375,9.231111260035323,45.46568772596466,544.7543487548828,87
Milano,3375,9.13052392218942,45.47345705892938,430.2101058959961,87
Milano,3375,9.188193035239031,45.486521570955,544.6220779418945,87
Milano,3375,9.169470442653402,45.52057517205257,564.2925033569336,87
Milano,3375,9.12490728924241,45.5998859434246,426.5878601074219,87
Milano,3375,9.120451142926626,45.524482094402565,454.324764251709,87
Milano,3375,9.22544143008171,45.54705010644271,633.4812622070312,87
Milano,3375,9.166321897698786,45.597284239910934,245.64627838134766,87
Milano,3375,9.25193776912856,45.571439355559434,317.1458206176758,87
Milano,3375,9.175712348677852,45.52278670598583,380.87136459350586,87
Milano,3375,9.173611517909631,45.43415037628382,582.246208190918,87
Milano,3375,9.125061581646563,45.41822535063099,396.61700439453125,87
Milano,3375,9.23994256623721,45.47735058583684,389.10132598876953,87
Milano,3375,9.103368724644584,45.44036354874205,619.4357261657715,87
Milano,3375,9.147361008032023,45.43993549840799,613.0108032226562,87
Milano,3375,9.076955405175196,45.58309397488104,117.8565673828125,87
Milano,3375,9.142925258864386,45.5174915285538,521.2211837768555,87
Milano,3375,9.220663987242352,45.5171436703935,506.7613830566406,87
Milano,3375,9.121433694246258,45.597501809273574,353.6435241699219,87
Milano,3375,9.223197624513764,45.59301918950645,405.98432540893555,87
Milano,3375,9.255249018802148,45.5088724581595,108.68982696533203,87
Milano,3375,9.176844798410677,45.470044584625796,402.8192443847656,87
Milano,3375,9.237334115821678,45.59647910289023,278.2892379760742,87
Milano,3375,9.123646335731793,45.49321058584641,259.4305419921875,87
Milano,3375,9.182815248617697,45.46107858004848,721.6020355224609,87
Milano,3375,9.139610701653865,45.53082110974471,386.98546600341797,87
Milano,3375,9.125932443525553,45.5779434576973,346.7940139770508,87
Milano,3375,9.223894327529132,45.59738823997828,340.3323173522949,87
Milano,3375,9.189555015229175,45.499160646787004,698.684455871582,87
Milano,3375,9.160084533411487,45.48636046546846,874.0390167236328,87
Milano,3375,9.225117020249145,45.52908751252336,437.84929275512695,87
Milano,3375,9.197249452189473,45.44410313225628,497.66086196899414,87
Milano,3375,9.228860819351034,45.492900269784236,585.2729644775391,87
Milano,3375,9.213667976194404,45.49015447374888,517.3219528198242,87
Milano,3375,9.202008142025296,45.46989901997454,717.2601089477539,87
Milano,3375,9.137537483868671,45.51314083285319,649.5994682312012,87
Milano,3375,9.176678327539388,45.45084035926087,651.2653427124023,87
Milano,3375,9.20752607291947,45.56256976835774,461.4319648742676,87
Milano,3375,9.20906420389123,45.51515065997233,454.19570541381836,87
Milano,3375,9.253514997241716,45.55598548485755,266.75017166137695,87
Milano,3375,9.124484337761904,45.443582385805975,312.1842613220215,87
Milano,3375,9.101047937266797,45.439978698743715,564.6919250488281,87
Milano,3375,9.230214907678134,45.51682388742041,270.17570877075195,87
Milano,3375,9.214956069373214,45.566646242992256,351.17695236206055,87
Milano,3375,9.128287333332613,45.449320061201355,890.8404922485352,87
Milano,3375,9.242083649907888,45.42916525012643,178.30228424072266,87
Milano,3375,9.122918093657567,45.46689942431824,247.24609756469727,87
Milano,3375,9.2404117083379,45.481672582315916,467.8898620605469,87
Milano,3375,9.167304927162643,45.45963637288742,1056.96240234375,87
Milano,3375,9.12226255608233,45.47215813605475,466.12107849121094,87
Milano,3375,9.19587884602913,45.598524769880946,288.39735412597656,87
Milano,3375,9.115488067664174,45.52886669925333,412.53968048095703,87
Milano,3375,9.220244073905723,45.50568527623808,429.67155838012695,87
Milano,3375,9.194329663349892,45.50000523662015,1050.832618713379,87
Milano,3375,9.195007313127773,45.43978138110002,623.5285301208496,87
Milano,3375,9.218321694169484,45.457849228955546,515.8181076049805,87
Milano,3375,9.155796006165993,45.580239787869125,313.7432289123535,87
Milano,3375,9.194897689784677,45.46295234848951,542.7887649536133,87
Milano,3375,9.231802549035224,45.43920904650699,432.8436698913574,87
Milano,3375,9.164687757024684,45.56722960499704,122.034423828125,87
Milano,3375,9.120530232003784,45.48919418583309,473.95895767211914,87
Milano,3375,9.094029510631113,45.45738907285565,535.5319290161133,87
Milano,3375,9.175188627491247,45.54152920452035,436.4952507019043,87
Milano,3375,9.17144665305306,45.600829738230814,267.14945220947266,87
Milano,3375,9.205538044638011,45.495403044912244,932.9494552612305,87
Milano,3375,9.137084090631467,45.48603459581854,257.290340423584,87
Milano,3375,9.207180213666359,45.493482532566574,518.0209808349609,87
Milano,3375,9.159735447699143,45.46221800762044,616.8946533203125,87
Milano,3375,9.086033090799498,45.57226414605696,139.74172973632812,87
Milano,3375,9.157028902161146,45.47546459053554,275.4095344543457,87
Milano,3375,9.219096865431649,45.465929515273885,803.5790100097656,87
Milano,3375,9.12669165897111,45.50419552674577,552.3511962890625,87
Milano,3375,9.196352058714554,45.4623098194973,463.8877868652344,87
Milano,3375,9.150653455598896,45.46216594387605,531.1900787353516,87
Milano,3375,9.16924770357253,45.511988807473784,536.3072090148926,87
Milano,3375,9.218670939830863,45.447755118453614,659.7355422973633,87
Milano,3375,9.159153398438008,45.50831019073878,258.96598052978516,87
Milano,3375,9.184993464563204,45.472502737354034,883.6965484619141,87
Milano,3375,9.165474526921157,45.425872565574096,68.28135299682617,87
Milano,3375,9.140026850657671,45.497256052105016,609.0223159790039,87
Milano,3375,9.197882039993646,45.4700056729963,513.5136032104492,87
Milano,3375,9.207386542932815,45.49898083748875,601.5710182189941,87
Milano,3375,9.155340835911675,45.569809515367126,272.9273147583008,87
Milano,3375,9.157600560464777,45.55003334074201,406.447811126709,87
Milano,3375,9.212085238623674,45.55332386308431,483.5149154663086,87
Milano,3375,9.20399989170873,45.47339187308251,734.9791297912598,87
Milano,3375,9.102445351764327,45.419870424942154,426.98381423950195,87
Milano,3375,9.184256904320552,45.43491643176928,675.3852233886719,87
Milano,3375,9.2458411542672,45.5441787478573,233.2462921142578,87
Milano,3375,9.174561613160888,45.500874066492244,667.6921844482422,87
Milano,3375,9.139114953471307,45.482995698891024,332.8969612121582,87
Milano,3375,9.228033790554482,45.55383121555557,283.4794387817383,87
Milano,3375,9.089785374153777,45.50850261310117,265.37628173828125,87
Milano,3375,9.222042003308578,45.55332558492266,437.34888076782227,87
Milano,3375,9.227597855456747,45.595755802927634,442.5901641845703,87
Milano,3375,9.099222598378441,45.54105521733699,187.0972137451172,87
Milano,3375,9.171309180186402,45.53060867781795,256.7552070617676,87
Milano,3375,9.141844008973539,45.58033884028131,306.7869186401367,87
Milano,3375,9.09604296493625,45.51622557519508,150.5864143371582,87
Milano,3375,9.197057288602418,45.54056764311049,288.3291816711426,87
Milano,3375,9.117380050919943,45.4190386579297,243.30302810668945,87
Milano,3375,9.206880608799333,45.52170080956844,243.68698501586914,87
Milano,3375,9.242259777256066,45.54792800198653,796.6035919189453,87
Milano,3375,9.237321592379368,45.477278645372294,534.7668571472168,87
Milano,3375,9.16255772639999,45.45892619642496,623.482292175293,87
Milano,3375,9.205685012761835,45.52673234271555,328.49214935302734,87
Milano,3375,9.144725160005489,45.43382913043686,242.20826721191406,87
Milano,3375,9.176746297245836,45.43090605733839,569.4161338806152,87
Milano,3375,9.175343413229541,45.4982919277804,389.0342483520508,87
Milano,3375,9.122643632034542,45.59568537820347,306.53929138183594,87
Milano,3375,9.229112507564386,45.43280752043569,584.7934417724609,87
Milano,3375,9.119498585839978,45.47509299429788,367.1787567138672,87
Milano,3375,9.175816202058243,45.43647264396877,658.141788482666,87
Milano,3375,9.21577558727373,45.457968186297244,569.540412902832,87
Milano,3375,9.158538085080824,45.47475879048981,548.2244148254395,87
Milano,3375,9.096756116012656,45.460744115691945,382.7270812988281,87
Milano,3375,9.179199012756838,45.53868289073087,179.77166748046875,87
Milano,3375,9.163677603898154,45.58080384970127,320.54979705810547,87
Milano,3375,9.175729479214008,45.507651899966014,616.5122756958008,87
Milano,3375,9.229580869612711,45.499978603694295,352.7485771179199,87
Milano,3375,9.131049334736188,45.53052849803895,520.0230255126953,87
Milano,3375,9.147336995000611,45.46031873730643,607.4438858032227,87
Milano,3375,9.172926323648566,45.4999530142803,482.3245620727539,87
Milano,3375,9.194653966816565,45.44849847368368,941.9207229614258,87
Milano,3375,9.152686559007906,45.492990809425635,501.9218978881836,87
Milano,3375,9.257083577485021,45.51139097851246,227.84526443481445,87
Milano,3375,9.168565133262925,45.47261873231562,618.8940773010254,87
Milano,3375,9.222710538980417,45.50788685319687,533.4359283447266,87
Milano,3375,9.196573983256087,45.50951362928951,432.66796875,87
Milano,3375,9.237297134336279,45.472013899988006,703.0105590820312,87
Milano,3375,9.173320938633921,45.48822562369155,925.5514450073242,87
Milano,3375,9.222529861762567,45.53746673838593,343.72325134277344,87
Milano,3375,9.254964588985574,45.578101123259074,411.4042778015137,87
Milano,3375,9.153959850601005,45.4744919682598,473.04711151123047,87
Milano,3375,9.226365316982225,45.5012118894079,471.8783149719238,87
Milano,3375,9.177098042729627,45.446626597195575,1012.7959671020508,87
Milano,3375,9.246631207988454,45.4900295015809,197.01886749267578,87
Milano,3375,9.154331080716613,45.456395083482334,612.5532531738281,87
Milano,3375,9.113404184006388,45.52801366788129,377.9451141357422,87
Milano,3375,9.19454283555334,45.47501283458596,377.28131103515625,87
Milano,3375,9.190881193593379,45.55319547045334,448.85468673706055,87
Milano,3375,9.253049759018188,45.44619399974103,276.62294006347656,87
Milano,3375,9.162418477354258,45.470541812707495,616.0251159667969,87
Milano,3375,9.241121337560003,45.45473045135056,530.2238121032715,87
Milano,3375,9.14353332953129,45.47368974879963,465.2657241821289,87
Milano,3375,9.251828576417783,45.51187997474843,632.8475227355957,87
Milano,3375,9.194209230843002,45.46515005548222,424.3073425292969,87
Milano,3375,9.223267449877838,45.48335838112614,881.3535537719727,87
Milano,3375,9.155648085706726,45.572604661796,256.35379791259766,87
Milano,3375,9.171792559267464,45.491153820480925,475.8544578552246,87
Milano,3375,9.186863674073969,45.443841002976534,615.2188720703125,87
Milano,3375,9.106480886789612,45.45315462178027,298.70654296875,87
Milano,3375,9.220530197393643,45.48089640202825,1161.1049270629883,87
Milano,3375,9.165000564809384,45.46394410317554,665.7953186035156,87
Milano,3375,9.120363605062227,45.47193354173745,300.2094841003418,87
Milano,3375,9.125657246490164,45.493377545730034,431.92373275756836,87
Milano,3375,9.240105280308667,45.48644333105892,546.8631439208984,87
Milano,3375,9.126227117808282,45.590840031897635,145.48466110229492,87
Milano,3375,9.21010636586087,45.522026106529616,223.14445877075195,87
Milano,3375,9.215423196309452,45.49123710877518,581.8847274780273,87
Milano,3375,9.196219358944239,45.50758422289395,582.5021667480469,87
Milano,3375,9.236901424139493,45.50585248260275,657.9640502929688,87
Milano,3375,9.179121207326565,45.42780457413769,327.7254867553711,87
Milano,3375,9.108521094639574,45.54754398100906,350.28783416748047,87
Milano,3375,9.123596617598215,45.44537152337816,195.7395133972168,87
Milano,3375,9.146754156361448,45.570982732132784,387.0300598144531,87
Milano,3375,9.164105643169787,45.43896819895333,496.5424461364746,87
Milano,3375,9.15824700579153,45.46004247189517,792.4329376220703,87
Milano,3375,9.171484419175695,45.52153153857192,671.761043548584,87
Milano,3375,9.120027392964909,45.42003735879292,384.2363510131836,87
Milano,3375,9.215085335915361,45.489101534475424,759.2922134399414,87
Milano,3375,9.185542690768992,45.53640943751609,317.42259216308594,87
Milano,3375,9.163711048418318,45.4671095851882,820.9439163208008,87
Milano,3375,9.17740085995048,45.47527158927041,482.2451362609863,87
Milano,3375,9.247615943423487,45.59571359337979,295.16259765625,87
Milano,3375,9.157186007872568,45.468960011722515,719.0021362304688,87
Milano,3375,9.247774370168425,45.47327238381373,515.0015335083008,87
Milano,3375,9.114401744589859,45.462990586081695,176.58560943603516,87
Milano,3375,9.15813890073848,45.58036167791553,221.00676345825195,87
Milano,3375,9.14926780610988,45.466925603634984,701.1636123657227,87
Milano,3375,9.208709178328872,45.51244737887705,700.3396797180176,87
Milano,3375,9.211770316191435,45.459310137201115,759.3754119873047,87
Milano,3375,9.137548067488261,45.559897390937806,474.2871551513672,87
Milano,3375,9.149563795322043,45.48971259053891,606.001651763916,87
Milano,3375,9.143509141769341,45.514960135478496,539.624382019043,87
Milano,3375,9.248080209481666,45.50705056989601,528.2581787109375,87
Milano,3375,9.220067194642162,45.443326056436256,369.1979560852051,87
Milano,3375,9.137583099330524,45.508316569419165,612.399112701416,87
Milano,3375,9.161628945437554,45.56019064488458,179.2699203491211,87
Milano,3375,9.12600999532893,45.60199793432277,271.25756072998047,87
Milano,3375,9.18831576580903,45.497225664883445,553.5070037841797,87
Milano,3375,9.123520584086602,45.543004872818614,251.1432228088379,87
Milano,3375,9.150395333333075,45.43523664488071,649.2391128540039,87
Milano,3375,9.102586305432233,45.49178697048421,409.68580627441406,87
Milano,3375,9.083731566038095,45.548300330504325,231.94345474243164,87
Milano,3375,9.110247643920072,45.49924860037472,451.64684295654297,87
Milano,3375,9.119016811669567,45.48694360026197,367.75978088378906,87
Milano,3375,9.223069333331907,45.5586022462456,409.76480865478516,87
Milano,3375,9.233156845166626,45.483751883146006,916.3044128417969,87
Milano,3375,9.212405597174657,45.44975881383516,805.4840774536133,87
Milano,3375,9.246635215521358,45.460668181239264,222.67199325561523,87
Milano,3375,9.176980848521156,45.45341938153012,558.5715408325195,87
Milano,3375,9.214956301097091,45.47496553216111,832.9301071166992,87
Milano,3375,9.112347868471572,45.544696944946196,520.9360046386719,87
Milano,3375,9.235820789212442,45.46420908605809,424.2358741760254,87
Milano,3375,9.193531048359445,45.48628157532845,598.1122741699219,87
Milano,3375,9.166107677280335,45.440022841461335,552.4761123657227,87
Milano,3375,9.192150525113895,45.45104279945514,525.5188446044922,87
Milano,3375,9.076930266266627,45.58640751533056,113.02355575561523,87
Milano,3375,9.131256146967011,45.470022819972435,553.3237609863281,87
Milano,3375,9.09787012866086,45.44024709500174,578.3859939575195,87
Milano,3375,9.249344956175136,45.512801970811005,430.929012298584,87
Milano,3375,9.147242879264818,45.44658405353971,475.42174911499023,87
Milano,3375,9.21150183991307,45.46466653122307,516.7717208862305,87
Milano,3375,9.119113081586113,45.575308429998785,474.23501205444336,87
Milano,3375,9.239705725400635,45.48825634260223,492.58987045288086,87
Milano,3375,9.208779307358778,45.44952806240102,538.0747375488281,87
Milano,3375,9.153376899830002,45.48828611650865,589.8140640258789,87
Milano,3375,9.105514858623096,45.49596702407853,385.3518753051758,87
Milano,3375,9.214551422657792,45.4946301681336,345.2767791748047,87
Milano,3375,9.237021502467108,45.48322510969486,458.909912109375,87
Milano,3375,9.135078528021907,45.510789147305964,603.2428817749023,87
Milano,3375,9.248867825434553,45.486484796988506,233.30730819702148,87
Milano,3375,9.122522824668843,45.48215754360936,302.38536834716797,87
Milano,3375,9.168220827876358,45.548536339583414,244.64636611938477,87
Milano,3375,9.176065872064143,45.42312216241668,128.1958351135254,87
Milano,3375,9.235916351991019,45.48859262746729,510.5477066040039,87
Milano,3375,9.125714733619462,45.473487232572545,569.9844284057617,87
Milano,3375,9.100917355298328,45.426244509426226,431.47768783569336,87
Milano,3375,9.249392450928854,45.44506439384856,381.21287536621094,87
Milano,3375,9.155005497435386,45.47089287164836,816.4115829467773,87
Milano,3375,9.14083241570331,45.43929660536379,350.7002601623535,87
Milano,3375,9.102314105137236,45.49421609125181,200.04589080810547,87
Milano,3375,9.117098564998457,45.4839927612718,419.8049659729004,87
Milano,3375,9.23067566402104,45.55232824169389,167.6128044128418,87
Milano,3375,9.15776334698242,45.447587732273874,371.91851806640625,87
Milano,3375,9.242351656158888,45.538250830631064,555.8219261169434,87
Milano,3375,9.093226105343538,45.46407918876626,501.3749313354492,87
Milano,3375,9.22819985054885,45.532170135992445,611.2650680541992,87
Milano,3375,9.226011418505715,45.57800305372964,280.2661666870117,87
Milano,3375,9.230140035244698,45.5265888690216,599.330982208252,87
Milano,3375,9.230583866501464,45.45874767873141,263.01133728027344,87
Milano,3375,9.195382394747059,45.59333348695999,77.36135864257812,87
Milano,3375,9.204999243179998,45.53333348719999,34.36961364746094,87
Milano,3375,9.127459364937273,45.59671064741164,341.5141258239746,87
Milano,3375,9.22554211516978,45.53847389221122,384.7221145629883,87
Milano,3375,9.258803438827567,45.419554207438885,212.70308685302734,87
Milano,3375,9.1481597393641,45.43392589686069,573.8753700256348,87
Milano,3375,9.116065104592687,45.43920058164827,593.6296920776367,87
Milano,3375,9.229595696437785,45.5443718558091,853.7475814819336,87
Milano,3375,9.152139296597829,45.47607580190416,412.7164306640625,87
Milano,3375,9.23426246431221,45.50155508173824,659.8306427001953,87
Milano,3375,9.11956786528107,45.503931821704015,460.28953552246094,87
Milano,3375,9.08829712153993,45.448874140049476,436.78001403808594,87
Milano,3375,9.154189331260778,45.483751973820205,504.0235290527344,87
Milano,3375,9.077518516089805,45.551235275175245,251.51615524291992,87
Milano,3375,9.192407182583977,45.512275267629306,880.1158065795898,87
Milano,3375,9.120208176563196,45.49535826582833,413.8902359008789,87
Milano,3375,9.117525893353607,45.47754191625819,462.6752624511719,87
Milano,3375,9.185665039554149,45.45903718072317,555.6090393066406,87
Milano,3375,9.194573404745064,45.47797923666667,313.89050674438477,87
Milano,3375,9.18428172458154,45.45110333372606,927.2762069702148,87
Milano,3375,9.22598653844692,45.51800229781802,527.6853370666504,87
Milano,3375,9.145503506299997,45.51979939450028,306.9596366882324,87
Milano,3375,9.176564185090903,45.513328047426654,527.2769012451172,87
Milano,3375,9.13545542482231,45.45079060720131,543.5858917236328,87
Milano,3375,9.105243251087298,45.500811632503904,542.1180877685547,87
Milano,3375,9.210932576910567,45.51394346083363,623.7440872192383,87
Milano,3375,9.256744209245607,45.57902490981746,361.4214057922363,87
Milano,3375,9.214647604682932,45.54535179227705,90.37394714355469,87
Milano,3375,9.199413943040367,45.44067921277522,479.7792510986328,87
Milano,3375,9.21833786270792,45.55499451274684,549.7026901245117,87
Milano,3375,9.19041584215079,45.47248686856779,802.8195877075195,87
Milano,3375,9.109879248516656,45.45347319966454,337.73272705078125,87
Milano,3375,9.237331643892254,45.54102347992781,360.41333389282227,87
Milano,3375,9.176585431223863,45.527544915941796,467.5228691101074,87
Milano,3375,9.130940713370364,45.44493747470188,751.0351486206055,87
Milano,3375,9.159502198686909,45.428333805411086,271.6957664489746,87
Milano,3375,9.238932372249756,45.56696507295681,118.32794189453125,87
Milano,3375,9.11367738209226,45.434678130033895,379.86982345581055,87
Milano,3375,9.145721485983502,45.50336509646321,578.9104804992676,87
Milano,3375,9.203411840688881,45.49529516736896,1149.4632949829102,87
Milano,3375,9.135774867470502,45.462128296986194,709.6843948364258,87
Milano,3375,9.199565973319366,45.4374301630315,430.868839263916,87
Milano,3375,9.2285414270505,45.48762973633723,1031.8330078125,87
Milano,3375,9.104716779797656,45.45838872827804,471.9001998901367,87
Milano,3375,9.253488948890325,45.57440349879067,357.5602493286133,87
Milano,3375,9.218162297881914,45.46025733023443,616.4594841003418,87
Milano,3375,9.122210323566334,45.49709864256214,410.55473709106445,87
Milano,3375,9.224439311478944,45.46369168588293,505.5325469970703,87
Milano,3375,9.171474331216196,45.43565508364523,508.98266983032227,87
Milano,3375,9.133920679302948,45.463325702748755,675.2410583496094,87
Milano,3375,9.111659796604979,45.43337745505491,803.7232131958008,87
Milano,3375,9.236307152739812,45.59398340489799,383.2645683288574,87
Milano,3375,9.121504000525693,45.455958865687535,485.99781036376953,87
Milano,3375,9.210661022077451,45.48132252387822,687.2557907104492,87
Milano,3375,9.214258446043672,45.45199489354604,491.00086975097656,87
Milano,3375,9.186544279463806,45.455690234423045,567.1957550048828,87
Milano,3375,9.217320867989987,45.45536767445014,469.28965759277344,87
Milano,3375,9.091512855704151,45.47575898476807,379.4257164001465,87
Milano,3375,9.224238096370136,45.49982156322432,880.1038360595703,87
Milano,3375,9.177274144603212,45.41574404237785,484.33695220947266,87
Milano,3375,9.216461545128912,45.561610309655784,527.8044815063477,87
Milano,3375,9.118332576859997,45.44666682087999,34.40181350708008,87
Milano,3375,9.131787087389217,45.53702075712132,418.6949043273926,87
Milano,3375,9.177798751578434,45.50596097035896,802.2270355224609,87
Milano,3375,9.195878199257768,45.46062638440928,403.6537094116211,87
Milano,3375,9.190287832222047,45.47704269949508,783.1079788208008,87
Milano,3375,9.110403040072374,45.513915451158624,108.3352279663086,87
Milano,3375,9.210361741311235,45.44755498498243,648.840446472168,87
Milano,3375,9.172637509855276,45.52879959627661,314.97151947021484,87
Milano,3375,9.22342896483594,45.57875271552569,242.20627212524414,87
Milano,3375,9.128193907586267,45.5444406025317,441.6159782409668,87
Milano,3375,9.197509639831564,45.603341807518134,173.5413475036621,87
Milano,3375,9.150344881998379,45.51640757896801,435.61225509643555,87
Milano,3375,9.22095269819634,45.48523638388016,770.3785858154297,87
Milano,3375,9.110921544328756,45.45569819050896,368.2722358703613,87
Milano,3375,9.084574971779,45.57457700710537,145.39055252075195,87
Milano,3375,9.079253300997127,45.5732223745231,345.2708320617676,87
Milano,3375,9.07737189228913,45.56606568190747,335.1757278442383,87
Milano,3375,9.171245651493495,45.55800824260761,297.4016876220703,87
Milano,3375,9.195033466023318,45.48839052041748,610.4381103515625,87
Milano,3375,9.202793058875379,45.50976077520888,806.69775390625,87
Milano,3375,9.15771604356675,45.43872136004659,681.0631942749023,87
Milano,3375,9.197921905789519,45.55245181143197,471.32530975341797,87
Milano,3375,9.188545929786061,45.482764871872114,309.66223907470703,87
Milano,3375,9.096448675254972,45.457084524256786,323.40089416503906,87
Milano,3375,9.110776536133104,45.43078569974873,600.6294364929199,87
Milano,3375,9.168291817058998,45.573924962316774,260.7977714538574,87
Milano,3375,9.235591315086138,45.50760687727211,666.0957565307617,87
Milano,3375,9.230537452077549,45.467349082797114,540.8753356933594,87
Milano,3375,9.135828043512182,45.440416256768756,345.47976303100586,87
Milano,3375,9.226462614833906,45.533101012543405,724.5128707885742,87
Milano,3375,9.1730702141559,45.46746436447139,660.7710571289062,87
Milano,3375,9.196259363564778,45.60416682025,69.1046028137207,87
Milano,3375,9.204364446268897,45.48971291227537,1041.7391357421875,87
Milano,3375,9.22670872603534,45.540576048864175,563.6573333740234,87
Milano,3375,9.181988805873994,45.47603695806,915.3568344116211,87
Milano,3375,9.198418580246448,45.55732664557363,524.5753707885742,87
Milano,3375,9.219311858851125,45.441540360430146,478.4603805541992,87
Milano,3375,9.13189221570837,45.51835033169264,514.841438293457,87
Milano,3375,9.153144660533581,45.44165646468181,637.2625198364258,87
Milano,3375,9.188390951570074,45.587724291514036,322.08264923095703,87
Milano,3375,9.194205633778182,45.45478094234016,638.7249526977539,87
Milano,3375,9.247470275933182,45.45915194537394,541.7943496704102,87
Milano,3375,9.207089117425845,45.496218309919044,557.6955413818359,87
Milano,3375,9.20123401469289,45.561836051093046,325.806583404541,87
Milano,3375,9.12776684697829,45.41599753055827,185.5921173095703,87
Milano,3375,9.235421349979978,45.60329586423695,307.18881607055664,87
Milano,3375,9.199065545319181,45.58842261614917,420.19152069091797,87
Milano,3375,9.238752649245352,45.52121148574435,160.84957885742188,87
Milano,3375,9.140924784982948,45.4917380846669,494.2276496887207,87
Milano,3375,9.225978059243733,45.46515812337662,595.7515563964844,87
Milano,3375,9.193524980010032,45.45272673099971,736.7634429931641,87
Milano,3375,9.129923790449563,45.46455918594755,775.0621795654297,87
Milano,3375,9.202349388007404,45.434084814306246,422.6196632385254,87
Milano,3375,9.13532074226858,45.467941055481525,1014.3217315673828,87
Milano,3375,9.20545964217711,45.46312874006839,762.8556594848633,87
Milano,3375,9.145593313618257,45.49157355511307,414.5700225830078,87
Milano,3375,9.138254501308579,45.56233926218909,384.0680694580078,87
Milano,3375,9.102942726348372,45.41416682100999,70.26803588867188,87
Milano,3375,9.25314730613107,45.581510501516036,305.3300476074219,87
Milano,3375,9.128016007652691,45.540603933221746,121.09128952026367,87
Milano,3375,9.196496987958025,45.46778921068996,528.2460021972656,87
Milano,3375,9.211760008564971,45.564052604690986,622.6072311401367,87
Milano,3375,9.223753488220428,45.54283992666288,363.03300857543945,87
Milano,3375,9.198183716973531,45.591654706271356,356.0029296875,87
Milano,3375,9.153195499345257,45.59654487760407,222.86219024658203,87
Milano,3375,9.227064670438647,45.49332263177877,703.9235992431641,87
Milano,3375,9.246584388385836,45.52404242661839,488.25446701049805,87
Milano,3375,9.170004785806698,45.460849028142384,765.2389373779297,87
Milano,3375,9.200685950708221,45.59636382243622,227.28118515014648,87
Milano,3375,9.220136337028057,45.43499777614965,567.471378326416,87
Milano,3375,9.218486264690032,45.548359624617504,257.56155014038086,87
Milano,3375,9.167252381649853,45.55253197962408,320.49439239501953,87
Milano,3375,9.12170414892815,45.5027956243583,501.00341415405273,87
Milano,3375,9.194836858223171,45.53819227423091,549.7695693969727,87
Milano,3375,9.235009562515822,45.591860976813436,183.58520889282227,87
Milano,3375,9.100628223658564,45.45321884159561,205.46773529052734,87
Milano,3375,9.161123378774183,45.50764543649095,237.51776123046875,87
Milano,3375,9.213986980226725,45.47251912620433,1049.4550857543945,87
Milano,3375,9.208273124362721,45.50810818381282,350.0705871582031,87
Milano,3375,9.169156482870903,45.518586064802776,686.545783996582,87
Milano,3375,9.234624828608888,45.49711976212978,713.4983100891113,87
Milano,3375,9.189264977277888,45.5459882610075,457.26232147216797,87
Milano,3375,9.239962063724823,45.504602198555155,548.7811889648438,87
Milano,3375,9.079495364251878,45.594332691959615,169.76519775390625,87
Milano,3375,9.194436497480147,45.58141562094214,122.138916015625,87
Milano,3375,9.128622490021579,45.490682374121874,238.9565773010254,87
Milano,3375,9.226257638641604,45.43261043646558,463.21642684936523,87
Milano,3375,9.235852625897534,45.57750015368999,103.07498550415039,87
Milano,3375,9.198479671478903,45.488671153819894,647.3068084716797,87
Milano,3375,9.19834628275197,45.434884756658036,739.6787490844727,87
Milano,3375,9.179166252596465,45.45333691041577,960.2062530517578,87
Milano,3375,9.08636318482701,45.427683606637636,158.1958999633789,87
Milano,3375,9.192242318231331,45.514922943157,746.9495239257812,87
Milano,3375,9.17453735764947,45.42345697332974,367.95891189575195,87
Milano,3375,9.088422208188382,45.50742170534325,277.6967887878418,87
Milano,3375,9.137512731390043,45.460428641999115,692.6486434936523,87
Milano,3375,9.217583360946593,45.50841370095562,250.82017135620117,87
Milano,3375,9.142903301352323,45.51253158879762,492.0592956542969,87
Milano,3375,9.218061538661935,45.54595270095928,216.65863800048828,87
Milano,3375,9.152637481974022,45.47010813270605,618.547233581543,87
Milano,3375,9.250864596196239,45.44702721182105,365.1902847290039,87
Milano,3375,9.256681990945603,45.41936071792321,300.1602363586426,87
Milano,3375,9.245830005541222,45.604995079482165,564.2219886779785,87
Milano,3375,9.118536225063721,45.48915421046386,465.99958419799805,87
Milano,3375,9.242597151042238,45.60263768512826,327.2121925354004,87
Milano,3375,9.17133018611654,45.467630073091,468.84972381591797,87
Milano,3375,9.183355332516031,45.53884848636482,304.22711181640625,87
Milano,3375,9.189874393527724,45.59004347592345,353.5314598083496,87
Milano,3375,9.164697947983086,45.51766228748083,527.1696891784668,87
Milano,3375,9.241261431906576,45.458918881226225,683.3848571777344,87
Milano,3375,9.11249924355,45.46214845705939,113.52938079833984,87
Milano,3375,9.227325065908548,45.51479211752079,480.1776580810547,87
Milano,3375,9.104999243579996,45.41291186229381,71.18341445922852,87
Milano,3375,9.116089097891836,45.45555630869675,760.6030311584473,87
Milano,3375,9.153401953554368,45.52324644200821,357.1842346191406,87
Milano,3375,9.147516873276086,45.45041454959455,592.952995300293,87
Milano,3375,9.167308918612587,45.56186583601867,157.85348892211914,87
Milano,3375,9.126937443197814,45.51672940857957,524.5390739440918,87
Milano,3375,9.22248355488937,45.49815901853613,581.4717559814453,87
Milano,3375,9.207979193511239,45.45927727568772,718.60791015625,87
Milano,3375,9.211356502895184,45.48572169121115,816.9958953857422,87
Milano,3375,9.144672328599011,45.46870764683004,694.6853790283203,87
Milano,3375,9.240375812880659,45.59295142467609,269.1886787414551,87
Milano,3375,9.132623831107235,45.474439270477795,427.19530487060547,87
Milano,3375,9.231956573046848,45.5334470942002,682.7537002563477,87
Milano,3375,9.16266190244249,45.43407263171108,483.4201240539551,87
Milano,3375,9.159150752968133,45.58311926006243,260.0254096984863,87
Milano,3375,9.084543701914791,45.50711895890456,296.9758987426758,87
Milano,3375,9.208387558016888,45.46929312009203,771.3228073120117,87
Milano,3375,9.226375143977595,45.58854194109835,444.56058502197266,87
Milano,3375,9.153201722865171,45.58244376006602,217.8919448852539,87
Milano,3375,9.235147130927036,45.45971258672325,412.13550186157227,87
Milano,3375,9.21670401625882,45.55666682043999,187.72662353515625,87
Milano,3375,9.159579867633399,45.585543919910755,209.5636100769043,87
Milano,3375,9.078106385824293,45.5645257525961,343.74081802368164,87
Milano,3375,9.181637892377523,45.43210850800337,431.7879104614258,87
Milano,3375,9.195104450144035,45.532163047693615,632.9055786132812,87
Milano,3375,9.135773344596432,45.5000384518889,691.5120849609375,87
Milano,3375,9.240058084281007,45.46457836345457,283.4765739440918,87
Milano,3375,9.211893310426346,45.4906478811359,468.50280380249023,87
Milano,3375,9.248936307539799,45.56784428765871,122.27883911132812,87
Milano,3375,9.178340237602784,45.44856303719283,735.1595230102539,87
Milano,3375,9.194731135732772,45.542786222386944,319.6967315673828,87
Milano,3375,9.104313563268972,45.43143519297662,678.4384307861328,87
Milano,3375,9.182750538804836,45.47169428534529,644.0241012573242,87
Milano,3375,9.152001489677568,45.42987669661494,246.7916488647461,87
Milano,3375,9.125889188709545,45.50573243144672,427.7774314880371,87
Milano,3375,9.168607914627277,45.572127617145775,274.03818130493164,87
Milano,3375,9.168287612384333,45.465815066739225,791.4319915771484,87
Milano,3375,9.11196086155593,45.500590656679286,309.3416290283203,87
Milano,3375,9.186691788885598,45.49417518441982,864.1840896606445,87
Milano,3375,9.130475504436935,45.45926403384918,735.9886589050293,87
Milano,3375,9.148211339372363,45.49664294622658,560.6654815673828,87
Milano,3375,9.22608008545419,45.50913483049505,314.37790298461914,87
Milano,3375,9.215105233535919,45.48224597757996,609.7814025878906,87
Milano,3375,9.13833257678,45.447770402515424,204.63513565063477,87
Milano,3375,9.12838210518383,45.503396401002384,466.56541442871094,87
Milano,3375,9.169587370693742,45.54039687641926,197.51614379882812,87
Milano,3375,9.077627508681292,45.49350473520738,210.28230667114258,87
Milano,3375,9.125247518327159,45.486128249964054,375.8263397216797,87
Milano,3375,9.115834990777467,45.44103437858685,435.9585952758789,87
Milano,3375,9.231273103474088,45.444190837889714,174.63658905029297,87
Milano,3375,9.19664014728599,45.49045013196589,766.9792556762695,87
Milano,3375,9.22584058228874,45.46708714772859,613.7763671875,87
Milano,3375,9.244848857955303,45.46966018181183,356.7753562927246,87
Milano,3375,9.091552486328558,45.453233835233206,374.47785568237305,87
Milano,3375,9.091991783085966,45.443211630295224,413.24140548706055,87
Milano,3375,9.12911709029019,45.58073196819631,322.6917304992676,87
Milano,3375,9.138605244469655,45.58140832617582,162.1067352294922,87
Milano,3375,9.143946641186712,45.53123820298314,489.4097480773926,87
Milano,3375,9.132594878188089,45.45559814917275,774.6758117675781,87
Milano,3375,9.23855412128508,45.54228571916332,472.3538475036621,87
Milano,3375,9.124022155642963,45.596815428202184,310.05351638793945,87
Milano,3375,9.150808798320838,45.598092543181444,146.18209075927734,87
Milano,3375,9.20981571807629,45.44488884820345,595.8585739135742,87
Milano,3375,9.10958006393712,45.46833334368662,502.7727737426758,87
Milano,3375,9.162609817290953,45.47272552940191,729.0129623413086,87
Milano,3375,9.23241381493482,45.52913690263382,622.6195068359375,87
Milano,3375,9.129474654631803,45.59770427804791,232.42399978637695,87
Milano,3375,9.222199402664145,45.56275998853863,169.0708885192871,87
Milano,3375,9.148769612188238,45.46258289288829,569.0574798583984,87
Milano,3375,9.174287447370379,45.525951341650874,488.9617004394531,87
Milano,3375,9.232356621741744,45.464020729782305,554.5001678466797,87
Milano,3375,9.230992887108101,45.59201204207083,219.25827407836914,87
Milano,3375,9.140814531887793,45.45746242989527,537.605583190918,87
Milano,3375,9.208287165523556,45.486360405015965,575.5364074707031,87
Milano,3375,9.17572621276426,45.539075847793065,545.5419540405273,87
Milano,3375,9.223302052598456,45.47622180688727,503.2058868408203,87
Milano,3375,9.160966534253266,45.56246586282745,224.35643768310547,87
Milano,3375,9.144158276823275,45.48164105647541,774.9966583251953,87
Milano,3375,9.094612621949363,45.43800579534674,243.70141983032227,87
Milano,3375,9.197856502406873,45.59460997461283,165.89615631103516,87
Milano,3375,9.097917019574608,45.41833348765999,69.45011901855469,87
Milano,3375,9.238654091630952,45.53536500231582,928.4369735717773,87
Milano,3375,9.12605156999361,45.54350981488125,274.3433151245117,87
Milano,3375,9.216499893442284,45.48411333785128,650.4299545288086,87
Milano,3375,9.109979632715621,45.46020069686926,376.5669631958008,87
Milano,3375,9.190619424003339,45.480058779632905,569.1256637573242,87
Milano,3375,9.13405139396442,45.46080171004397,705.992790222168,87
Milano,3375,9.234740322679244,45.46120157094728,421.5517997741699,87
Milano,3375,9.229958114695375,45.5044552957861,686.1610298156738,87
Milano,3375,9.118175561828057,45.4722279728517,787.9162254333496,87
Milano,3375,9.216619361779701,45.514217400440835,595.8576278686523,87
Milano,3375,9.244106185618715,45.504189466384474,475.82895278930664,87
Milano,3375,9.133862225059396,45.500925251512754,399.42852783203125,87
Milano,3375,9.114522815646206,45.49373031652035,221.73104858398438,87
Milano,3375,9.212865392687041,45.49919898390376,736.770393371582,87
Milano,3375,9.15124600740784,45.491679880711466,733.9863433837891,87
Milano,3375,9.190770828436127,45.53586865799071,492.4755668640137,87
Milano,3375,9.242872265014018,45.42832662982096,156.51072692871094,87
Milano,3375,9.177808613719389,45.548956515115755,353.5298271179199,87
Milano,3375,9.13400198493953,45.47283478965623,485.4414291381836,87
Milano,3375,9.24425834604132,45.5083520563723,745.3007545471191,87
Milano,3375,9.15603588976489,45.55365308375948,145.58749389648438,87
Milano,3375,9.081858591187471,45.56787475803251,277.6878547668457,87
Milano,3375,9.219442710664648,45.59528476406674,111.33282089233398,87
Milano,3375,9.164471292275794,45.436818892620956,291.46073150634766,87
Milano,3375,9.171254065041266,45.46291436945716,915.7256774902344,87
Milano,3375,9.232814026161599,45.4961217429538,433.59645080566406,87
Milano,3375,9.25194658012099,45.53423022634723,308.38541412353516,87
Milano,3375,9.128594829875595,45.44040697073539,263.10662841796875,87
Milano,3375,9.094124060355613,45.51892202749218,248.74637603759766,87
Milano,3375,9.139390225838014,45.46168380794519,677.6706085205078,87
Milano,3375,9.172949097591578,45.45002154025533,761.6517028808594,87
Milano,3375,9.19118356290222,45.49378563948112,523.2562866210938,87
Milano,3375,9.173955830462653,45.438518014828894,595.5175285339355,87
Milano,3375,9.127104334528475,45.461248722968485,456.6622848510742,87
Milano,3375,9.126762433511669,45.46931535907047,621.3770065307617,87
Milano,3375,9.180973620387073,45.4732431932716,623.5621109008789,87
Milano,3375,9.114465737278694,45.46857524342169,432.8953437805176,87
Milano,3375,9.226164592178534,45.46099902794598,430.8641128540039,87
Milano,3375,9.190421023166575,45.595006772382014,157.896240234375,87
Milano,3375,9.179558481381083,45.44232940589004,605.1092834472656,87
Milano,3375,9.111697656587006,45.438095896468695,494.13472747802734,87
Milano,3375,9.215609020509284,45.563813020781915,579.1207008361816,87
Milano,3375,9.202479173632575,45.46568738429859,802.1279525756836,87
Milano,3375,9.214993807285978,45.463730884864944,633.6548843383789,87
Milano,3375,9.188021025476232,45.5036463323817,624.7949028015137,87
Milano,3375,9.24395284580734,45.49891154260423,525.714656829834,87
Milano,3375,9.132286343745136,45.500773841750444,297.9906539916992,87
Milano,3375,9.232611915992106,45.49277915130726,1050.7321281433105,87
Milano,3375,9.152601153625671,45.49672485438024,769.9309692382812,87
Milano,3375,9.221320401267983,45.59057850376704,310.7695732116699,87
Milano,3375,9.224079400036358,45.52040446832427,582.8807144165039,87
Milano,3375,9.154998292877316,45.44250274290095,517.9157638549805,87
Milano,3375,9.211825443000881,45.49484229650515,172.90594100952148,87
Milano,3375,9.09224651680912,45.43771547005654,320.6599807739258,87
Milano,3375,9.084049156350945,45.45010296173554,387.5622100830078,87
Milano,3375,9.130631520168933,45.53488256476433,511.88108825683594,87
Milano,3375,9.194907997519365,45.5474024537066,558.7556266784668,87
Milano,3375,9.220957972620262,45.50712983926982,349.37579345703125,87
Milano,3375,9.221824844598025,45.53380837610504,362.0168876647949,87
Milano,3375,9.11643051354558,45.49004905181608,455.03671646118164,87
Milano,3375,9.249094855849666,45.53225462676702,578.6943397521973,87
Milano,3375,9.158092940895289,45.49498227984071,510.11975860595703,87
Milano,3375,9.258498673116867,45.56222094043848,304.3829803466797,87
Milano,3375,9.174577825956263,45.425786488014346,392.8861198425293,87
Milano,3375,9.169417751345991,45.56250990359749,238.43795776367188,87
Milano,3375,9.190776608889001,45.540998690737695,615.0557899475098,87
Milano,3375,9.259165909629997,45.49208921627478,66.8154067993164,87
Milano,3375,9.214873034133644,45.504173179085676,477.04545974731445,87
Milano,3375,9.103934643917196,45.42137025607865,279.4563102722168,87
Milano,3375,9.135365297894749,45.51772710809298,380.4594306945801,87
Milano,3375,9.239999243039998,45.516666820599994,32.993446350097656,87
Milano,3375,9.186117427937152,45.53448366322948,462.0166435241699,87
Milano,3375,9.22171320171338,45.51021218458877,601.7545776367188,87
Milano,3375,9.20493915130326,45.43140411451419,359.1978530883789,87
Milano,3375,9.134634608651266,45.47845888025241,796.1473197937012,87
Milano,3375,9.129514521767792,45.44265797510471,353.8401336669922,87
Milano,3375,9.215548199701526,45.44009982874864,578.6410140991211,87
Milano,3375,9.136384241343725,45.47579242658353,643.3510055541992,87
Milano,3375,9.132071185915084,45.51199762289873,287.97695541381836,87
Milano,3375,9.08061851499973,45.564671349439024,222.1948356628418,87
Milano,3375,9.217106911215488,45.59161639109546,162.0923309326172,87
Milano,3375,9.145727056951534,45.59551256511326,364.035587310791,87
Milano,3375,9.093444914542337,45.46009745799557,661.5598449707031,87
Milano,3375,9.214454057400802,45.591383012860874,106.23721694946289,87
Milano,3375,9.15723129723213,45.42552938111509,114.63093185424805,87
Milano,3375,9.140471038573176,45.486794123545,500.6289482116699,87
Milano,3375,9.122243290726008,45.458247946926576,460.4114875793457,87
Milano,3375,9.193159040742223,45.45633599382604,479.16014862060547,87
Milano,3375,9.233021036377865,45.511260061553685,619.970043182373,87
Milano,3375,9.143973244669878,45.456659749573205,573.046142578125,87
Milano,3375,9.21433743727004,45.513587083386575,324.47594451904297,87
Milano,3375,9.23802902543243,45.46781794956329,184.4725112915039,87
Milano,3375,9.178337799672779,45.4603365485467,774.0137023925781,87
Milano,3375,9.216774207632271,45.44871147260519,788.7007446289062,87
Milano,3375,9.189527505203394,45.49146537551114,951.7634048461914,87
Milano,3375,9.223197907221907,45.53179948730611,554.1079864501953,87
Milano,3375,9.13125226249202,45.49959782378327,285.54366302490234,87
Milano,3375,9.220061232406994,45.43943186827764,470.74596786499023,87
Milano,3375,9.186283777151392,45.50350041138845,489.9433403015137,87
Milano,3375,9.130584146461343,45.51375404326178,454.77209091186523,87
Milano,3375,9.16694197912724,45.45164954048696,746.0254287719727,87
Milano,3375,9.162261571055659,45.494086861658865,616.0014381408691,87
Milano,3375,9.214195471112157,45.442621959047074,687.2908020019531,87
Milano,3375,9.214538166602118,45.5102287231073,262.9820098876953,87
Milano,3375,9.169168462172593,45.51558826417802,675.3090515136719,87
Milano,3375,9.133565487199824,45.44214095814337,301.95361328125,87
Milano,3375,9.105682774558195,45.54799432679937,324.8586006164551,87
Milano,3375,9.201921197022195,45.50149371440877,625.3508987426758,87
Milano,3375,9.231363159318736,45.48154402216791,848.33935546875,87
Milano,3375,9.121913860675951,45.49082740562212,569.3367462158203,87
Milano,3375,9.217058745101792,45.49454991563627,734.0452423095703,87
Milano,3375,9.158503560940607,45.43214127342375,677.7960052490234,87
Milano,3375,9.097053618824777,45.50415138777706,435.6800537109375,87
Milano,3375,9.14335000447673,45.491661441178834,592.7341613769531,87
Milano,3375,9.201111820309654,45.608333486899994,100.14716339111328,87
Milano,3375,9.127719251801024,45.48538789348716,316.07146072387695,87
Milano,3375,9.122552998009198,45.52222795501856,280.0396842956543,87
Milano,3375,9.079582680371487,45.55375418211705,138.48247146606445,87
Milano,3375,9.187503243412573,45.50066658163469,592.2402610778809,87
Milano,3375,9.129967637927589,45.485245751394366,337.63956451416016,87
Milano,3375,9.186448338040112,45.56812115441741,282.2407112121582,87
Milano,3375,9.118547927658827,45.49825622886042,412.63639068603516,87
Milano,3375,9.149164353268404,45.449160747556945,487.82645416259766,87
Milano,3375,9.215555541536215,45.55347378713853,442.9539489746094,87
Milano,3375,9.143628566029037,45.55983911560487,430.6608772277832,87
Milano,3375,9.258535187484043,45.60285550801636,179.5701141357422,87
Milano,3375,9.175425153183808,45.514994974586045,546.4879455566406,87
Milano,3375,9.257879840875406,45.592941832416756,363.0800247192383,87
Milano,3375,9.227374214695406,45.4347503173353,702.6838531494141,87
Milano,3375,9.163833203246169,45.44484758917119,1090.5975456237793,87
Milano,3375,9.194834490040984,45.50256426459819,662.370979309082,87
Milano,3375,9.192648844669202,45.542753634958714,340.72528076171875,87
Milano,3375,9.125957996972598,45.59572031514299,291.1510429382324,87
Milano,3375,9.254180527243935,45.57998880333368,269.3203315734863,87
Milano,3375,9.112894921343026,45.42261601383906,347.629940032959,87
Milano,3375,9.163446236494448,45.45674619972828,747.6298599243164,87
Milano,3375,9.240497335498926,45.5527881448403,601.4816093444824,87
Milano,3375,9.181693697528035,45.50400417213628,641.7103538513184,87
Milano,3375,9.149568845361946,45.44752120758996,316.81485748291016,87
Milano,3375,9.223475322316393,45.51301823959878,452.66990661621094,87
Milano,3375,9.09407478512338,45.462051658759236,430.0059814453125,87
Milano,3375,9.147756357775927,45.45375925368726,420.15336990356445,87
Milano,3375,9.130685180883871,45.50894502268294,781.151741027832,87
Milano,3375,9.202458817126736,45.58920935917266,312.62693786621094,87
Milano,3375,9.103066037499794,45.501664415078224,517.5844650268555,87
Milano,3375,9.194466963398023,45.45941471203755,518.3798065185547,87
Milano,3375,9.142910878755446,45.49583530860709,576.3233642578125,87
Milano,3375,9.209483084571684,45.56830950212613,307.90345764160156,87
Milano,3375,9.188739489824426,45.436615556207165,546.7288360595703,87
Milano,3375,9.224699559926917,45.45834821676836,378.41060638427734,87
Milano,3375,9.151759650194952,45.478805894583864,298.21246337890625,87
Milano,3375,9.140150992791256,45.56281750949278,273.1527633666992,87
Milano,3375,9.21500257946452,45.470256200009544,663.2441711425781,87
Milano,3375,9.23250585879395,45.50334208320268,442.62031173706055,87
Milano,3375,9.112652539385005,45.54016365136001,289.9868927001953,87
Milano,3375,9.183741764426518,45.454337260551405,809.9588851928711,87
Milano,3375,9.188374781128587,45.48122944052564,518.3129768371582,87
Milano,3375,9.208212592193684,45.51795450606298,286.44977951049805,87
Milano,3375,9.114735839787752,45.513298734114414,314.33690643310547,87
Milano,3375,9.224960598816594,45.50538354536549,424.81283950805664,87
Milano,3375,9.125167885886928,45.59800327904054,265.0745964050293,87
Milano,3375,9.098598947401843,45.455743731584676,334.9764862060547,87
Milano,3375,9.122569430243713,45.42895591599637,402.96080017089844,87
Milano,3375,9.194468225296497,45.55121206972325,325.0704689025879,87
Milano,3375,9.209012782150557,45.455766024407275,733.7430038452148,87
Milano,3375,9.223431044831731,45.43254695876228,415.31892013549805,87
Milano,3375,9.079980242712233,45.54964679868482,270.9535140991211,87
Milano,3375,9.13884308848583,45.488650839953046,392.9052619934082,87
Milano,3375,9.12300251734589,45.540674950580105,279.49731063842773,87
Milano,3375,9.208727994810594,45.59036472834136,246.85329055786133,87
Milano,3375,9.14708200165376,45.45209345510584,419.2516326904297,87
Milano,3375,9.210411642658928,45.56577566563195,418.9853935241699,87
Milano,3375,9.250533347001554,45.52207732571859,541.2097244262695,87
Milano,3375,9.207066217520856,45.46734754666613,982.3428192138672,87
Milano,3375,9.161187106047144,45.44901018760969,432.5911521911621,87
Milano,3375,9.195692049008503,45.43779614768318,594.4366683959961,87
Milano,3375,9.161301812319719,45.51567120708786,383.1869430541992,87
