City_Name,K_Resolution,Centroid_Longitude,Centroid_Latitude,Aggregated_Population,Population_Center_ID
Torino,1950,7.6790832858241025,45.08680350376077,768.8916931152344,207
Torino,1950,7.601605754906077,45.06568546464311,249.89094352722168,207
Torino,1950,7.681194732925736,45.08210262513807,782.390739440918,207
Torino,1950,7.668469319338155,44.99936575210368,250.0488224029541,207
Torino,1950,7.615437273777159,45.01734560455409,526.7076797485352,207
Torino,1950,7.6542711483486805,45.11816357546894,564.0562934875488,207
Torino,1950,7.675054701098348,45.050142756383174,1047.8467254638672,207
Torino,1950,7.558880194290965,45.07984085644971,533.0431575775146,207
Torino,1950,7.653633493424679,45.02666974798311,389.59757804870605,207
Torino,1950,7.695223641667014,45.05060491934334,180.94862174987793,207
Torino,1950,7.63415971612797,45.08304445680501,960.8639850616455,207
Torino,1950,7.546575556003227,44.99945783038421,240.16399002075195,207
Torino,1950,7.664875408636545,45.0446309997687,178.14978790283203,207
Torino,1950,7.703283123887891,45.1077594577995,327.89933586120605,207
Torino,1950,7.63055508083792,45.040620738243,845.2759399414062,207
Torino,1950,7.642514534965762,44.98845233900634,258.5675964355469,207
Torino,1950,7.539432462688254,45.004009726910006,356.3000679016113,207
Torino,1950,7.625751865884947,45.06344973262175,516.5302810668945,207
Torino,1950,7.719893615878123,45.07400194295596,515.2957153320312,207
Torino,1950,7.683006651455839,45.108417130445105,285.88683319091797,207
Torino,1950,7.6377339619162665,45.01784127623188,388.7203941345215,207
Torino,1950,7.5408069271542955,45.10325635490732,149.50701713562012,207
Torino,1950,7.723580242650565,45.11737855152448,307.5661735534668,207
Torino,1950,7.646784545885284,45.04020855744341,814.2744522094727,207
Torino,1950,7.596445380486021,45.019534311966176,150.16972541809082,207
Torino,1950,7.633828592992851,45.104223449893425,614.2258911132812,207
Torino,1950,7.684132307505223,44.99790285456316,254.6532859802246,207
Torino,1950,7.657872575134447,45.04795244125166,270.1706600189209,207
Torino,1950,7.642657337149849,44.993831007075265,457.36716651916504,207
Torino,1950,7.6512665449026445,45.05318355407416,1114.2220916748047,207
Torino,1950,7.59806001160725,45.10305911011861,55.57700538635254,207
Torino,1950,7.577976945669502,45.04595665599413,103.46103477478027,207
Torino,1950,7.6450938150261525,45.07008766816745,880.6273574829102,207
Torino,1950,7.576695451500235,45.02228374665974,452.13166427612305,207
Torino,1950,7.694217709664787,45.06481455403947,799.8326721191406,207
Torino,1950,7.539871674139409,45.076017426793925,253.08347702026367,207
Torino,1950,7.579896515805527,45.07529639804967,550.4797286987305,207
Torino,1950,7.620266202917321,45.06977826346087,693.863712310791,207
Torino,1950,7.65247278974392,45.07169253073322,577.5160293579102,207
Torino,1950,7.547792990152463,45.112247557000785,154.73135566711426,207
Torino,1950,7.713119798287786,45.064114888457446,710.0904178619385,207
Torino,1950,7.688671601659568,45.03336407535548,232.87118339538574,207
Torino,1950,7.556501086874825,45.003837716427114,280.254114151001,207
Torino,1950,7.65240269584966,45.064722223714654,818.1369552612305,207
Torino,1950,7.635740535259362,45.05995152552828,561.9646682739258,207
Torino,1950,7.703222629616021,45.05941214078578,619.5418186187744,207
Torino,1950,7.618201792491402,45.0834842606931,495.86376953125,207
Torino,1950,7.641904917459639,45.048847411703385,1085.2835998535156,207
Torino,1950,7.684199976277314,45.068910827985036,1088.9921875,207
Torino,1950,7.624836445271093,45.0266007327547,375.0175952911377,207
Torino,1950,7.6913703481381255,45.00118795520776,528.365909576416,207
Torino,1950,7.622625357201304,45.124136390415195,274.6254940032959,207
Torino,1950,7.6237664217206005,45.104472892575195,152.8925323486328,207
Torino,1950,7.684104511272792,45.042241536517416,437.7383060455322,207
Torino,1950,7.659165146590572,45.0000285013925,502.96491622924805,207
Torino,1950,7.628324264595333,45.002221979031255,239.97289085388184,207
Torino,1950,7.587552864422455,45.06657723638735,266.9881401062012,207
Torino,1950,7.708414575957001,44.99449121195834,380.44972229003906,207
Torino,1950,7.636548417454239,44.98751416399122,328.97987174987793,207
Torino,1950,7.65088113978367,45.00388983868287,614.2536716461182,207
Torino,1950,7.634234315608808,45.12169938389485,341.1348056793213,207
Torino,1950,7.588414843103145,45.02208768315353,299.24041175842285,207
Torino,1950,7.645303442903085,45.096148600182225,204.01074600219727,207
Torino,1950,7.697479851648972,45.08626589820235,319.3335838317871,207
Torino,1950,7.646862457437725,45.07905010624632,749.7246475219727,207
Torino,1950,7.689695824839764,45.10779925797509,163.71353912353516,207
Torino,1950,7.563361783003069,45.06604314688886,342.3179416656494,207
Torino,1950,7.655003567743786,45.03931286998784,763.758544921875,207
Torino,1950,7.542688493849033,45.06922005517022,336.3061408996582,207
Torino,1950,7.6667242912915485,45.02344848506267,745.2628154754639,207
Torino,1950,7.709255613032959,45.09072195513223,843.2103309631348,207
Torino,1950,7.687226418479088,45.090738538301515,736.2143783569336,207
Torino,1950,7.597493578459674,45.04169727180572,278.9096908569336,207
Torino,1950,7.617922720752199,45.032419054339485,402.97615814208984,207
Torino,1950,7.579940407967676,45.06050324065179,570.5033874511719,207
Torino,1950,7.57331003238549,45.0297730000729,297.5127983093262,207
Torino,1950,7.72489390526256,45.098907965228555,774.4506454467773,207
Torino,1950,7.705135536211172,45.09423565465252,753.1178512573242,207
Torino,1950,7.7177527624760724,44.99271488972636,248.83636093139648,207
Torino,1950,7.596754565385412,45.02855360204649,426.0707149505615,207
Torino,1950,7.572960070390669,45.09336120995548,357.39490509033203,207
Torino,1950,7.658415705151558,44.98949194519086,647.5365829467773,207
Torino,1950,7.665000802556482,45.09453828095966,468.43053436279297,207
Torino,1950,7.6993361077201365,45.07637353657868,1022.4892616271973,207
Torino,1950,7.621433269654695,45.07755789071138,771.796516418457,207
Torino,1950,7.645774253534025,45.021483200831206,631.7788391113281,207
Torino,1950,7.714685872226811,45.11248095351642,497.3977470397949,207
Torino,1950,7.665831843189287,45.053310076164614,811.8802299499512,207
Torino,1950,7.688367858519782,45.06417438768656,662.0665512084961,207
Torino,1950,7.588127093488736,45.0479739003722,183.76120567321777,207
Torino,1950,7.656895848551826,45.1088289828264,1025.648084640503,207
Torino,1950,7.652562726001346,45.088987236446705,313.9652519226074,207
Torino,1950,7.672386667893911,45.111664406265874,428.0727653503418,207
Torino,1950,7.713704814151457,45.081987313739866,433.24658393859863,207
Torino,1950,7.6387655166385695,45.07413981949812,887.1086196899414,207
Torino,1950,7.695621434372935,45.094415106559545,1065.0538482666016,207
Torino,1950,7.639807786145569,45.083958068044765,620.246768951416,207
Torino,1950,7.666801409267093,45.03027215226785,854.9843139648438,207
Torino,1950,7.618204541464074,45.0446725651897,509.63129806518555,207
Torino,1950,7.678550712920923,45.10036529433835,785.3376388549805,207
Torino,1950,7.647158973870485,45.12432135935683,328.9246006011963,207
Torino,1950,7.662176343033325,45.10290594381392,799.9541664123535,207
Torino,1950,7.645876511441881,45.11078319326398,608.1375541687012,207
Torino,1950,7.709019556466836,45.079270017019525,402.0240592956543,207
Torino,1950,7.672027728827279,45.10335053645512,638.9663467407227,207
Torino,1950,7.595026793046811,45.07318117156472,370.10897636413574,207
Torino,1950,7.710845441591245,45.048591081171416,240.43456268310547,207
Torino,1950,7.608668278890929,45.02375886792437,165.4623622894287,207
Torino,1950,7.650895753755481,45.01529381813302,766.5759887695312,207
Torino,1950,7.602146312002754,45.00394135362959,424.1064109802246,207
Torino,1950,7.645975127888041,45.11582559981189,222.32492065429688,207
Torino,1950,7.640569488811027,45.10658298727566,538.7219772338867,207
Torino,1950,7.6878587172297275,45.09751400292876,494.84160232543945,207
Torino,1950,7.557329365333341,45.06824784552583,492.4679012298584,207
Torino,1950,7.628597373325379,45.11022753258103,247.6551513671875,207
Torino,1950,7.554038547630756,45.01101671747036,136.18252754211426,207
Torino,1950,7.629552313517777,45.03604049842559,552.2359313964844,207
Torino,1950,7.677942757840524,45.02965953512819,228.13139533996582,207
Torino,1950,7.65738178276776,45.07426992970932,545.0298233032227,207
Torino,1950,7.698557225127251,45.06004040807031,339.7295207977295,207
Torino,1950,7.69942103645385,45.111328556730975,506.4313449859619,207
Torino,1950,7.698324083834801,45.104595304618925,820.5953216552734,207
Torino,1950,7.724424119871901,45.065018218675405,304.2625980377197,207
Torino,1950,7.669899923474298,45.0702612563723,828.9157409667969,207
Torino,1950,7.569554722195841,45.06160153118432,343.6543216705322,207
Torino,1950,7.660010338932714,45.06080668241505,475.312162399292,207
Torino,1950,7.6133205163833955,45.07098572789587,773.1048698425293,207
Torino,1950,7.607617913753001,45.02012589636208,466.9176254272461,207
Torino,1950,7.629138231749867,45.11822497365845,293.806547164917,207
Torino,1950,7.624056399417865,45.04429793003452,421.78243255615234,207
Torino,1950,7.6638101873683775,45.1076653623517,821.0549774169922,207
Torino,1950,7.659966452084205,45.11706482400788,494.8835620880127,207
Torino,1950,7.676668262744157,45.068726284962366,1104.9958190917969,207
Torino,1950,7.6647254122086,45.02540712595863,676.9320068359375,207
Torino,1950,7.6106173138708435,45.1016733831633,134.3337631225586,207
Torino,1950,7.57209240026936,45.08471729324409,362.0997657775879,207
Torino,1950,7.60840068724971,45.078695043863796,233.26041984558105,207
Torino,1950,7.5414319758208785,45.10156092721091,204.69074058532715,207
Torino,1950,7.645930710142774,45.06530806451302,1050.0136947631836,207
Torino,1950,7.672962877529579,45.04525779537682,417.7939453125,207
Torino,1950,7.6998455315531755,44.996590732808386,441.1195869445801,207
Torino,1950,7.680016578631719,45.04541705870328,485.8975372314453,207
Torino,1950,7.6033366398454705,45.00168184279449,317.78287506103516,207
Torino,1950,7.692423848578068,45.10633226121665,280.07321548461914,207
Torino,1950,7.662374599447978,45.071592063455554,716.8162994384766,207
Torino,1950,7.637661557295015,45.11423298824318,423.73642349243164,207
Torino,1950,7.649832769114556,44.99535214578854,713.7202568054199,207
Torino,1950,7.635149453249306,45.07857071562285,846.0068435668945,207
Torino,1950,7.654424215826924,45.08158709258429,852.32421875,207
Torino,1950,7.657564677713143,45.03460801512634,686.625165939331,207
Torino,1950,7.628593189366823,45.0143242735977,626.259162902832,207
Torino,1950,7.642648402866726,45.06149902327724,869.9990081787109,207
Torino,1950,7.694651791125945,45.07420291993152,710.4480857849121,207
Torino,1950,7.623364752596331,45.0165233827007,548.9636383056641,207
Torino,1950,7.706777983507998,45.12046355265003,509.0320510864258,207
Torino,1950,7.609620125125564,45.01735942829901,530.9916152954102,207
Torino,1950,7.5733012541449005,45.0671379568992,684.2747974395752,207
Torino,1950,7.632504769712408,45.076289192284015,1062.248634338379,207
Torino,1950,7.719433966936614,45.076581021108744,154.85058975219727,207
Torino,1950,7.603391648463378,45.07091903552529,533.0669326782227,207
Torino,1950,7.672422167908328,45.086984940681646,877.363691329956,207
Torino,1950,7.639259331847497,44.997360995247085,443.60663986206055,207
Torino,1950,7.579595134234134,45.025292947479414,163.19379043579102,207
Torino,1950,7.672840860296797,45.081572699732256,991.7886047363281,207
Torino,1950,7.638748900723875,45.03146713419553,909.0465259552002,207
Torino,1950,7.66434376858657,45.01209277585444,392.9617462158203,207
Torino,1950,7.6832564140067054,45.01290331732583,220.87679862976074,207
Torino,1950,7.559798058239851,45.09332176814531,185.09990119934082,207
Torino,1950,7.667070945308342,45.1032742963774,933.0766067504883,207
Torino,1950,7.684073690548619,45.05933334747643,888.6442337036133,207
Torino,1950,7.634852032705322,45.04443316112841,770.7759399414062,207
Torino,1950,7.557119098606575,45.07323099826943,311.5531177520752,207
Torino,1950,7.708072238054023,45.11358858315461,440.840181350708,207
Torino,1950,7.658924381467353,45.017737511773205,594.7563133239746,207
Torino,1950,7.657418940139647,45.04442135940697,679.3648166656494,207
Torino,1950,7.58117879866908,45.057312139312906,608.97438621521,207
Torino,1950,7.717212584808097,45.06719478539373,427.89928817749023,207
Torino,1950,7.564419329565103,45.083695549276186,570.4221305847168,207
Torino,1950,7.613449840333903,45.114277792001864,346.5245895385742,207
Torino,1950,7.57528222631373,45.01251541360121,53.26647186279297,207
Torino,1950,7.661253779586317,45.076658770299304,576.4214248657227,207
Torino,1950,7.630762320409388,45.07972050545741,1014.3867797851562,207
Torino,1950,7.673836891875911,45.083808393075024,888.9958114624023,207
Torino,1950,7.665198843423919,45.08083060331645,940.0605239868164,207
Torino,1950,7.699509380682883,45.10942582561334,641.4928588867188,207
Torino,1950,7.647905475249602,45.03374147804385,916.8792724609375,207
Torino,1950,7.657251416334372,45.10337623241063,916.398509979248,207
Torino,1950,7.635927026420756,45.01259980515196,383.82659912109375,207
Torino,1950,7.6155727035210745,45.03607573716826,301.86286544799805,207
Torino,1950,7.651744494821987,45.099906488259776,903.1002731323242,207
Torino,1950,7.670128557145606,45.086739067236714,670.9713859558105,207
Torino,1950,7.629852142853754,45.07588649505088,821.4770660400391,207
Torino,1950,7.703464618751792,45.086998407547036,233.4894256591797,207
Torino,1950,7.645717724710404,45.0302952901467,696.9929828643799,207
Torino,1950,7.644309254938697,45.0912072397767,552.7602100372314,207
Torino,1950,7.675667290825961,45.06378732368689,591.0461044311523,207
Torino,1950,7.664261619290304,45.035092730049,378.9751720428467,207
Torino,1950,7.631710967445318,45.08271232049545,807.9553642272949,207
Torino,1950,7.659636861689831,45.08852755317437,413.7602787017822,207
Torino,1950,7.5683261796748615,45.081162445250754,589.9532489776611,207
Torino,1950,7.642918352158726,45.070835898978686,580.8035202026367,207
Torino,1950,7.67825978193692,45.0834557504782,853.897819519043,207
Torino,1950,7.5493557659351875,45.10811403856182,327.2869682312012,207
Torino,1950,7.5467280558285434,45.0045445803107,373.4795455932617,207
Torino,1950,7.544971540132341,45.07370998441078,329.7350902557373,207
Torino,1950,7.657754367038921,45.013849120491216,759.4254722595215,207
Torino,1950,7.663072755789438,45.06405154130007,726.8998374938965,207
Torino,1950,7.61209725143842,45.07352659003731,554.4856224060059,207
Torino,1950,7.711652828129697,44.99242615446179,388.9805164337158,207
Torino,1950,7.60580074725442,45.07823335058955,289.0652084350586,207
Torino,1950,7.671231126976178,45.01875224892674,93.4912166595459,207
Torino,1950,7.705641059367664,45.06895724188297,515.3648128509521,207
Torino,1950,7.563467269251667,45.07103121957225,895.2319488525391,207
Torino,1950,7.680970020590858,45.03098440700294,166.84887313842773,207
Torino,1950,7.572495947544946,45.06152579404914,485.3387794494629,207
Torino,1950,7.691583971708343,45.108038437120136,296.7213478088379,207
Torino,1950,7.717823751945091,45.07405601143237,427.2119388580322,207
Torino,1950,7.546847594097301,45.07086014415733,285.0170593261719,207
Torino,1950,7.681224282174011,45.05255576272403,500.9999465942383,207
Torino,1950,7.549148932584818,44.99966452645076,187.03247833251953,207
Torino,1950,7.550473081006399,45.01039421731797,138.72432899475098,207
Torino,1950,7.665069323586204,45.04820118179905,719.8798561096191,207
Torino,1950,7.717077399758523,45.09436532648554,406.5330619812012,207
Torino,1950,7.684063582406335,44.996423270660095,173.46637153625488,207
Torino,1950,7.632569103075939,45.01792173090808,553.5035209655762,207
Torino,1950,7.7196935886029445,45.04400291312866,145.96752738952637,207
Torino,1950,7.652425976163975,45.11720286909913,490.7057189941406,207
Torino,1950,7.6657169075333265,45.07012829109025,692.7770576477051,207
Torino,1950,7.69162565712785,45.10184316948884,608.4974327087402,207
Torino,1950,7.6893446449266865,45.05953168351029,904.2313747406006,207
Torino,1950,7.672607168992925,45.074027585903856,715.456901550293,207
Torino,1950,7.616103522921236,45.06258459431369,396.74363899230957,207
Torino,1950,7.552703228681673,45.09915151267235,393.7864799499512,207
Torino,1950,7.634322882654615,45.04989874048322,752.4613990783691,207
Torino,1950,7.609216261865076,45.065163444566636,427.01108741760254,207
Torino,1950,7.6979277576503735,45.065725588231956,765.605058670044,207
Torino,1950,7.6644438677409665,44.993021998268205,470.7643451690674,207
Torino,1950,7.630436463413099,45.02239045759629,568.132791519165,207
Torino,1950,7.64104623007252,45.02364668312765,694.9765777587891,207
Torino,1950,7.656156439519728,45.05776110646668,713.0875396728516,207
Torino,1950,7.724530275263396,45.11239166138306,506.02914237976074,207
Torino,1950,7.6482818488858975,45.06820417430889,655.6608390808105,207
Torino,1950,7.587007668044484,45.0288749845233,168.33047103881836,207
Torino,1950,7.681439529758525,45.037526320584185,535.7070655822754,207
Torino,1950,7.684322831994678,45.08495376670214,379.6431655883789,207
Torino,1950,7.695018807133172,45.07130250075458,1038.3349494934082,207
Torino,1950,7.663341324783426,45.083086923876394,672.1248016357422,207
Torino,1950,7.582248837598468,45.03789696093559,135.19811248779297,207
Torino,1950,7.670404006492829,45.039705634841134,586.8172492980957,207
Torino,1950,7.617563633382905,45.0808145211934,654.4024772644043,207
Torino,1950,7.622672675201542,45.06749024633885,876.0676765441895,207
Torino,1950,7.706486982526296,45.09696024604636,527.0201320648193,207
Torino,1950,7.688089264492483,45.02989809579673,352.340726852417,207
Torino,1950,7.650172233410229,44.9852075651729,82.74650192260742,207
Torino,1950,7.636785641260657,45.01507872991988,592.5122222900391,207
Torino,1950,7.702492174327467,45.09414093889266,814.8342666625977,207
Torino,1950,7.538843605132746,45.0724337629783,501.034610748291,207
Torino,1950,7.593508098643428,45.045854829887155,152.4437141418457,207
Torino,1950,7.7023954131172,44.99385796191693,384.7394332885742,207
Torino,1950,7.634457304576338,45.09457706302234,443.74394607543945,207
Torino,1950,7.6192421153296985,45.0113711699932,225.45672225952148,207
Torino,1950,7.667850003555288,45.08488197844262,888.7617301940918,207
Torino,1950,7.670827602001644,45.060452024666894,935.8922576904297,207
Torino,1950,7.707755868689686,45.117294888437584,484.19260025024414,207
Torino,1950,7.645593316468304,45.10417541951347,689.4627304077148,207
Torino,1950,7.71751320075912,44.98692097965176,138.57946968078613,207
Torino,1950,7.669719947853286,45.05500350325384,663.4016418457031,207
Torino,1950,7.629753926897702,45.05071261678442,449.42935943603516,207
Torino,1950,7.572878912608083,45.0751489297416,731.1837768554688,207
Torino,1950,7.540069391873506,45.108784437876814,218.67142486572266,207
Torino,1950,7.677382672444074,45.078460062075436,731.5458526611328,207
Torino,1950,7.535768450729416,45.00940472764465,395.51010513305664,207
Torino,1950,7.581365728337415,45.02232533975388,404.9564628601074,207
Torino,1950,7.70179470391939,45.09094073143635,437.66979598999023,207
Torino,1950,7.636672026034688,45.02833981403215,153.43730926513672,207
Torino,1950,7.64326360593743,45.1140163130598,327.9698734283447,207
Torino,1950,7.621156159427158,45.058812942106876,268.49159240722656,207
Torino,1950,7.673019127568416,45.09424758399574,1100.2165832519531,207
Torino,1950,7.674307167204466,45.05402415928767,830.779224395752,207
Torino,1950,7.72223025593076,45.07337183139822,468.30347061157227,207
Torino,1950,7.64252256351128,45.003564656244876,575.5208473205566,207
Torino,1950,7.668216151909959,45.06336049520191,746.974292755127,207
Torino,1950,7.653858511812823,45.022002963743546,716.5809288024902,207
Torino,1950,7.650880771008583,45.04916654151636,1256.3309936523438,207
Torino,1950,7.704649514358585,45.05093904405285,221.4232406616211,207
Torino,1950,7.725009766669399,45.10386116961448,394.026065826416,207
Torino,1950,7.676310056229643,45.047641164893626,1103.930763244629,207
Torino,1950,7.6565182795267726,45.06524709252867,502.4137783050537,207
Torino,1950,7.681048462757357,45.09408768435523,635.4223175048828,207
Torino,1950,7.579818568564023,45.088195527754685,267.50703620910645,207
Torino,1950,7.659983992135202,45.016122052718664,770.4858589172363,207
Torino,1950,7.694065428535955,45.08673534186169,695.8661346435547,207
Torino,1950,7.6424911638903446,45.080887506906734,752.3400344848633,207
Torino,1950,7.597647325650789,45.07083864806819,459.2519931793213,207
Torino,1950,7.586719390108408,45.06268903401674,367.4509086608887,207
Torino,1950,7.711909238703678,45.12117369704162,373.3953227996826,207
Torino,1950,7.623844544277971,45.01297799012975,362.5553894042969,207
Torino,1950,7.671849950320645,45.03286406446408,817.4406929016113,207
Torino,1950,7.720832284257173,45.05250015578999,57.23143005371094,207
Torino,1950,7.625039356065814,45.02421249096869,359.77624320983887,207
Torino,1950,7.584738147978525,45.06199049670538,438.57692527770996,207
Torino,1950,7.547541519787279,45.06448133397091,194.82239532470703,207
Torino,1950,7.689402388988888,45.11723331455786,53.82504653930664,207
Torino,1950,7.665677711859966,45.015272250516496,462.54539680480957,207
Torino,1950,7.687229979388123,45.07526725185927,736.3893642425537,207
Torino,1950,7.670901733712845,45.00704457888092,371.5696601867676,207
Torino,1950,7.673737349319171,45.0005587329138,472.726167678833,207
Torino,1950,7.583763300180214,45.12500015549999,38.57770919799805,207
Torino,1950,7.667855151347112,45.07233542174192,721.5562744140625,207
Torino,1950,7.706590168975768,45.09101717953234,798.8331069946289,207
Torino,1950,7.71298671858965,45.094666313711585,572.1123695373535,207
Torino,1950,7.715871823741892,45.08896773213638,285.3039073944092,207
Torino,1950,7.581937843226364,45.08195801119597,52.99992370605469,207
Torino,1950,7.6805697258190095,45.104970510369455,548.2026519775391,207
Torino,1950,7.635100755708493,45.00080173207244,246.39805030822754,207
Torino,1950,7.535240671140808,45.10280370806718,59.370723724365234,207
Torino,1950,7.641695190705609,45.03999739734388,709.7130813598633,207
Torino,1950,7.646239496332291,45.049817420087315,925.2087783813477,207
Torino,1950,7.6707980000082925,45.04229475529296,516.6367111206055,207
Torino,1950,7.616998553477178,45.103163403692015,97.88823699951172,207
Torino,1950,7.6599878370503465,45.00252636312545,574.2957458496094,207
Torino,1950,7.69407849903152,45.11147634579042,234.39086723327637,207
Torino,1950,7.7100153607966275,45.05413990465488,298.06062507629395,207
Torino,1950,7.6463203554933905,45.101800654467894,824.5448608398438,207
Torino,1950,7.6694668762048,45.104188267413704,690.6224365234375,207
Torino,1950,7.675608986648003,45.10349786959584,700.5854072570801,207
Torino,1950,7.574717110397784,45.05618741474896,215.197114944458,207
Torino,1950,7.653643560197991,45.094561418707876,1049.9758834838867,207
Torino,1950,7.605906977799618,45.06357450684313,320.9584903717041,207
Torino,1950,7.696685039507016,45.033619318003105,55.09001159667969,207
Torino,1950,7.6955448848835015,45.07997995612745,768.972972869873,207
Torino,1950,7.653843833537419,45.07678043052657,815.0767822265625,207
Torino,1950,7.560495982836642,45.0666273557436,485.03743171691895,207
Torino,1950,7.671381969568441,45.029797252245245,550.0181484222412,207
Torino,1950,7.577793105131442,45.0825501736915,300.10008430480957,207
Torino,1950,7.580485482204824,45.067982993644,741.6728439331055,207
Torino,1950,7.567908898846537,45.07350039580192,685.1159820556641,207
Torino,1950,7.599246287179709,45.00751262067322,132.5466709136963,207
Torino,1950,7.703883011490824,45.0783300286423,394.3995819091797,207
Torino,1950,7.660651589694517,45.03600876631538,570.0522003173828,207
Torino,1950,7.695711762315918,44.99553406072046,211.5462646484375,207
Torino,1950,7.5812685780426206,45.072391742934855,620.7308464050293,207
Torino,1950,7.574863727661669,45.05992529612511,505.85449981689453,207
Torino,1950,7.574674448561947,45.079387107011826,549.0264205932617,207
Torino,1950,7.686261485605907,45.104976757220385,284.8394203186035,207
Torino,1950,7.6479344851894915,44.99315173737449,411.34447288513184,207
Torino,1950,7.620358058920933,45.08217340066064,661.2897148132324,207
Torino,1950,7.660912113851642,45.052417418425,775.2529449462891,207
Torino,1950,7.648930665613876,45.113414623079976,392.3051166534424,207
Torino,1950,7.681719364640714,45.07749433022265,696.2404479980469,207
Torino,1950,7.630027088769575,45.10017559853857,455.78442573547363,207
Torino,1950,7.630765676668761,45.06804777561796,679.8393325805664,207
Torino,1950,7.5484262958035195,45.001386480487426,198.4719352722168,207
Torino,1950,7.659676544924183,45.042767070937536,499.23254776000977,207
Torino,1950,7.583476243280722,45.05166850384725,99.47653579711914,207
Torino,1950,7.5845341086878335,45.041689443678784,221.19987678527832,207
Torino,1950,7.671384854068479,45.07805936923707,576.2355575561523,207
Torino,1950,7.679050132404504,45.07690267329489,750.5598297119141,207
Torino,1950,7.655372876221933,45.00912634011632,967.3800086975098,207
Torino,1950,7.567575915934825,45.090193724855396,290.2355251312256,207
Torino,1950,7.632238934235688,45.09642537454954,307.22956466674805,207
Torino,1950,7.709098231744236,45.07354897327953,281.2533931732178,207
Torino,1950,7.580022813169415,45.06399088142706,646.4305419921875,207
Torino,1950,7.626780361512124,45.08442216278656,575.595251083374,207
Torino,1950,7.643011947786863,45.028837079830424,546.1424331665039,207
Torino,1950,7.624039136785925,45.11743306774609,356.7561511993408,207
Torino,1950,7.660769874096798,45.09778361994363,1067.7609176635742,207
Torino,1950,7.545274708155455,45.10080037483858,536.389440536499,207
Torino,1950,7.721746977397729,45.06374599843715,251.3742847442627,207
Torino,1950,7.633042500378973,45.07309444252835,1270.6116409301758,207
Torino,1950,7.647867762105971,45.01926966022644,605.2260704040527,207
Torino,1950,7.669592224406948,45.00460520980995,442.76687240600586,207
Torino,1950,7.666882013435254,45.09337453782922,371.9410591125488,207
Torino,1950,7.706260638689842,44.997381299906365,332.04672622680664,207
Torino,1950,7.6152840864062235,45.07249790869063,600.8619842529297,207
Torino,1950,7.708349350233173,45.069675838497716,586.5111675262451,207
Torino,1950,7.723657626032602,45.06719384681522,339.66490936279297,207
Torino,1950,7.718996980139287,45.111485296194594,496.011775970459,207
Torino,1950,7.656546240052193,45.03706797077621,730.5602378845215,207
Torino,1950,7.683732400877392,45.000002469417325,204.21630477905273,207
Torino,1950,7.678678899431379,45.01897708337533,290.72873878479004,207
Torino,1950,7.725441917378244,45.069373730290756,412.3392143249512,207
Torino,1950,7.542127399185309,45.11272972543601,131.34368324279785,207
Torino,1950,7.615218081746325,45.04008611880783,363.66184997558594,207
Torino,1950,7.586471863841454,45.07250498304137,378.6237373352051,207
Torino,1950,7.679535761341281,45.03572557365894,530.7580375671387,207
Torino,1950,7.681789699607052,45.001052634836256,140.70215034484863,207
Torino,1950,7.602499249589998,45.03583348918999,19.99005699157715,207
Torino,1950,7.671083339433743,44.995275015495764,235.06000137329102,207
Torino,1950,7.6778787025823565,45.09177266849323,980.4318542480469,207
Torino,1950,7.639859820179107,45.10203722265502,817.1403388977051,207
Torino,1950,7.7190538482094215,45.11914073718763,268.8795852661133,207
Torino,1950,7.660918389505784,45.074305501224515,729.6553115844727,207
Torino,1950,7.662118782794249,45.11162069360187,584.0486717224121,207
Torino,1950,7.596330733974817,44.999825897155034,99.92337608337402,207
Torino,1950,7.678299105445347,45.05002716076605,759.0385971069336,207
Torino,1950,7.699380119955564,45.08433418720434,403.8903160095215,207
Torino,1950,7.681842985077578,45.09916511703113,929.2613220214844,207
Torino,1950,7.574512300064821,45.02468055397288,190.47289085388184,207
Torino,1950,7.652957414194597,45.08714380921919,373.0591468811035,207
Torino,1950,7.569045870142144,45.03180822874406,192.6608371734619,207
Torino,1950,7.6392609289651805,45.04737707111348,1009.0666427612305,207
Torino,1950,7.634566440593065,45.03225435734856,600.1766757965088,207
Torino,1950,7.622059360952157,45.031818879925815,571.4050693511963,207
Torino,1950,7.640499408256994,45.09702477711758,364.92894554138184,207
Torino,1950,7.646143562337943,44.99977951251936,721.9684753417969,207
Torino,1950,7.678982316706059,45.109037569766414,562.5332736968994,207
Torino,1950,7.6792841237360765,45.095931232025734,793.2010803222656,207
Torino,1950,7.703906446838382,44.996061246186684,440.7410354614258,207
Torino,1950,7.663318520343334,45.020014877108366,736.8538970947266,207
Torino,1950,7.614552500507604,45.07772234596302,391.3073539733887,207
Torino,1950,7.669183418394771,45.04839055910984,637.7384643554688,207
Torino,1950,7.688829706317875,45.050131597338435,283.24107551574707,207
Torino,1950,7.5808035676338115,45.08345276048055,127.35262680053711,207
Torino,1950,7.546005833675368,45.10538942796963,435.78690338134766,207
Torino,1950,7.637957522673252,45.057966395489984,513.3506889343262,207
Torino,1950,7.571531214287257,45.049099761998335,189.02018547058105,207
Torino,1950,7.665618658949033,45.00914212510839,461.78995513916016,207
Torino,1950,7.583244266323653,45.06990883068096,454.8210697174072,207
Torino,1950,7.715293849342565,44.995696860540676,248.0224895477295,207
Torino,1950,7.53843801038423,45.067327311160206,467.91317558288574,207
Torino,1950,7.62705526938651,45.12172184761177,420.60387229919434,207
Torino,1950,7.720251268895796,45.10545091429424,254.99009132385254,207
Torino,1950,7.668162893074813,45.0073197351613,227.2491340637207,207
Torino,1950,7.672586686699225,45.065563536291094,946.0316467285156,207
Torino,1950,7.7048579000843835,45.0622210933177,535.9378967285156,207
Torino,1950,7.619738770244076,45.0387784237869,766.3554229736328,207
Torino,1950,7.680731079546266,45.06072775357594,733.9536590576172,207
Torino,1950,7.643229815183467,44.998439444009065,497.00638580322266,207
Torino,1950,7.609597741018965,45.04307543176714,199.3291778564453,207
Torino,1950,7.663273977527838,45.05293691872033,532.4325752258301,207
Torino,1950,7.690869816032745,44.99804057104947,505.7599048614502,207
Torino,1950,7.544020046576456,45.103313481026625,402.3644771575928,207
Torino,1950,7.611488519493522,45.02109345594118,238.01662826538086,207
Torino,1950,7.671993352310401,45.105575001712396,523.6351947784424,207
Torino,1950,7.664066539467492,45.000974213581394,368.96055603027344,207
Torino,1950,7.601006960124922,45.07513888369602,415.4289741516113,207
Torino,1950,7.696458800916097,45.10256908084678,684.67919921875,207
Torino,1950,7.645858958383393,45.083731204161005,697.2944240570068,207
Torino,1950,7.647866348812782,44.989272202157,458.6996154785156,207
Torino,1950,7.636629868200428,45.09532045837202,444.21767807006836,207
Torino,1950,7.6605308211264305,45.091615955781975,432.9079704284668,207
Torino,1950,7.7148827176251755,45.090941984681955,529.6325492858887,207
Torino,1950,7.651391396967151,45.00827286573612,445.53001594543457,207
Torino,1950,7.536215771593636,45.06974191304292,555.0762481689453,207
Torino,1950,7.711073960112301,45.11444360871269,318.76083755493164,207
Torino,1950,7.679022418772316,45.047296168132554,768.0990371704102,207
Torino,1950,7.602525569008512,45.031538968172526,169.70644569396973,207
Torino,1950,7.688457701306286,45.08343880107165,747.277946472168,207
Torino,1950,7.625947457571044,45.033748530301295,200.70131874084473,207
Torino,1950,7.663605766954061,45.059007783406834,529.3398666381836,207
Torino,1950,7.537352305960555,45.00224711577903,207.75527954101562,207
Torino,1950,7.665009152321241,45.07811437897405,918.4239044189453,207
Torino,1950,7.6511351311209665,45.0597461305003,1003.5000305175781,207
Torino,1950,7.569174620611516,45.07831264852768,523.9900131225586,207
Torino,1950,7.690830040023966,45.083337557371124,867.6972579956055,207
Torino,1950,7.631097149078036,45.00159616136002,145.58318710327148,207
Torino,1950,7.6623219491002725,45.07853284069019,719.27783203125,207
Torino,1950,7.637594560696387,45.071350066624284,812.0765609741211,207
Torino,1950,7.628529299819529,45.123487448139514,624.698974609375,207
Torino,1950,7.707583635329415,45.1236957092409,390.03029441833496,207
Torino,1950,7.669160203754506,45.03380150914213,1031.9314575195312,207
Torino,1950,7.69395980868469,45.097779434473736,1108.9807434082031,207
Torino,1950,7.626994070819429,45.102346758840945,351.3189506530762,207
Torino,1950,7.63766876313597,45.10190425719172,623.6497192382812,207
Torino,1950,7.626165147464808,45.068201329510444,413.062292098999,207
Torino,1950,7.714229192337553,45.07902526640261,200.2410488128662,207
Torino,1950,7.6184071771500355,45.01970571688841,376.4444694519043,207
Torino,1950,7.693462440187035,45.05596653480212,701.8536682128906,207
Torino,1950,7.685193831878531,45.03338934397368,446.117094039917,207
Torino,1950,7.638004129762089,45.04381731502118,855.0974235534668,207
Torino,1950,7.655020117190699,45.10650007101012,795.3612937927246,207
Torino,1950,7.649447010398888,45.10164018956746,884.1699829101562,207
Torino,1950,7.598335820738706,45.03512560665534,180.89814949035645,207
Torino,1950,7.649951760893474,45.0891134034133,367.48110580444336,207
Torino,1950,7.634824367867349,45.03878823543285,721.4481925964355,207
Torino,1950,7.676658579537398,45.09664178137424,872.2904815673828,207
Torino,1950,7.646125033397918,45.07467621059599,928.4663505554199,207
Torino,1950,7.679518533374013,45.03846385882099,454.080530166626,207
Torino,1950,7.7007442529343635,45.09974232589066,470.6127700805664,207
Torino,1950,7.62688207506133,45.0219821531211,520.8692016601562,207
Torino,1950,7.625682267187029,45.05156145119038,379.08649253845215,207
Torino,1950,7.64003168723777,45.01488607811346,215.460599899292,207
Torino,1950,7.646536024622132,45.056729649677415,651.9434051513672,207
Torino,1950,7.693813401372266,45.068080205958594,1005.4631309509277,207
Torino,1950,7.713567710053598,45.088031049320655,507.2361068725586,207
Torino,1950,7.629186357034761,45.102722468746315,418.7281036376953,207
Torino,1950,7.702737535156684,45.11601540456447,455.8698539733887,207
Torino,1950,7.552896566623869,45.10322083150777,396.9820613861084,207
Torino,1950,7.687035608097987,45.085617798292425,730.5783653259277,207
Torino,1950,7.7150379136157206,45.067761007182405,358.3294315338135,207
Torino,1950,7.631082718319715,45.02666198711212,291.91268730163574,207
Torino,1950,7.679806091075928,45.05531276015154,1025.4822845458984,207
Torino,1950,7.553471654670838,45.06285943950773,130.98672676086426,207
Torino,1950,7.668173651531278,45.01422783494041,219.9955539703369,207
Torino,1950,7.687088320435944,45.001625949364396,282.6376495361328,207
Torino,1950,7.668614333897157,45.03655574927732,612.4457244873047,207
Torino,1950,7.642777449500005,45.045658970691846,1112.6099700927734,207
Torino,1950,7.620344184215472,45.02339689174006,397.9311637878418,207
Torino,1950,7.693250032351175,45.053554586855306,555.0614604949951,207
Torino,1950,7.657030058405938,44.99177142684263,627.7536525726318,207
Torino,1950,7.616837244537902,45.11453788814722,196.5820255279541,207
Torino,1950,7.704284517213855,45.096529122571916,548.3540115356445,207
Torino,1950,7.639421534425249,44.987362163021714,402.33505630493164,207
Torino,1950,7.664424974110088,45.03729114548018,384.5634708404541,207
Torino,1950,7.632783716783593,44.99473471769739,177.9161319732666,207
Torino,1950,7.7073609683790805,45.05962282973014,580.0288753509521,207
Torino,1950,7.693728502774598,45.10362809296597,705.2426872253418,207
Torino,1950,7.575834101926901,45.07499790781743,596.3830490112305,207
Torino,1950,7.608098471748981,45.05950032035238,63.48350143432617,207
Torino,1950,7.5700572452266055,45.09256079958277,270.3632507324219,207
Torino,1950,7.600832582929997,45.018333489259994,17.739402770996094,207
Torino,1950,7.680069472677662,44.99715254265654,208.89703559875488,207
Torino,1950,7.616974688687374,45.0610113782615,327.5035095214844,207
Torino,1950,7.712841659296156,45.09105839363489,607.7693901062012,207
Torino,1950,7.683286800788453,45.06556571113827,903.6337738037109,207
Torino,1950,7.654938022884088,45.055222509776975,767.4934539794922,207
Torino,1950,7.623289331322002,45.121552343274764,317.94348907470703,207
Torino,1950,7.709587074434587,45.11102689866153,247.34101676940918,207
Torino,1950,7.676782920196686,45.045008036622576,746.3645439147949,207
Torino,1950,7.657541554136603,45.09322839282609,911.7534408569336,207
Torino,1950,7.656602229608359,45.06912012508744,468.8396224975586,207
Torino,1950,7.6528292854671625,44.99795466790043,811.4995574951172,207
Torino,1950,7.636934754231653,45.039675487339686,764.7408065795898,207
Torino,1950,7.699917871654253,45.1163578148357,295.52873039245605,207
Torino,1950,7.606188582049317,45.07335131739769,662.484375,207
Torino,1950,7.654485314991853,45.03401113031008,763.552074432373,207
Torino,1950,7.658602450740902,45.09561708144134,1009.5084991455078,207
Torino,1950,7.642824604458286,45.075440508884256,857.1050910949707,207
Torino,1950,7.680277070639807,45.07252767551543,586.3329544067383,207
Torino,1950,7.718605407441249,45.06467142811063,290.42900466918945,207
Torino,1950,7.633101220825141,45.06717915937172,873.5065650939941,207
Torino,1950,7.6758178428871,45.024457986620156,219.6268081665039,207
Torino,1950,7.568330156990973,45.06978163668228,468.14013290405273,207
Torino,1950,7.635638698154255,45.069486692196165,1208.8083305358887,207
Torino,1950,7.6824797183223685,45.045170511767935,321.4768180847168,207
Torino,1950,7.645636582946049,45.0028035157679,801.5655860900879,207
Torino,1950,7.669982072449415,45.07377707151327,696.389404296875,207
Torino,1950,7.575458629157934,45.08524574190382,297.1789722442627,207
Torino,1950,7.6182953003265315,45.08582974147212,573.7860050201416,207
Torino,1950,7.628149075192007,45.060915044463684,553.7359313964844,207
Torino,1950,7.575067193070374,45.07218738142266,751.4568634033203,207
Torino,1950,7.689183065578112,45.06664292893021,776.4000778198242,207
Torino,1950,7.614408554363622,45.06827343829561,733.9268684387207,207
Torino,1950,7.624126959894327,45.078234649357576,705.9130249023438,207
Torino,1950,7.660884701685986,45.06544146324245,383.8057098388672,207
Torino,1950,7.691623912936151,45.05468576148648,366.1570167541504,207
Torino,1950,7.6566624935171825,45.08003853560828,869.2659034729004,207
Torino,1950,7.584973470703059,45.07507249868794,306.9621276855469,207
Torino,1950,7.675170075651102,45.002528090071415,371.0766296386719,207
Torino,1950,7.71427246291237,44.99151241946079,285.4914150238037,207
Torino,1950,7.636709321702393,44.99729174000001,301.49274826049805,207
Torino,1950,7.667144324691821,45.05029656761544,736.9043350219727,207
Torino,1950,7.669880139325064,45.0913461110979,494.43280601501465,207
Torino,1950,7.702721239217568,45.08927612228033,468.10611724853516,207
Torino,1950,7.7011127588912505,45.07282486424637,612.9592685699463,207
Torino,1950,7.65388315691221,45.111592546502486,674.4570388793945,207
Torino,1950,7.627718374314517,45.053796891615754,419.8222904205322,207
Torino,1950,7.5850558667560835,45.03743829483186,139.46208953857422,207
Torino,1950,7.576984842622719,45.04525216979961,70.55545234680176,207
Torino,1950,7.544756535928518,45.00937211463537,174.78764533996582,207
Torino,1950,7.662552350495294,45.1180046779419,153.5299015045166,207
Torino,1950,7.671815715644938,45.05648072547882,953.6467361450195,207
Torino,1950,7.691129570735638,45.03300969516573,279.5741767883301,207
Torino,1950,7.584573139654212,45.01166682261999,35.15960121154785,207
Torino,1950,7.665862036977876,45.04586934341891,471.29281997680664,207
Torino,1950,7.55430570239687,45.06894352148353,305.8049545288086,207
Torino,1950,7.635954858700589,45.05295832434609,686.263786315918,207
Torino,1950,7.641566357840908,45.11619622689044,330.02539253234863,207
Torino,1950,7.704001652931968,45.080913806919085,152.9522304534912,207
Torino,1950,7.5888414170081635,45.04299870839386,269.251256942749,207
Torino,1950,7.620841570032913,45.06226000841524,529.771728515625,207
Torino,1950,7.687024433292489,45.077305502603025,899.9407806396484,207
Torino,1950,7.702205848563663,45.11792303203841,446.52280044555664,207
Torino,1950,7.548254913156207,45.0062648340865,211.89562225341797,207
Torino,1950,7.661068613450056,44.98642393427524,75.39212989807129,207
Torino,1950,7.608716565763369,45.072469655635494,809.3517074584961,207
Torino,1950,7.601098106399504,44.99888039087987,160.16477584838867,207
Torino,1950,7.633987884204485,45.064563834040754,547.5684623718262,207
Torino,1950,7.720075987509877,45.0660141256231,449.718074798584,207
Torino,1950,7.665459960324688,45.086270415255974,729.4174461364746,207
Torino,1950,7.721286897241175,45.11498354338505,439.4629211425781,207
Torino,1950,7.685338120943406,45.07350632929525,646.3290596008301,207
Torino,1950,7.691642868740494,45.07989397999291,844.3177871704102,207
Torino,1950,7.669872263189715,45.010257897338896,236.45480155944824,207
Torino,1950,7.619584224214134,45.07958133552969,692.1622161865234,207
Torino,1950,7.626576277245971,45.037727563343836,530.9604568481445,207
Torino,1950,7.62017168315309,45.01847865297924,435.87028884887695,207
Torino,1950,7.626784091183378,45.02782564208215,293.7633991241455,207
Torino,1950,7.542851889242112,45.00346662274557,239.10551643371582,207
Torino,1950,7.688227470153664,45.069328117922936,967.6388664245605,207
Torino,1950,7.7011000159717,45.06734892766768,795.0616436004639,207
Torino,1950,7.698509701944576,44.994099794519755,305.669734954834,207
Torino,1950,7.5651031770000925,45.07572544293906,546.054801940918,207
Torino,1950,7.62933947962481,44.988429501207904,150.7771339416504,207
Torino,1950,7.6484723162034225,45.02202907073922,699.4504795074463,207
Torino,1950,7.603185921725729,45.073322991827126,601.509449005127,207
Torino,1950,7.635660136345542,45.05737511813487,450.20361518859863,207
Torino,1950,7.632184631461499,45.112150897042795,122.0261116027832,207
Torino,1950,7.66872863471959,45.038640798361946,480.40260314941406,207
Torino,1950,7.648860575605799,45.05779100933042,833.402473449707,207
Torino,1950,7.63717111463526,44.99511530456906,376.3991508483887,207
Torino,1950,7.628495246120954,45.01925039143415,336.9503173828125,207
Torino,1950,7.6087710919259095,45.06338823964631,420.33574867248535,207
Torino,1950,7.645959540290447,45.062616326300194,725.9660339355469,207
Torino,1950,7.582110260191821,45.07447424016975,465.2466621398926,207
Torino,1950,7.636251293570217,45.01050610165878,135.00410270690918,207
Torino,1950,7.682993896197186,45.026271941027275,189.785982131958,207
Torino,1950,7.662451116238035,45.08519502426763,709.8971900939941,207
Torino,1950,7.5831127308963255,45.021157317909584,406.048282623291,207
Torino,1950,7.656763142394247,45.030107559384376,440.6143970489502,207
Torino,1950,7.648331705396289,45.014361235190535,280.2544631958008,207
Torino,1950,7.653362679000142,45.03162700850617,775.2213745117188,207
Torino,1950,7.6736726150244134,45.09920833444278,995.7999725341797,207
Torino,1950,7.648753491143294,45.07559340991938,1366.8189163208008,207
Torino,1950,7.570810351892014,45.029255439047134,231.2886505126953,207
Torino,1950,7.720888235302953,45.068066175260604,514.6427669525146,207
Torino,1950,7.590383206028984,45.04573447412661,224.0657501220703,207
Torino,1950,7.675672347683911,45.02844541218894,230.85152626037598,207
Torino,1950,7.666173888258036,45.100979688336054,888.3013076782227,207
Torino,1950,7.544667761880965,45.076264046613176,198.49737930297852,207
Torino,1950,7.622734442820659,45.02765284809226,368.4307060241699,207
Torino,1950,7.66915109601366,45.030417762297965,1005.1764755249023,207
Torino,1950,7.628277638009799,45.06394665934277,835.5877475738525,207
Torino,1950,7.621937202674323,45.02157717153612,459.57939529418945,207
Torino,1950,7.649243699008514,45.08072996769576,677.1433410644531,207
Torino,1950,7.607868213333285,45.029339937081204,176.24756813049316,207
Torino,1950,7.57029906405085,45.09000226774792,441.620756149292,207
Torino,1950,7.650222224946724,44.99915303559216,979.0498352050781,207
Torino,1950,7.639464221136696,45.115048374601706,299.640661239624,207
Torino,1950,7.543723337957615,45.00516836458445,244.19881629943848,207
Torino,1950,7.638109249407091,45.064766779988254,1046.9806823730469,207
Torino,1950,7.644242635650428,45.047806061280454,849.9141464233398,207
Torino,1950,7.66100548574385,45.01969663883954,666.4602584838867,207
Torino,1950,7.676865668559463,45.10734241226296,543.1714286804199,207
Torino,1950,7.597973767015036,45.007108456765735,95.15597152709961,207
Torino,1950,7.6586389777227515,44.98696336762155,310.97484397888184,207
Torino,1950,7.667320685906422,45.04330744964992,404.0451774597168,207
Torino,1950,7.719941321670936,44.99044948260033,213.22339630126953,207
Torino,1950,7.632882480506717,45.00104360247012,192.03120040893555,207
Torino,1950,7.690872683229195,45.0615920986862,845.3419609069824,207
Torino,1950,7.656051698669272,45.00540952798982,719.7372951507568,207
Torino,1950,7.6516920042839,45.08224974895509,638.2388381958008,207
Torino,1950,7.56574725995302,45.06902759503677,510.1724166870117,207
Torino,1950,7.725525185076249,45.12438422478644,138.32401275634766,207
Torino,1950,7.686486164093812,45.07102000794936,642.4691696166992,207
Torino,1950,7.676294065873517,45.10155827077197,751.0678062438965,207
Torino,1950,7.670855897492875,45.03629806720447,873.3010444641113,207
Torino,1950,7.704852295991809,45.11417814372125,416.9005241394043,207
Torino,1950,7.709347102480709,45.08401817506643,268.7338161468506,207
Torino,1950,7.624908144253405,45.057132262388585,266.54618072509766,207
Torino,1950,7.711120023749141,45.08854827439764,530.7419929504395,207
Torino,1950,7.66658307259133,45.037161739835476,654.9140281677246,207
Torino,1950,7.667780026901542,45.069464013653345,807.2804565429688,207
Torino,1950,7.6408454725297705,45.03298629003389,701.6189613342285,207
Torino,1950,7.66517798296912,44.99904183231201,331.3265838623047,207
Torino,1950,7.614718726074628,45.0750157019844,362.3734550476074,207
Torino,1950,7.636665921549386,45.04966621607702,982.4710998535156,207
Torino,1950,7.573965169989904,45.08759243955939,505.4437999725342,207
Torino,1950,7.709473640647416,45.11973896309903,617.7215328216553,207
Torino,1950,7.619959637217722,45.07533239999666,734.8833656311035,207
Torino,1950,7.590247578620523,45.00825175030242,57.57718849182129,207
Torino,1950,7.70542110640717,44.99934683130659,193.29962539672852,207
Torino,1950,7.680805257438251,45.01602799796568,93.0324821472168,207
Torino,1950,7.549743403095193,45.07528203759301,379.34033966064453,207
Torino,1950,7.678371066715094,45.10395445449386,757.7469367980957,207
Torino,1950,7.664809064729559,45.01793011473656,598.6170787811279,207
Torino,1950,7.538435485752777,45.00917374474575,341.0658149719238,207
Torino,1950,7.581665916339997,45.02750015588999,17.594013214111328,207
Torino,1950,7.633835623217351,45.02041660459457,725.1852779388428,207
Torino,1950,7.66698019624423,45.03362036297532,618.8896827697754,207
Torino,1950,7.685587831403241,45.05339880039224,382.56844329833984,207
Torino,1950,7.652608905770772,45.09730710678164,1237.545654296875,207
Torino,1950,7.6756008909569,45.0427566261278,700.9298686981201,207
Torino,1950,7.641476268474192,45.12353293928022,298.6903266906738,207
Torino,1950,7.704752915330928,45.08513349670022,291.9723415374756,207
Torino,1950,7.543401444019365,45.105951978588806,284.5268745422363,207
Torino,1950,7.629160132216108,45.10499273792193,610.8982543945312,207
Torino,1950,7.588402792084987,45.02678185839715,264.42613410949707,207
Torino,1950,7.6827167974489665,45.10142067735269,724.9633293151855,207
Torino,1950,7.6585122341673815,45.07515868237224,479.8050842285156,207
Torino,1950,7.6138716936584245,45.11666408951077,266.1646041870117,207
Torino,1950,7.635939557124177,45.06648724679225,839.263729095459,207
Torino,1950,7.681100135895615,45.05018595409356,581.752721786499,207
Torino,1950,7.557550261018485,45.078036237868815,294.59280586242676,207
Torino,1950,7.577079460431127,45.07707666941945,351.5264587402344,207
Torino,1950,7.6188105628477185,45.104166822249994,40.735300064086914,207
Torino,1950,7.703016369762776,45.05234541589828,149.87131118774414,207
Torino,1950,7.6956287172738405,45.026667582084364,150.06547355651855,207
Torino,1950,7.6605029163850125,45.00881483609989,534.9932174682617,207
Torino,1950,7.653797120718054,45.068741329269095,998.26513671875,207
Torino,1950,7.582262811177746,45.06522985260137,636.1241836547852,207
Torino,1950,7.69434313977622,45.058112868699276,588.4013137817383,207
Torino,1950,7.712514016486708,45.099327836433396,140.7016944885254,207
Torino,1950,7.725290200795113,45.08221876030601,64.82119369506836,207
Torino,1950,7.657281124637583,45.01914731005037,443.9653434753418,207
Torino,1950,7.557187404699841,45.07588581508369,283.25850105285645,207
Torino,1950,7.668119929836288,45.1109756919564,289.8367004394531,207
Torino,1950,7.65310748129895,45.121565727580276,509.57329750061035,207
Torino,1950,7.641684449161401,45.10015837348644,779.1588859558105,207
Torino,1950,7.572315319863788,45.04059215620507,138.55066108703613,207
Torino,1950,7.650009817930709,45.02830892361905,556.3253936767578,207
Torino,1950,7.620088557989194,45.12189708044381,101.5744800567627,207
Torino,1950,7.582519308680281,45.02418077006662,302.8557415008545,207
Torino,1950,7.629197561793125,45.078016809157816,851.4158096313477,207
Torino,1950,7.559974312538087,45.07174549588079,375.30366134643555,207
Torino,1950,7.655414994334701,45.07499814722926,637.5157585144043,207
Torino,1950,7.704956014234315,45.0528872142236,233.88104248046875,207
Torino,1950,7.69828319968389,45.09912664059443,686.670036315918,207
Torino,1950,7.633690215405588,45.014945064192325,612.961051940918,207
Torino,1950,7.620070445151831,45.12440234493698,191.52071380615234,207
Torino,1950,7.7183028409975165,45.07169872997857,702.0674095153809,207
Torino,1950,7.646666560138155,45.04753805666044,761.2812423706055,207
Torino,1950,7.584686431045189,45.05705374615538,690.9431476593018,207
Torino,1950,7.7142685909318045,45.065943409266644,647.3203201293945,207
Torino,1950,7.712284085719685,45.05324460363249,222.60023307800293,207
Torino,1950,7.666243504121502,45.08808536990711,371.501407623291,207
Torino,1950,7.653597014537904,45.11453375334295,523.6522941589355,207
Torino,1950,7.674621581814369,45.020237924799396,207.7533950805664,207
Torino,1950,7.670723985132718,45.06373689274364,905.3999252319336,207
Torino,1950,7.634899882868212,45.11515936787774,423.0928249359131,207
Torino,1950,7.636977066932784,45.12083457166854,211.3158016204834,207
Torino,1950,7.697487778918278,45.053162038181824,213.97069358825684,207
Torino,1950,7.617249357289517,45.01321297317831,148.9281063079834,207
Torino,1950,7.535829629097345,45.00622523719749,483.15292739868164,207
Torino,1950,7.673344184474232,45.05963723486042,882.4208221435547,207
Torino,1950,7.580468678443474,45.01488015752811,120.9145622253418,207
Torino,1950,7.691824367791471,45.06572247569719,789.1538162231445,207
Torino,1950,7.702179320509064,44.99726979906103,335.0105667114258,207
Torino,1950,7.621014898307802,45.04976745220226,324.6473693847656,207
Torino,1950,7.620215111792985,45.06018664428012,402.5861511230469,207
Torino,1950,7.570830708705186,45.073604573859036,462.0314292907715,207
Torino,1950,7.6841657458684205,45.07718082348227,813.6195755004883,207
Torino,1950,7.654168060955198,45.07916564888143,873.150764465332,207
Torino,1950,7.544165916489997,45.060833489089994,17.517610549926758,207
Torino,1950,7.640522259339797,45.017589997997845,428.1497859954834,207
Torino,1950,7.710377328828968,45.07564758375493,156.33532524108887,207
Torino,1950,7.640189375397052,45.04532403160803,791.1701126098633,207
Torino,1950,7.663666566930893,45.075002126323106,490.36590576171875,207
Torino,1950,7.663508604128332,45.06191098908361,576.2145576477051,207
Torino,1950,7.612530845935927,45.049580519321935,114.07802772521973,207
Torino,1950,7.679973809700382,45.08474441160202,502.9961624145508,207
Torino,1950,7.660367166674215,45.0468416477048,885.91015625,207
Torino,1950,7.659326586578443,45.04960169526958,733.5055847167969,207
Torino,1950,7.54931255450147,45.100849485129075,549.3217296600342,207
Torino,1950,7.69392423730097,45.03184720839642,250.46158599853516,207
Torino,1950,7.6016544428619435,45.006769830998216,223.7881679534912,207
Torino,1950,7.550274671112867,45.10447992252289,360.9855613708496,207
Torino,1950,7.650759483776262,45.11052788865563,461.53161430358887,207
Torino,1950,7.698046092600874,45.082071458955596,346.9841480255127,207
Torino,1950,7.674627836914724,45.09160440617319,977.517749786377,207
Torino,1950,7.54897748300325,45.07028246531677,185.0957546234131,207
Torino,1950,7.707123655163496,45.07314054669947,360.0035915374756,207
Torino,1950,7.655417951922289,45.01265542154532,974.7660446166992,207
Torino,1950,7.654688505303644,45.024208537679556,801.004150390625,207
Torino,1950,7.586820756611185,45.04555973920723,143.9461212158203,207
Torino,1950,7.603354488023757,45.00598968890891,223.82484245300293,207
Torino,1950,7.6413423758593035,45.073426576175486,863.1634521484375,207
Torino,1950,7.692621034593998,45.07609323508258,819.0022087097168,207
Torino,1950,7.536070032652229,45.07697689833124,142.2518539428711,207
Torino,1950,7.613242079620611,45.03006693619475,152.29639053344727,207
Torino,1950,7.657713171456411,45.12390184256396,58.81741142272949,207
Torino,1950,7.703750295680623,45.105112885317936,250.49813270568848,207
Torino,1950,7.682604629943194,45.061325950713254,615.2643585205078,207
Torino,1950,7.664321995095355,45.02877386398926,529.9995803833008,207
Torino,1950,7.658307325986339,45.115993821672504,521.8664283752441,207
Torino,1950,7.670913179359372,45.04594055182914,699.048225402832,207
Torino,1950,7.560160222177357,45.0621775622074,205.33812713623047,207
Torino,1950,7.640981178074295,44.99921822194923,455.5469207763672,207
Torino,1950,7.680933063645333,45.07510765625114,752.8125076293945,207
Torino,1950,7.704201368913537,45.09140621542336,804.1251831054688,207
Torino,1950,7.656971713555243,45.11174196442923,813.1754722595215,207
Torino,1950,7.546652050164117,45.01017937359045,237.6175193786621,207
Torino,1950,7.691958026591036,45.09019202675119,875.0983505249023,207
Torino,1950,7.597715913993588,45.004880265206666,245.50061225891113,207
Torino,1950,7.698087092225727,45.10738514419216,706.2644424438477,207
Torino,1950,7.577446380891965,45.06401922558008,451.6177444458008,207
Torino,1950,7.671783493640802,45.07179385245257,689.4580612182617,207
Torino,1950,7.668845130726994,45.082289289157785,739.3764572143555,207
Torino,1950,7.5634442384014156,45.08049710236667,308.0193462371826,207
Torino,1950,7.6511535896164276,45.06742795908616,1025.9003524780273,207
Torino,1950,7.652492923818045,45.10675280326097,735.0498161315918,207
Torino,1950,7.638771425589482,45.02455121311083,657.4741516113281,207
Torino,1950,7.683294217225258,45.05265734932746,454.79003143310547,207
Torino,1950,7.681463815519875,45.0351928894482,441.56751251220703,207
Torino,1950,7.694404996361602,45.063023746914546,467.5547294616699,207
Torino,1950,7.67561538915408,45.105662843279895,623.2421321868896,207
Torino,1950,7.609779263047908,45.02000747785461,393.3557434082031,207
Torino,1950,7.714627124825186,45.074290247507655,175.5966339111328,207
Torino,1950,7.635511047206314,45.097400173654286,266.9148139953613,207
Torino,1950,7.623747671819883,45.03996773425136,738.286003112793,207
Torino,1950,7.6144854848522145,45.01315946265429,403.400785446167,207
Torino,1950,7.633186086890957,45.01253163291024,485.3234920501709,207
Torino,1950,7.643086830768516,45.000924225242514,639.5902290344238,207
Torino,1950,7.7069762686836105,45.102149136578696,101.91768836975098,207
Torino,1950,7.712954477512281,45.06204869180395,423.0714473724365,207
Torino,1950,7.701252476809423,45.11522790404663,296.69275283813477,207
Torino,1950,7.702404917296795,45.06193643224542,812.0488204956055,207
Torino,1950,7.6213092616554485,45.04406995198157,605.0757904052734,207
Torino,1950,7.725007453906303,45.10167843050086,733.3434600830078,207
Torino,1950,7.692115263347833,45.111550056668754,216.03204154968262,207
Torino,1950,7.594916683976025,45.07109876135406,299.729284286499,207
Torino,1950,7.67163877228446,44.998395598446415,240.97937965393066,207
Torino,1950,7.666517412574178,44.994398194814444,264.5733985900879,207
Torino,1950,7.711789040571741,45.07105588895594,591.9339752197266,207
Torino,1950,7.671330154532438,45.07603761096664,857.3464431762695,207
Torino,1950,7.6479226682635515,45.04225634095486,910.6511459350586,207
Torino,1950,7.711572012709032,45.07272925667998,315.5760154724121,207
Torino,1950,7.623025625353881,45.08755081980257,236.046293258667,207
Torino,1950,7.53878037934423,45.104606956231265,158.02088165283203,207
Torino,1950,7.710418748947304,44.994591543810685,256.7431983947754,207
Torino,1950,7.657198160882133,45.00274740524299,930.3517990112305,207
Torino,1950,7.574246326711103,45.02259946520555,292.4445114135742,207
Torino,1950,7.624689734848811,45.07277512025221,719.7571258544922,207
Torino,1950,7.6327729572923,45.101406686426174,542.0203514099121,207
Torino,1950,7.536995650867478,45.09978595704686,117.08621788024902,207
Torino,1950,7.636566029089944,45.11261313226081,256.67226791381836,207
Torino,1950,7.629972187317847,45.09787557989977,327.8488655090332,207
Torino,1950,7.6317967864939185,45.04973286500637,690.2880096435547,207
Torino,1950,7.63815067541869,45.10908881219402,662.2922134399414,207
Torino,1950,7.639222447270103,45.059256790848146,669.7114791870117,207
Torino,1950,7.627987762469299,45.02377688221627,485.76281356811523,207
Torino,1950,7.618640493598798,45.04087850964919,520.780704498291,207
Torino,1950,7.6674623813949285,45.057099260057285,574.8895874023438,207
Torino,1950,7.695832582549997,45.11500015553999,19.158252716064453,207
Torino,1950,7.643989599214411,45.117054576295374,372.8083267211914,207
Torino,1950,7.589854235790718,45.024855177905486,232.38007926940918,207
Torino,1950,7.593420691226989,45.03565047321494,267.9371871948242,207
Torino,1950,7.653853083127581,45.01838902292624,795.8608856201172,207
Torino,1950,7.687907911262509,45.095020646284745,709.1726207733154,207
Torino,1950,7.625405187983581,45.12406520984474,540.5774269104004,207
Torino,1950,7.65995637276744,45.101071663049844,930.1759262084961,207
Torino,1950,7.654837377513473,45.120621024876584,337.56198501586914,207
Torino,1950,7.6574404654904455,45.086142904938136,807.0732002258301,207
Torino,1950,7.6389577751307804,45.034697943960836,1023.6640167236328,207
Torino,1950,7.6168788134720735,45.06720238878771,535.5667495727539,207
Torino,1950,7.61108413007107,45.0716631650448,539.4132843017578,207
Torino,1950,7.710141402335025,45.06065655627923,496.8606548309326,207
Torino,1950,7.719848695078563,45.05802693652483,120.55135345458984,207
Torino,1950,7.657415780469584,45.10578917550274,645.5497741699219,207
Torino,1950,7.601958451094895,45.07771661043707,281.061710357666,207
Torino,1950,7.709323154997279,45.06598348741038,670.1532096862793,207
Torino,1950,7.636751802791132,45.081625104846495,928.8164024353027,207
Torino,1950,7.5962515041266325,45.048333489139985,35.102182388305664,207
Torino,1950,7.618775528196401,45.03045428812647,389.8034782409668,207
Torino,1950,7.705686544336245,45.07649947668821,240.60150718688965,207
Torino,1950,7.651858827632419,45.091110021587475,352.59057235717773,207
Torino,1950,7.647410532668663,45.02743184801721,635.910177230835,207
Torino,1950,7.652454996112645,45.02887832045334,608.5874290466309,207
Torino,1950,7.630813689492321,45.01586466664774,654.3537063598633,207
Torino,1950,7.687073413645626,45.00750015596999,37.25125312805176,207
Torino,1950,7.648701985726484,45.051007568151114,1106.8775482177734,207
Torino,1950,7.67746490100499,45.06587451565623,772.1995391845703,207
Torino,1950,7.600607211838577,45.07189379760325,630.9309349060059,207
Torino,1950,7.67992489949963,45.07053816278001,625.2435531616211,207
Torino,1950,7.675917720197892,45.06157947855657,686.2466297149658,207
Torino,1950,7.6877215133765,45.061434900460185,976.5472259521484,207
Torino,1950,7.630328822064993,45.00328454896606,265.4531497955322,207
Torino,1950,7.71472815497561,45.114790431407634,460.78692054748535,207
Torino,1950,7.597763160990529,45.07337409788799,540.6662445068359,207
Torino,1950,7.695568648171397,45.106505659376865,432.41778564453125,207
Torino,1950,7.627195709579483,45.012280019653495,604.1478805541992,207
Torino,1950,7.701803159220034,45.0704522069747,682.5053329467773,207
Torino,1950,7.550872973406591,45.01201678036567,172.14832878112793,207
Torino,1950,7.6959498626333644,45.104793123546095,529.1458053588867,207
Torino,1950,7.689683794767089,45.03122617456992,283.4496479034424,207
Torino,1950,7.545170183083157,45.00191074458578,351.876163482666,207
Torino,1950,7.6385146345126955,45.01301463000443,298.7514247894287,207
Torino,1950,7.6550179618131615,45.08599699086044,652.5283374786377,207
Torino,1950,7.613870050545272,45.01930137132397,485.29248428344727,207
Torino,1950,7.636698256054578,45.07523680836067,489.4103889465332,207
Torino,1950,7.703437076092506,45.06875743978376,754.5778007507324,207
Torino,1950,7.690000371341237,45.08875268686316,801.7847213745117,207
Torino,1950,7.628938626909053,45.10709627005228,166.31256103515625,207
Torino,1950,7.641426282992569,44.99652983613697,479.24478340148926,207
Torino,1950,7.70831712322331,45.06192817597284,561.1404190063477,207
Torino,1950,7.573630624606186,45.015508127108404,282.46732330322266,207
Torino,1950,7.594867401072028,45.000938496622446,211.04250526428223,207
Torino,1950,7.6985369232766265,45.001042340736596,329.9339294433594,207
Torino,1950,7.643921441905169,45.041119700316386,668.6544876098633,207
Torino,1950,7.599896808719891,45.00309864995421,405.9745063781738,207
Torino,1950,7.561374220757743,45.078679147141294,625.6693801879883,207
Torino,1950,7.658279719381102,45.063557020061005,290.58507537841797,207
Torino,1950,7.665916864295731,45.10611915460867,716.9514198303223,207
Torino,1950,7.634235339362671,45.05221975092897,488.86793518066406,207
Torino,1950,7.697902175428469,45.05491348874753,420.07299995422363,207
Torino,1950,7.681434341066678,45.0861948491068,466.59081268310547,207
Torino,1950,7.678342557372667,45.04339166570609,565.9634094238281,207
Torino,1950,7.6461941070468615,45.09301494556984,518.8018970489502,207
Torino,1950,7.543155672339178,45.00813834311188,163.3543815612793,207
Torino,1950,7.712069323845069,45.11008604288412,256.79649543762207,207
Torino,1950,7.693748465224082,45.10093931823296,674.8251571655273,207
Torino,1950,7.6338387998249715,45.10666636115622,388.22935676574707,207
Torino,1950,7.637941300287481,44.999237400221126,441.58880043029785,207
Torino,1950,7.6620956490094825,45.027634431384804,478.8832492828369,207
Torino,1950,7.6609755288528545,45.10879276961799,715.8546485900879,207
Torino,1950,7.61853171620246,45.06855275342788,727.5262680053711,207
Torino,1950,7.692774911806428,45.095187695484555,1141.7649612426758,207
Torino,1950,7.6739430377983435,45.062470462645926,611.127311706543,207
Torino,1950,7.5382561714394,45.00636061289738,429.1515693664551,207
Torino,1950,7.691963806320592,45.08728418420571,770.6446762084961,207
Torino,1950,7.6625448253145665,45.08085193159993,806.2601089477539,207
Torino,1950,7.633087658288964,45.04140044691666,970.960563659668,207
Torino,1950,7.60373069290526,45.078196616234806,253.33174514770508,207
Torino,1950,7.624358080722967,45.02919946598979,388.94009017944336,207
Torino,1950,7.60851965623238,45.075143876245264,603.7455902099609,207
Torino,1950,7.663093905958492,45.03224449344569,164.08770370483398,207
Torino,1950,7.593455322636928,45.07454996692527,212.17884826660156,207
Torino,1950,7.560667262685027,45.08176089619177,358.06714820861816,207
Torino,1950,7.546477200251028,45.098078121826106,352.2140998840332,207
Torino,1950,7.660144596602115,45.00477117258763,654.743989944458,207
Torino,1950,7.6245697543608335,45.105842502448844,237.70724868774414,207
Torino,1950,7.597050542310073,45.07547534066754,316.6834201812744,207
Torino,1950,7.664476166042308,45.10408884672755,1081.0857849121094,207
Torino,1950,7.6745970381272,45.045065893613284,493.7289581298828,207
Torino,1950,7.669070868091944,45.02757278403998,635.1400508880615,207
Torino,1950,7.697363947384265,45.09143466603659,649.7970428466797,207
Torino,1950,7.669992471856348,45.09669392661013,861.9892425537109,207
Torino,1950,7.686395431667303,45.035673881958104,272.7108898162842,207
Torino,1950,7.69571672749081,45.0823831171192,546.2668037414551,207
Torino,1950,7.646025325759533,45.05242424497434,728.6501426696777,207
Torino,1950,7.700199497755469,44.9989537346635,344.1039695739746,207
Torino,1950,7.709510438543928,45.09891734471143,204.52455139160156,207
Torino,1950,7.6480893087895305,45.054754689423625,998.9121398925781,207
Torino,1950,7.699969047390166,45.090005979716835,575.8125686645508,207
Torino,1950,7.671252358734798,45.053320999888015,866.277021408081,207
Torino,1950,7.688073729660788,45.08746941925262,786.0085830688477,207
Torino,1950,7.572835228257275,45.05824686640553,308.5045757293701,207
Torino,1950,7.619908237172947,45.11533916225847,236.75493812561035,207
Torino,1950,7.601690511615807,45.06857494955806,334.9443531036377,207
Torino,1950,7.541229329582969,45.00246819903653,213.3570728302002,207
Torino,1950,7.6412743799811516,45.04269965518153,1011.0601425170898,207
Torino,1950,7.680444455723849,45.06579357505051,1071.6985321044922,207
Torino,1950,7.7173590044125,45.090488187874,440.2946720123291,207
Torino,1950,7.670670589884035,45.00153312998956,337.27819442749023,207
Torino,1950,7.6177366828822075,45.078771195303084,325.6819877624512,207
Torino,1950,7.6609449506332545,45.02224184863596,512.8122653961182,207
Torino,1950,7.57977896499169,45.018286568779544,233.18395614624023,207
Torino,1950,7.713478877308332,45.04533646911092,89.51786231994629,207
Torino,1950,7.653668986050504,45.042276462620556,367.43836212158203,207
Torino,1950,7.719335625825594,45.09606986635875,352.99546813964844,207
Torino,1950,7.667931917082503,45.10694669889155,356.0152053833008,207
Torino,1950,7.652015513805742,45.039123019319234,687.7378540039062,207
Torino,1950,7.674630728126777,45.09689166864493,585.7518920898438,207
Torino,1950,7.6602252776957425,44.99269642442537,593.8229827880859,207
Torino,1950,7.644074441452901,45.100222179885456,747.8950576782227,207
Torino,1950,7.666546593698618,45.00122057269215,333.66884994506836,207
Torino,1950,7.578166164830713,45.0277232336042,113.08656311035156,207
Torino,1950,7.660837558594019,45.094573701490425,806.791576385498,207
Torino,1950,7.709895836415956,45.093341796155165,549.9124794006348,207
Torino,1950,7.62502364605339,45.07514268033435,726.2592620849609,207
Torino,1950,7.635975274273045,45.12393610060447,152.06647491455078,207
Torino,1950,7.605303693470385,45.020187988153886,189.11898803710938,207
Torino,1950,7.654955725961459,45.10174641845242,841.1652450561523,207
Torino,1950,7.710327994491983,45.124570453720054,255.30597114562988,207
Torino,1950,7.684077196023828,45.03517045255182,447.24029541015625,207
Torino,1950,7.644651770405381,45.03413147786667,665.6889991760254,207
Torino,1950,7.66071109493678,45.012541591143524,614.2833023071289,207
Torino,1950,7.628895324756135,45.00518939117476,355.6220645904541,207
Torino,1950,7.641855348694041,45.059234104049075,761.8757781982422,207
Torino,1950,7.644921861644104,45.10852253302917,492.2128028869629,207
Torino,1950,7.68763018646568,45.107161751058406,302.0056667327881,207
Torino,1950,7.569864882638266,45.066137726106994,527.3779354095459,207
Torino,1950,7.545810110049021,45.066141538143945,205.2298069000244,207
Torino,1950,7.675905164778884,45.08240271641992,673.3436813354492,207
Torino,1950,7.724756372521599,45.11941953500081,281.31289291381836,207
Torino,1950,7.648248749243961,45.0655384319971,1028.7719497680664,207
Torino,1950,7.62124280058151,45.036629485244795,638.5200538635254,207
Torino,1950,7.560481044275516,45.06913382153901,585.8081912994385,207
Torino,1950,7.645515292566356,45.05903741781194,743.8896789550781,207
Torino,1950,7.688729028299594,45.110614749210995,130.78593063354492,207
Torino,1950,7.630512399670221,45.12427107563869,396.02094650268555,207
Torino,1950,7.654923946900194,45.02907728264259,535.737377166748,207
Torino,1950,7.627221490108732,45.04474002824235,515.8098430633545,207
Torino,1950,7.6437907214616,45.03691332219827,803.2010040283203,207
Torino,1950,7.568082917179552,45.06762391217012,456.5204162597656,207
Torino,1950,7.629844451162305,45.047978522936305,802.9808120727539,207
Torino,1950,7.576694788588229,45.016323344835726,206.22917366027832,207
Torino,1950,7.641021341229843,45.065355839894586,1140.6200866699219,207
Torino,1950,7.535950004202683,45.00357016876074,325.59032249450684,207
Torino,1950,7.684614263457585,45.00241077538024,270.0180187225342,207
Torino,1950,7.588914459491726,45.071796869389345,269.91382026672363,207
Torino,1950,7.646395694387064,45.118364304775824,289.89006423950195,207
Torino,1950,7.725547775364802,45.074519345041885,305.70277404785156,207
Torino,1950,7.598521364989021,45.026115098822274,399.5735893249512,207
Torino,1950,7.700714779526846,45.107576350117405,611.0414962768555,207
Torino,1950,7.638267339917067,45.052457000554966,364.8462257385254,207
Torino,1950,7.5916659162999975,45.04040439664731,40.38317680358887,207
Torino,1950,7.640803747166545,44.99207744721476,435.7072067260742,207
Torino,1950,7.655667179894644,45.02666952682578,541.6836128234863,207
Torino,1950,7.544793633861977,45.11001898320838,206.74835968017578,207
Torino,1950,7.700152019064642,45.08724251933338,622.7441139221191,207
Torino,1950,7.680329154576725,45.10207261683402,924.9814910888672,207
Torino,1950,7.675343007495684,45.05220466877966,850.0971565246582,207
Torino,1950,7.583717970520586,45.039073336894816,141.84883308410645,207
Torino,1950,7.662485886293514,45.06050742003319,568.4561424255371,207
Torino,1950,7.691005501975125,45.069043319127005,1057.742504119873,207
Torino,1950,7.700518887152477,45.10257259524414,426.4252700805664,207
Torino,1950,7.690780479629278,45.104993347949446,208.00348091125488,207
Torino,1950,7.648714715727414,45.0018514375524,991.1474227905273,207
Torino,1950,7.541599782849079,45.07099730656268,394.3578643798828,207
Torino,1950,7.582095949611315,45.03949930993977,90.1533088684082,207
Torino,1950,7.661416746373482,45.05003332645655,495.684814453125,207
Torino,1950,7.662861353404014,45.100930811472615,845.8490600585938,207
Torino,1950,7.670819740409442,45.09908543163814,779.2729187011719,207
Torino,1950,7.614573348867194,45.04504381011704,312.47567558288574,207
Torino,1950,7.577764735428857,45.067042034326015,584.405179977417,207
Torino,1950,7.696452224474213,45.09729135983309,646.4386444091797,207
Torino,1950,7.648617607974304,45.096571016744036,521.7350883483887,207
Torino,1950,7.651914898760511,44.99455373400822,547.3496856689453,207
Torino,1950,7.628481948620959,45.01654534917798,516.6117000579834,207
Torino,1950,7.584942326148263,45.06497534402985,375.1152534484863,207
Torino,1950,7.659222179474674,45.079084924798124,829.0761032104492,207
Torino,1950,7.612272152385003,45.108041926675085,64.12808418273926,207
Torino,1950,7.650594938303,45.09567557750661,821.1963653564453,207
Torino,1950,7.622538836440104,45.069597160784255,418.4865436553955,207
Torino,1950,7.624265786926023,45.03724939784795,774.5750274658203,207
Torino,1950,7.659367194757409,45.11056555662278,767.9222564697266,207
Torino,1950,7.668242789340288,45.04599795422584,563.6597328186035,207
Torino,1950,7.54157020388521,45.073214866561,376.756591796875,207
Torino,1950,7.6146515102067855,45.112601654871,308.0750846862793,207
Torino,1950,7.654856041412458,45.099038250920024,1086.3218688964844,207
Torino,1950,7.680141932807976,44.99923978108196,297.92097663879395,207
Torino,1950,7.6739894815260445,45.07617325832537,486.3395233154297,207
Torino,1950,7.688698760965279,45.09013415976338,647.6106185913086,207
Torino,1950,7.629050028056952,45.08402572100069,491.38132095336914,207
Torino,1950,7.65090716018108,45.0561103522135,964.626838684082,207
Torino,1950,7.650334622474536,45.064948314967374,596.3326988220215,207
Torino,1950,7.5806376650856375,45.0390497244222,109.07500267028809,207
Torino,1950,7.687554186056096,45.09998967193515,320.7331199645996,207
Torino,1950,7.696946702092635,45.075405730974694,1052.2463989257812,207
Torino,1950,7.622451842006565,45.07500487279859,749.8994598388672,207
Torino,1950,7.606609948996612,45.018406468471056,254.17021560668945,207
Torino,1950,7.662991107299244,44.99116123639871,475.25808906555176,207
Torino,1950,7.630026371295154,45.056886634335086,282.7667827606201,207
Torino,1950,7.64987783791371,45.03551605279903,600.9745616912842,207
Torino,1950,7.632108038170853,45.07056241575097,1142.3169403076172,207
Torino,1950,7.658190575876426,45.0388529961809,837.6842765808105,207
Torino,1950,7.577906795880352,45.07499669165173,395.08381271362305,207
Torino,1950,7.684357948232683,45.08268863368674,577.2073822021484,207
Torino,1950,7.71148995805145,45.08437652152169,317.5515308380127,207
Torino,1950,7.695816137909001,45.100001288237166,810.2513427734375,207
Torino,1950,7.603296296540458,45.07581799878669,488.92761611938477,207
Torino,1950,7.659123623997504,45.119860558902225,94.2936897277832,207
Torino,1950,7.704349715586112,45.103360230448246,250.8333339691162,207
Torino,1950,7.714933059717331,45.09340156043077,610.5133094787598,207
Torino,1950,7.639459644830916,45.07950908671011,951.6168212890625,207
Torino,1950,7.548769043103037,45.01170724278888,123.33758735656738,207
Torino,1950,7.629900719997866,45.06233448824432,494.9160461425781,207
Torino,1950,7.669955929915146,45.017235531052535,186.19014930725098,207
Torino,1950,7.6003495700812005,45.034974997738175,141.84708976745605,207
Torino,1950,7.608836078227932,45.07023201924865,762.5267448425293,207
Torino,1950,7.662722585264537,45.01024275206891,418.0835952758789,207
Torino,1950,7.6279462928777955,45.100443401154905,349.98307037353516,207
Torino,1950,7.680662494880442,45.04390927795464,327.4836120605469,207
Torino,1950,7.618672059945138,45.04781231686961,222.6325511932373,207
Torino,1950,7.698463758900511,45.08871532913582,600.5681610107422,207
Torino,1950,7.640856129124172,45.02954979598898,561.3083019256592,207
Torino,1950,7.640794779797961,45.076987029316214,715.8814849853516,207
Torino,1950,7.564272115323797,45.07858681681208,443.2256278991699,207
Torino,1950,7.584957516925792,45.02792574610335,221.30116844177246,207
Torino,1950,7.646251684606402,44.995279349359286,397.7625427246094,207
Torino,1950,7.701235160964739,45.04876424403525,35.449968338012695,207
Torino,1950,7.69674853012853,44.99990755108748,403.8776168823242,207
Torino,1950,7.554999249779998,45.028738367895485,37.59403991699219,207
Torino,1950,7.637071998319338,45.09742392533283,394.3827819824219,207
Torino,1950,7.666619436608741,45.01198909509903,414.58500480651855,207
Torino,1950,7.5733132558707545,45.064140983639916,381.707181930542,207
Torino,1950,7.566363109360288,45.061600036275784,311.0093059539795,207
Torino,1950,7.656701046141122,45.02182751045244,535.7676010131836,207
Torino,1950,7.665156333984829,45.05550867959249,483.16790771484375,207
Torino,1950,7.660005299582464,45.104137597003664,705.8359565734863,207
Torino,1950,7.6506336332098615,45.041279714218916,984.6647033691406,207
Torino,1950,7.687233658417424,44.99540879428183,78.10865211486816,207
Torino,1950,7.639110658947253,45.11178159853234,583.0036544799805,207
Torino,1950,7.6486700566984505,45.01678124477605,470.6833038330078,207
Torino,1950,7.608699888181945,45.02736856554259,257.40467071533203,207
Torino,1950,7.653421467674557,45.00133445770687,1136.228660583496,207
Torino,1950,7.662522176957708,45.04813458503431,585.9199371337891,207
Torino,1950,7.621641091762878,45.11763263015587,338.2449436187744,207
Torino,1950,7.663357366630806,45.0895463866435,152.58588409423828,207
Torino,1950,7.577066432966263,45.08415444823526,160.37569618225098,207
Torino,1950,7.629840604106632,45.11448112207138,255.77211952209473,207
Torino,1950,7.588670171661146,45.05051251528404,195.13944625854492,207
Torino,1950,7.66490147133553,45.06574893050425,680.6892929077148,207
Torino,1950,7.661905974181591,45.10613913948774,830.4446258544922,207
Torino,1950,7.621568972341577,45.12263943445538,218.61144065856934,207
Torino,1950,7.697288405848559,44.99753178127094,409.9344882965088,207
Torino,1950,7.657321192884194,44.98500714889006,200.03508186340332,207
Torino,1950,7.659942178748118,44.99762798521616,439.4872188568115,207
Torino,1950,7.706625096049189,45.081157399223265,246.81690406799316,207
Torino,1950,7.669577612867271,45.078371769810275,571.5503616333008,207
Torino,1950,7.68628006858497,45.066910410651786,1167.728515625,207
Torino,1950,7.638867044466553,45.003932520457745,345.21750259399414,207
Torino,1950,7.670585090314646,44.99950147104197,261.1919708251953,207
Torino,1950,7.566649334694809,45.07830991678856,524.465015411377,207
Torino,1950,7.624100547741968,45.06164801714308,287.6283493041992,207
Torino,1950,7.618779421032141,45.06332182737368,556.04052734375,207
Torino,1950,7.700406639701708,44.99387008792996,279.5601387023926,207
Torino,1950,7.6941774052932725,45.08917037689815,883.3701782226562,207
Torino,1950,7.66028720090339,45.11356527644043,904.0234355926514,207
Torino,1950,7.659303762073498,45.055721774293815,725.7294616699219,207
Torino,1950,7.6805558199912,45.08881386244071,618.5205345153809,207
Torino,1950,7.653066221978125,45.01609378000072,944.4631538391113,207
Torino,1950,7.642897999624861,45.02709192900533,343.9934768676758,207
Torino,1950,7.682086902740689,44.99956839404235,158.0161476135254,207
Torino,1950,7.7050042252117255,45.10652946006557,162.42864799499512,207
Torino,1950,7.633254217619976,45.124211425419894,228.5906581878662,207
Torino,1950,7.636336942531771,45.04683989028379,759.3195724487305,207
Torino,1950,7.633000154973397,45.061798805589206,695.9404258728027,207
Torino,1950,7.625543409083474,45.120303396662756,277.2518501281738,207
Torino,1950,7.675013265546188,45.06586003919771,780.8769836425781,207
Torino,1950,7.570783328512097,45.059382133455436,320.18664169311523,207
Torino,1950,7.676806778729416,45.02111244485253,518.8865013122559,207
Torino,1950,7.68814860795443,45.10474336321124,311.1890411376953,207
Torino,1950,7.601116327767241,45.000708780150944,287.32336807250977,207
Torino,1950,7.66324383974116,45.09906518944767,890.0473480224609,207
Torino,1950,7.721649879684814,45.11782565260554,263.07848167419434,207
Torino,1950,7.571739660958764,45.091540384983304,233.3238410949707,207
Torino,1950,7.683213082168012,45.07471117918562,799.8058471679688,207
Torino,1950,7.676563633874878,45.07606783534984,644.1621017456055,207
Torino,1950,7.6683226083411435,44.99296320438827,282.2259216308594,207
Torino,1950,7.657991628069965,45.02538909836777,143.15083122253418,207
Torino,1950,7.615911677157236,45.05172806797598,128.51659393310547,207
Torino,1950,7.586015351309396,45.04174977248301,178.58931922912598,207
Torino,1950,7.641647807736884,44.98623971315171,398.7607250213623,207
Torino,1950,7.655308263907745,45.01982518545797,658.4491195678711,207
Torino,1950,7.650840144558212,45.104246032198205,692.8677368164062,207
Torino,1950,7.668345347155698,45.052530797914265,826.781005859375,207
Torino,1950,7.629960627944835,45.05381428120189,348.4809741973877,207
Torino,1950,7.655333572899506,45.089455649395376,613.2736759185791,207
Torino,1950,7.657495349220241,45.0274010739685,223.0962028503418,207
Torino,1950,7.590296328179655,45.07122857367318,170.3155460357666,207
Torino,1950,7.624643156804999,45.097674847633115,158.7462558746338,207
Torino,1950,7.559161990695545,45.074141531430456,554.5119132995605,207
Torino,1950,7.6567662263471705,45.05427066795314,839.4530410766602,207
Torino,1950,7.6307386510055375,45.04365483572742,748.4190292358398,207
Torino,1950,7.555655134848408,45.07046562331431,472.86305809020996,207
Torino,1950,7.684467071237378,45.10830057587701,203.68971633911133,207
Torino,1950,7.605168361561294,45.03384487469308,89.4987564086914,207
Torino,1950,7.669314841082373,45.05868687465301,466.07767486572266,207
Torino,1950,7.641374821283459,45.05686068334124,824.021297454834,207
Torino,1950,7.684036785420607,45.08739040543323,573.4296035766602,207
Torino,1950,7.6549183375594945,45.07116992627764,417.7016792297363,207
Torino,1950,7.647923437506121,44.99707622553596,803.1129570007324,207
Torino,1950,7.66778483857544,45.06599570826344,1176.245750427246,207
Torino,1950,7.599516537781786,45.06908802542587,295.2348327636719,207
Torino,1950,7.576962653608179,45.069654205504285,769.2271194458008,207
Torino,1950,7.64484984844837,45.054949426771636,653.7518520355225,207
Torino,1950,7.564701583246595,45.073405749475384,764.3376846313477,207
Torino,1950,7.575181750392255,45.06241011527921,387.19225311279297,207
Torino,1950,7.565876212880974,45.08108120723491,564.2437896728516,207
Torino,1950,7.619914271951591,45.03396094569584,472.0584259033203,207
Torino,1950,7.58705305563158,45.02013081057837,283.96109199523926,207
Torino,1950,7.637536099453093,44.9925858758889,377.7601547241211,207
Torino,1950,7.679293328125619,45.0982198760668,732.5445938110352,207
Torino,1950,7.698277975238411,45.0962449563148,773.1634521484375,207
Torino,1950,7.616097399602559,45.08598291028528,549.4083576202393,207
Torino,1950,7.6414522633870865,45.09291788871547,359.7277660369873,207
Torino,1950,7.636515391718339,45.017031738481386,314.4392280578613,207
Torino,1950,7.624122443141598,45.02149450916164,536.3374500274658,207
Torino,1950,7.678949923631274,45.074214900662,601.3612823486328,207
Torino,1950,7.639502968431823,45.06938293084607,765.4207382202148,207
Torino,1950,7.577471777795819,45.05877554574238,587.5657215118408,207
Torino,1950,7.6386008930485225,45.07669320548233,254.1523208618164,207
Torino,1950,7.640514908851715,45.05380493568029,337.71417808532715,207
Torino,1950,7.686510696657834,45.082694366698945,826.0956382751465,207
Torino,1950,7.576601976852774,45.02503789414352,355.53010749816895,207
Torino,1950,7.696404644083026,45.0874879230309,643.4314727783203,207
Torino,1950,7.636537872618891,45.02297319686785,701.00417137146,207
Torino,1950,7.672389568003894,45.07946222771918,533.6548233032227,207
Torino,1950,7.588335122179076,45.06911494307935,332.8484306335449,207
Torino,1950,7.571762290780064,45.02744921632985,235.70090675354004,207
Torino,1950,7.659238236818833,45.07674204676294,746.0362091064453,207
Torino,1950,7.633126540429229,45.11951621708218,241.11639213562012,207
Torino,1950,7.572970951617608,45.04781619493129,142.1007595062256,207
Torino,1950,7.676676108037531,45.08539608426872,752.7956314086914,207
Torino,1950,7.609076524300727,45.06737985675264,370.0651397705078,207
Torino,1950,7.663334817260707,45.097088681467184,596.9115524291992,207
Torino,1950,7.693437608200323,45.080796994095216,775.9792098999023,207
Torino,1950,7.720908112189211,45.07164936429261,635.9639663696289,207
Torino,1950,7.658039923010155,45.007646959020754,496.086238861084,207
Torino,1950,7.566211034342353,45.06563116290781,550.6397514343262,207
Torino,1950,7.6775736378187736,45.053889556949805,792.4918060302734,207
Torino,1950,7.660169648121759,45.07023560096487,634.9313087463379,207
Torino,1950,7.663169394542646,45.095362435715415,495.1153316497803,207
Torino,1950,7.683826044969478,45.0946509377587,642.2580547332764,207
Torino,1950,7.632976535198988,45.05897876420649,278.91192054748535,207
Torino,1950,7.703253242229924,45.0763114021583,248.70741081237793,207
Torino,1950,7.593913773576882,45.0293386601359,520.8776454925537,207
Torino,1950,7.688761162468348,45.07940579546429,406.71329498291016,207
Torino,1950,7.649418772710287,45.06997002205724,551.3147811889648,207
Torino,1950,7.710949975480768,45.095805398282636,439.5377311706543,207
Torino,1950,7.634865540698074,44.99404651138596,293.139892578125,207
Torino,1950,7.649451326352399,45.09895486528383,1020.3680648803711,207
Torino,1950,7.6183134789940645,45.036289495594254,366.4503288269043,207
Torino,1950,7.666762310241068,45.02790901817493,492.0099868774414,207
Torino,1950,7.683663952303854,45.110247364085524,146.42595672607422,207
Torino,1950,7.644838676777862,45.0812330785146,853.0207214355469,207
Torino,1950,7.618174693359164,45.01701509799394,632.2535991668701,207
Torino,1950,7.702952167291159,45.12253620043719,326.9791011810303,207
Torino,1950,7.721359855319065,45.11214729145854,511.89412117004395,207
Torino,1950,7.625854985104229,45.065903877754316,486.1977348327637,207
Torino,1950,7.550805974890963,45.072462939826686,307.3221435546875,207
Torino,1950,7.717698671600702,45.061880464134276,326.96672439575195,207
Torino,1950,7.570825702252185,45.08111780487938,685.5296287536621,207
Torino,1950,7.665859434148156,45.061085198347754,627.0704498291016,207
Torino,1950,7.70813126850644,44.99826723421596,246.4947566986084,207
Torino,1950,7.627892021255872,45.03590509781691,344.46739196777344,207
Torino,1950,7.627586760852414,45.05654897159953,255.82350158691406,207
Torino,1950,7.712074486789228,45.07570913772487,194.30627059936523,207
Torino,1950,7.663624619093628,45.05097644047233,677.4294319152832,207
Torino,1950,7.6846075502811235,45.055666151536535,570.9198532104492,207
Torino,1950,7.698213558432601,45.07240116699453,655.6460781097412,207
Torino,1950,7.612093313825884,45.03292755347587,37.39051628112793,207
Torino,1950,7.700004429233388,45.06108451112616,626.0653533935547,207
Torino,1950,7.711562620031206,45.0803472417201,219.85254096984863,207
Torino,1950,7.70387723742973,45.06426367488569,775.6582069396973,207
Torino,1950,7.644445786364091,45.043259373139,1042.50390625,207
Torino,1950,7.701742588045186,45.10413415381074,308.4316062927246,207
Torino,1950,7.650369828168639,45.07308051634435,946.7908344268799,207
Torino,1950,7.5411106053843,45.005983052410166,320.6797523498535,207
Torino,1950,7.707481702008728,45.09321376661508,585.0161399841309,207
Torino,1950,7.684229166198113,45.10624538509874,397.15670013427734,207
Torino,1950,7.7000467861931225,45.09473796174931,528.9843482971191,207
Torino,1950,7.5465006117490505,45.068521869304874,232.0449733734131,207
Torino,1950,7.552437749715284,45.074852638222545,289.5937080383301,207
Torino,1950,7.625005316477133,45.005421007878844,116.74812698364258,207
Torino,1950,7.6233981704963325,45.048352197444196,658.8704376220703,207
Torino,1950,7.680581177293112,45.05841773982917,764.8678741455078,207
Torino,1950,7.678218063958509,44.998344666099406,218.03109169006348,207
Torino,1950,7.71040334571551,45.06328718771696,593.7163925170898,207
Torino,1950,7.546585095989852,45.00767201372256,259.36655044555664,207
Torino,1950,7.617688765437813,45.07422263062987,498.4776039123535,207
Torino,1950,7.678654203583729,45.06015399154137,641.4932727813721,207
Torino,1950,7.616952143827455,45.0650488387668,510.79836082458496,207
Torino,1950,7.669860652904033,45.09435971903162,695.4110984802246,207
Torino,1950,7.635860558740447,45.041732690140115,715.4726715087891,207
Torino,1950,7.70059483853086,45.06315545781198,644.6767616271973,207
Torino,1950,7.707486072478658,45.049737333000216,137.60242462158203,207
Torino,1950,7.688811269164199,44.99785989132979,285.49840545654297,207
Torino,1950,7.700580904948738,45.09250819650939,574.2863540649414,207
Torino,1950,7.662402412160618,45.057384588464565,772.6238174438477,207
Torino,1950,7.65342452206471,45.07365362945477,806.7879409790039,207
Torino,1950,7.659274738965446,45.06800969886364,639.6707592010498,207
Torino,1950,7.6624617286402055,45.00695604712863,360.57026863098145,207
Torino,1950,7.725574172921032,45.081142293615414,65.51925849914551,207
Torino,1950,7.646899093624132,45.09795649273485,329.16607666015625,207
Torino,1950,7.622519508206944,45.06501603520318,539.1162605285645,207
Torino,1950,7.716294813438431,45.07243260337593,429.8525848388672,207
Torino,1950,7.701144486216328,45.09734998945509,692.0038719177246,207
Torino,1950,7.658247360067924,45.032263545343,358.72862434387207,207
Torino,1950,7.64519615782715,45.02418324064714,778.7438125610352,207
Torino,1950,7.56471589784534,45.06351062039962,294.90973472595215,207
Torino,1950,7.648187655614492,45.030392272815895,818.8752365112305,207
Torino,1950,7.69443742061941,45.045242897985425,55.40532875061035,207
Torino,1950,7.549802335979352,45.0668104323871,99.86285591125488,207
Torino,1950,7.6709368613400475,45.0841307568883,950.7900543212891,207
Torino,1950,7.688169309278742,45.047892666824474,232.56116485595703,207
Torino,1950,7.678987663607201,45.02108878041723,238.89406776428223,207
Torino,1950,7.663412985271398,45.09132547823996,224.3779811859131,207
Torino,1950,7.626269097040415,45.096375315274706,195.46682929992676,207
Torino,1950,7.650657041136823,45.12108889177402,533.12819480896,207
Torino,1950,7.640801735278907,45.112669970463294,380.2189826965332,207
Torino,1950,7.5633400663853365,45.07689197400068,460.0818214416504,207
Torino,1950,7.63055664712739,45.02054472522345,281.4538745880127,207
Torino,1950,7.537646283810396,45.01145230890144,145.00782012939453,207
Torino,1950,7.648336074112799,45.06250683291695,860.1145477294922,207
Torino,1950,7.606805347875833,45.02212753671005,279.9980945587158,207
Torino,1950,7.666838684393604,45.02589060901574,559.9336128234863,207
Torino,1950,7.6603850045516415,45.05844213677114,651.3303604125977,207
Torino,1950,7.7086966907010455,45.08174807443671,313.48846435546875,207
Torino,1950,7.698000302793298,45.12042638783756,208.0546417236328,207
Torino,1950,7.681492591144262,45.04663379641955,312.0785140991211,207
Torino,1950,7.651686958681286,45.07833019797284,836.5032501220703,207
Torino,1950,7.581666601132863,45.026447942639976,72.79130554199219,207
Torino,1950,7.624240088490692,45.0528784511777,294.2176208496094,207
Torino,1950,7.673632180144099,45.041815119176476,446.1774482727051,207
Torino,1950,7.591748052422284,45.07375771354737,191.15082931518555,207
Torino,1950,7.58698004226437,45.043316092870725,232.05323600769043,207
Torino,1950,7.633745987400095,45.09753280933863,175.52457237243652,207
Torino,1950,7.712918290453566,44.99719357632755,179.2153148651123,207
Torino,1950,7.6804583131020125,45.079619385783666,656.17822265625,207
Torino,1950,7.621073748414072,45.072964885560374,795.0286827087402,207
Torino,1950,7.6533558170341385,45.01003385537823,790.9503784179688,207
Torino,1950,7.721173389644709,44.99266863916179,199.63170623779297,207
Torino,1950,7.697173605272227,45.07850579307287,848.0647029876709,207
Torino,1950,7.555825907852628,45.062973556886504,149.46512413024902,207
Torino,1950,7.638091955728369,45.086286626518955,252.94561576843262,207
Torino,1950,7.56357848073633,45.068247755216184,480.40271377563477,207
Torino,1950,7.656395363128188,45.0416462575757,802.3586235046387,207
Torino,1950,7.667330306448834,45.09635148429626,883.3273010253906,207
Torino,1950,7.538570176222354,45.07473181904625,315.8447074890137,207
Torino,1950,7.634994882644115,44.998716166977694,146.30574798583984,207
Torino,1950,7.651098969036829,44.99110904030605,451.3620147705078,207
Torino,1950,7.668334100781067,45.00201821754911,460.1457099914551,207
Torino,1950,7.703445998427723,44.99916772525248,247.61215591430664,207
Torino,1950,7.675872193895972,45.018910801413924,396.54858779907227,207
Torino,1950,7.636548676119456,45.1043663175838,725.686767578125,207
Torino,1950,7.624627007737353,45.058943832122324,256.60364151000977,207
Torino,1950,7.633627713487045,45.02393571747847,482.1611328125,207
Torino,1950,7.535830619230356,45.07237387645656,315.38100814819336,207
Torino,1950,7.649140305804306,45.117840059870346,404.8596534729004,207
Torino,1950,7.690594152867232,45.07762300751784,642.3017501831055,207
Torino,1950,7.653424671411247,44.99149303638302,551.2308616638184,207
Torino,1950,7.625816367436482,45.014811300809804,556.5976371765137,207
Torino,1950,7.589195542827649,45.074196193615784,205.48785781860352,207
Torino,1950,7.622609992934306,45.071620768474155,651.6045074462891,207
Torino,1950,7.552265426331201,45.01039155757677,168.48934364318848,207
Torino,1950,7.644635565947628,44.996820880552406,703.7089042663574,207
Torino,1950,7.588069764946432,45.03360896358545,62.050527572631836,207
Torino,1950,7.64495536669186,44.98881611205708,233.78005599975586,207
Torino,1950,7.611787316812163,45.01897711869301,525.3638114929199,207
Torino,1950,7.6996223037989076,45.05681266804043,257.15322494506836,207
Torino,1950,7.623353216441454,45.081182270885044,765.881420135498,207
Torino,1950,7.654296902683657,45.06563420618659,886.6882591247559,207
Torino,1950,7.721268119654847,44.99916682266999,78.35597610473633,207
Torino,1950,7.662465690602988,44.998470077378,250.20415878295898,207
Torino,1950,7.651610355014224,45.02384202553983,620.6782150268555,207
Torino,1950,7.661068102123889,45.03924414509669,589.3024139404297,207
Torino,1950,7.665798032503542,45.07519560966291,949.1565093994141,207
Torino,1950,7.566801082812855,45.0593007609815,205.10843658447266,207
Torino,1950,7.622947328746352,45.01928347996486,789.3528289794922,207
Torino,1950,7.665326461112556,45.059038309691886,457.64705657958984,207
Torino,1950,7.714793141850545,45.05121249689991,99.92644119262695,207
Torino,1950,7.651704210445015,45.119225845863106,399.4008331298828,207
Torino,1950,7.651691568166573,45.08042241967804,556.9067535400391,207
Torino,1950,7.544094960228143,45.07129905255587,458.35041999816895,207
Torino,1950,7.656330789840558,44.99969375591942,793.0727767944336,207
Torino,1950,7.6897520958308565,45.09292060462718,1288.933204650879,207
Torino,1950,7.66136041309401,45.05531359059989,772.0560913085938,207
Torino,1950,7.645468900038663,45.077585778075814,868.8543243408203,207
Torino,1950,7.676763528424065,45.07407514818022,675.4190444946289,207
Torino,1950,7.576829538387696,45.08717061014832,238.1768970489502,207
Torino,1950,7.66752128244011,45.079179394566324,876.0878601074219,207
Torino,1950,7.639235581048573,45.09930274683915,637.3945007324219,207
Torino,1950,7.5825063627468925,45.062161128605645,599.6682510375977,207
Torino,1950,7.6375989768084915,45.06140568844543,745.9719543457031,207
Torino,1950,7.652986235790454,45.056139861704324,630.7591094970703,207
Torino,1950,7.711667003217571,45.092496758352596,532.6403656005859,207
Torino,1950,7.6332429399577375,45.07969336887662,890.3738403320312,207
Torino,1950,7.646236144845548,44.993158376024525,433.11232566833496,207
Torino,1950,7.717070836571514,44.9906426710577,241.63358116149902,207
Torino,1950,7.675642925451604,45.11117567836305,137.43061447143555,207
Torino,1950,7.641131173180818,45.020438445431594,746.3160514831543,207
Torino,1950,7.697265154747973,45.06798127914252,637.9496612548828,207
Torino,1950,7.63430912368485,45.100167836117755,321.2069683074951,207
Torino,1950,7.724280520965577,45.1148208326664,354.1084747314453,207
Torino,1950,7.661493256197564,45.0002233199143,357.4077949523926,207
Torino,1950,7.647959296726819,45.06021589824811,747.322338104248,207
Torino,1950,7.684638006721339,45.062055308039305,1030.748878479004,207
Torino,1950,7.662765175983227,45.06662407775462,613.9687690734863,207
Torino,1950,7.686666061269865,45.008543343716624,74.32783126831055,207
Torino,1950,7.636484176388365,45.03635500891028,932.0842590332031,207
Torino,1950,7.7064184867554895,45.06562190755491,455.3423881530762,207
Torino,1950,7.64006418439159,45.00174748018687,411.9932155609131,207
Torino,1950,7.568657682955559,45.058736912134506,213.70994567871094,207
Torino,1950,7.713077041475645,45.07742373027515,285.20006370544434,207
Torino,1950,7.700070518476487,45.10525910999557,411.8929100036621,207
Torino,1950,7.6351398513018065,44.99183430994557,315.31152725219727,207
Torino,1950,7.605747718156111,45.07125168934922,655.9354572296143,207
Torino,1950,7.64058316907765,44.989272009671346,507.7427177429199,207
Torino,1950,7.706292834225361,45.08844436271539,466.893346786499,207
Torino,1950,7.582947234486226,45.05047824084867,93.37117576599121,207
Torino,1950,7.696638711919492,45.08958748633824,560.7788848876953,207
Torino,1950,7.6213532823367744,45.01695618119809,681.0930213928223,207
Torino,1950,7.650819521365976,45.030381477038596,469.9901580810547,207
Torino,1950,7.626350849600686,45.10795931770753,228.6534881591797,207
Torino,1950,7.637259716453988,45.05438689069343,462.46589851379395,207
Torino,1950,7.569790063176678,45.03018146994205,73.0932388305664,207
Torino,1950,7.66066252917732,44.98964501193059,548.2584018707275,207
Torino,1950,7.6276552321305955,45.05015214951593,628.5387878417969,207
Torino,1950,7.637165584955222,45.07881391011057,703.2717971801758,207
Torino,1950,7.655818611220285,45.116391292672226,520.4358673095703,207
Torino,1950,7.616087416865222,45.02014341887711,405.1414451599121,207
Torino,1950,7.684471437124215,45.103987951441,366.97401428222656,207
Torino,1950,7.541872701950871,45.07554851838735,263.5096435546875,207
Torino,1950,7.63295576158837,44.99261075042772,153.07788467407227,207
Torino,1950,7.631597799927568,45.094619162115606,237.25909042358398,207
Torino,1950,7.665617247061408,45.067715648507836,620.8185882568359,207
Torino,1950,7.717869865371087,45.11377423524467,455.6089973449707,207
Torino,1950,7.621534639429205,45.04659317986663,455.4209518432617,207
Torino,1950,7.620194431652079,45.02065352339619,392.3898582458496,207
Torino,1950,7.57000753100273,45.07581271169623,554.1352233886719,207
Torino,1950,7.621167641364664,45.014078957181276,439.15672874450684,207
Torino,1950,7.5433241506033415,45.07456799177575,273.9201126098633,207
Torino,1950,7.642930573713563,45.10292909979208,907.6598434448242,207
Torino,1950,7.688074151893706,45.113923307256734,60.55901908874512,207
Torino,1950,7.618724565249051,45.12270953058684,107.82276916503906,207
Torino,1950,7.584484067789357,45.02444304259691,175.6588134765625,207
Torino,1950,7.657145145393097,45.05125854172778,833.4753074645996,207
Torino,1950,7.628400557184835,45.09631232286085,388.7310562133789,207
Torino,1950,7.61730224715281,45.042754523623096,484.1089630126953,207
Torino,1950,7.705078783635201,45.060187411146636,658.0279922485352,207
Torino,1950,7.604010368437736,45.02132245934978,109.94536781311035,207
Torino,1950,7.545900576992883,45.10834520325516,250.4460277557373,207
Torino,1950,7.645674484044683,45.018165190990096,503.2663803100586,207
Torino,1950,7.693947096605625,45.00000570068969,588.223804473877,207
Torino,1950,7.670225439114504,45.11312244597737,280.7720031738281,207
Torino,1950,7.656131365218541,45.016073806386274,1043.4208450317383,207
Torino,1950,7.679065341221802,45.106765328134365,501.6173553466797,207
Torino,1950,7.704919690049633,45.11696845792972,627.4862384796143,207
Torino,1950,7.667293214189597,45.059157677984395,649.2977752685547,207
Torino,1950,7.66555939252344,45.04188137900966,353.4879093170166,207
Torino,1950,7.664437175382917,45.03985070814529,261.4229335784912,207
Torino,1950,7.631527494555576,45.10520471300265,550.1857891082764,207
Torino,1950,7.641606962790445,45.091158868929575,234.88375282287598,207
Torino,1950,7.535806360423456,45.07500645686327,257.4821128845215,207
Torino,1950,7.705505723889329,45.073678703350154,93.94633674621582,207
Torino,1950,7.723775631840871,45.106453584862344,282.8318061828613,207
Torino,1950,7.6698159390559155,45.10165920643335,835.1339225769043,207
Torino,1950,7.719585700954,44.98545696508361,82.38956642150879,207
Torino,1950,7.6557921092117285,45.09581963523191,989.4344024658203,207
Torino,1950,7.6954784596268855,45.085089497286766,633.6215496063232,207
Torino,1950,7.627199643329411,45.07166509072361,744.961748123169,207
Torino,1950,7.654300416566035,45.06254701046456,669.9674606323242,207
Torino,1950,7.706243966458403,44.99541260292814,268.17834854125977,207
Torino,1950,7.552481736898228,45.06388299466046,168.13353538513184,207
Torino,1950,7.62615968225142,45.11654221644715,269.0674476623535,207
Torino,1950,7.5726783346953725,45.072082885086445,675.8130569458008,207
Torino,1950,7.670996484613057,45.05075442817912,719.1711502075195,207
Torino,1950,7.716322351441433,45.065689404814925,424.5720729827881,207
Torino,1950,7.644418175646545,44.99335385799361,540.5016384124756,207
Torino,1950,7.638546498468227,45.01944913638968,535.3663635253906,207
Torino,1950,7.605011033132553,45.00453022749696,267.9979991912842,207
Torino,1950,7.6266265396121025,45.07999879228844,867.1490478515625,207
Torino,1950,7.66552671442422,44.98609992538832,61.763479232788086,207
Torino,1950,7.57403851155881,45.077032451957244,492.536865234375,207
Torino,1950,7.685442503629608,45.0000009214566,216.9508819580078,207
Torino,1950,7.685409719120624,45.027662188842335,399.2631149291992,207
Torino,1950,7.657841053531584,45.09835119017778,1120.5076370239258,207
Torino,1950,7.708347660601449,45.09574008520596,392.1261901855469,207
Torino,1950,7.686452006799768,45.09327391116478,778.1875,207
Torino,1950,7.626389712402845,45.03996907542373,482.63292694091797,207
Torino,1950,7.646411435203045,45.044879655716606,1094.9424285888672,207
Torino,1950,7.725449683129695,45.10625843766437,213.9051971435547,207
Torino,1950,7.663195466534674,45.07350936540196,563.7763290405273,207
Torino,1950,7.595720809648247,45.03495847327737,249.1623306274414,207
Torino,1950,7.720236543643079,45.1035132730816,197.50762176513672,207
Torino,1950,7.69678293153019,45.10962019582346,438.40624618530273,207
Torino,1950,7.617441291099593,45.11323938289681,155.72388076782227,207
Torino,1950,7.653301629701271,44.98940946258027,331.8666801452637,207
Torino,1950,7.6849714846065575,45.08908445385138,383.6398162841797,207
Torino,1950,7.710453204126651,45.12256172680604,757.4407691955566,207
Torino,1950,7.626454973816749,45.05878323647287,384.1692752838135,207
Torino,1950,7.62908556425112,45.04284845955427,553.2934494018555,207
Torino,1950,7.650441986225325,45.01023292351624,452.38666915893555,207
Torino,1950,7.641529285893536,45.114715625228115,279.23755264282227,207
Torino,1950,7.653542335993807,45.10409430620355,750.2122650146484,207
Torino,1950,7.695802324845165,45.05644367738294,616.4958267211914,207
Torino,1950,7.681644251777479,45.09668963551048,880.1115875244141,207
Torino,1950,7.689373908229094,45.00212439166884,323.8426704406738,207
Torino,1950,7.681879413302882,45.03305870947435,377.8588275909424,207
Torino,1950,7.66540385753384,45.09665793085538,585.3292083740234,207
Torino,1950,7.6187112882614425,45.061102148135724,304.3927345275879,207
Torino,1950,7.69076494846411,45.06406446376505,700.7555465698242,207
Torino,1950,7.638070811866905,45.09335469915283,151.5997142791748,207
Torino,1950,7.64429878107264,45.09807302427751,385.12098693847656,207
Torino,1950,7.6723116491557795,45.00346265727252,403.2589282989502,207
Torino,1950,7.62110292614038,45.056758371404555,273.9126491546631,207
Torino,1950,7.666604690991695,45.03971331953722,493.3935089111328,207
Torino,1950,7.625556823642567,45.05499449705119,199.45933151245117,207
Torino,1950,7.696403843380269,45.05868246545411,269.748477935791,207
Torino,1950,7.5475357973672175,45.107002559962964,324.5287914276123,207
Torino,1950,7.551844783449503,45.07021716569551,309.5802688598633,207
Torino,1950,7.7254598754262025,45.052916962167195,85.42159843444824,207
Torino,1950,7.643510118687888,45.111922699442644,448.3643207550049,207
Torino,1950,7.692155327639941,45.031564509189224,169.60139656066895,207
Torino,1950,7.5918390446267,45.0445282310381,118.75925064086914,207
Torino,1950,7.649181017328844,45.078325800155525,785.0986099243164,207
Torino,1950,7.634421306029587,45.01101572703227,293.9297904968262,207
Torino,1950,7.698316124706181,45.09305577716371,803.8620376586914,207
Torino,1950,7.703585703136513,45.10091729513399,129.62820053100586,207
Torino,1950,7.635669514385269,45.072914089202456,939.3849182128906,207
Torino,1950,7.611181945931241,45.06890528061562,821.574405670166,207
Torino,1950,7.540740240379537,45.10596176814442,248.15916442871094,207
Torino,1950,7.600019893487234,45.00554340828238,293.1760711669922,207
Torino,1950,7.644655352997245,45.07268533105288,1140.5825119018555,207
Torino,1950,7.624006888287713,45.08439093158427,541.1766605377197,207
Torino,1950,7.535832583189998,45.09583348894999,18.848478317260742,207
Torino,1950,7.657988068220537,45.057319056107815,738.1246871948242,207
Torino,1950,7.674968014330641,45.0866602415003,635.4727821350098,207
Torino,1950,7.633979763785568,44.99651775255959,293.83623123168945,207
Torino,1950,7.644581050361979,45.061233518675834,573.2641410827637,207
Torino,1950,7.679047417869068,45.068548032843445,865.9343109130859,207
Torino,1950,7.697682167502843,45.06150344704963,278.8472671508789,207
Torino,1950,7.641258117526945,45.07077321452252,531.9575576782227,207
Torino,1950,7.5512536432588755,45.00861285911178,146.8032341003418,207
Torino,1950,7.682595182645264,45.054880642381285,678.3955612182617,207
Torino,1950,7.639120001324063,45.04993550586188,654.5551261901855,207
Torino,1950,7.701015459121088,45.0592397826623,568.9598999023438,207
Torino,1950,7.651577343406141,45.0755711032945,854.3907089233398,207
Torino,1950,7.62645961908644,45.10400674103544,345.6001396179199,207
Torino,1950,7.64604333636917,45.068324745879366,632.9657516479492,207
Torino,1950,7.669629958467005,45.04417890014329,684.4111175537109,207
Torino,1950,7.631677755337885,45.03243198494871,326.67303466796875,207
Torino,1950,7.568172188627537,45.063674580643486,441.86328887939453,207
Torino,1950,7.643630137913033,45.0508225885494,649.2607192993164,207
Torino,1950,7.681212617226107,45.10896084050456,293.5299415588379,207
Torino,1950,7.703475589930974,45.09853078179723,452.25542640686035,207
Torino,1950,7.58547889958709,45.02167095327534,388.35754013061523,207
Torino,1950,7.53543881030691,45.099582082688244,95.85762977600098,207
Torino,1950,7.68061235609391,45.091726974123844,455.97435569763184,207
Torino,1950,7.7049884488773115,45.07163044757295,373.40954208374023,207
Torino,1950,7.675823700970663,45.093998143274376,996.7463531494141,207
Torino,1950,7.618727312946567,45.071786787964776,650.4473342895508,207
Torino,1950,7.662197395990058,45.00251314727743,392.4929084777832,207
Torino,1950,7.6575102453755735,44.9970289025611,591.129467010498,207
Torino,1950,7.619745212605425,45.04618312130859,285.84597396850586,207
Torino,1950,7.67682049878626,45.02999137453962,159.7200469970703,207
Torino,1950,7.642088695243282,45.06816927218941,1053.1732635498047,207
Torino,1950,7.5748308322519,45.017939740423614,175.61302947998047,207
Torino,1950,7.595432221668627,45.02676801335346,395.3501148223877,207
Torino,1950,7.693227621289356,45.02889844309021,256.05351638793945,207
Torino,1950,7.6511403086666725,45.02079422004702,349.4733180999756,207
Torino,1950,7.634884201209651,45.075912380953646,679.8364715576172,207
Torino,1950,7.678232280782023,45.09405080399181,767.2253875732422,207
Torino,1950,7.688989491647964,45.10873391036605,236.21862411499023,207
Torino,1950,7.721096355118158,45.05553886732295,59.23372840881348,207
Torino,1950,7.547913324071796,45.10319628225424,405.06583404541016,207
Torino,1950,7.702162549435439,45.1060031344332,303.9661636352539,207
Torino,1950,7.701788279714994,45.078394104090336,412.272253036499,207
Torino,1950,7.722580455330619,45.103294371409206,571.4280166625977,207
Torino,1950,7.655867741992242,44.98896142021606,514.2615146636963,207
Torino,1950,7.6932103609429925,45.083591764302476,951.9638519287109,207
Torino,1950,7.65750057054794,45.100817762085015,877.5268707275391,207
Torino,1950,7.638892990550336,45.10506516423194,583.3407325744629,207
Torino,1950,7.658395127100778,45.05973688343602,576.4190139770508,207
Torino,1950,7.639061807159683,45.04027538960365,937.0801849365234,207
Torino,1950,7.570929008390403,45.0638980898475,459.9744453430176,207
Torino,1950,7.673439843856343,45.04758078249837,757.2548141479492,207
Torino,1950,7.631834856133529,45.05221358038209,313.7003593444824,207
Torino,1950,7.658242633917444,45.08256206821251,959.4372634887695,207
Torino,1950,7.657380694586709,45.11404528112595,639.7107162475586,207
Torino,1950,7.689843084352874,45.106352307153955,244.0170555114746,207
Torino,1950,7.635911532857993,45.06282497972102,649.5778980255127,207
Torino,1950,7.68219028183545,45.08777426140654,504.1624946594238,207
Torino,1950,7.647929895777308,45.11627059221904,243.84833335876465,207
Torino,1950,7.653654877540706,45.0042680421423,780.536247253418,207
Torino,1950,7.630011189810513,45.073373561120846,744.95556640625,207
Torino,1950,7.66698270257864,45.04763077637722,426.11305236816406,207
Torino,1950,7.615263985211105,45.080595108824,415.6128787994385,207
Torino,1950,7.696758917086669,45.069893844006515,750.3628845214844,207
Torino,1950,7.684365237911688,45.097559083855074,806.7430000305176,207
Torino,1950,7.5857386854237046,45.06768219214352,376.0101127624512,207
Torino,1950,7.649399542212051,45.012425532345176,325.36766052246094,207
Torino,1950,7.658355771668652,45.01068203379643,594.9842071533203,207
Torino,1950,7.6200964571010505,45.065491935468465,721.3622817993164,207
Torino,1950,7.685832582589996,44.99416682268999,17.39344024658203,207
Torino,1950,7.660094283790835,45.08096726346433,666.0822677612305,207
Torino,1950,7.64837884786162,45.08348441652574,637.9205493927002,207
Torino,1950,7.685765472219084,45.05806219421998,854.48779296875,207
Torino,1950,7.681784674651427,45.068689221681886,954.8925323486328,207
Torino,1950,7.6722818998880165,45.04353774799949,465.29610443115234,207
Torino,1950,7.721750162564583,45.07561517891241,368.81972312927246,207
Torino,1950,7.626650497341199,45.077291731671245,695.3659515380859,207
Torino,1950,7.636749952350832,45.033244315436995,802.1747627258301,207
Torino,1950,7.714172665077457,45.0720652354367,492.93404388427734,207
Torino,1950,7.700958049192464,45.00093101892579,309.8754234313965,207
Torino,1950,7.651610452000276,45.093337212761504,638.1968078613281,207
Torino,1950,7.662684342350797,45.030412375925124,369.6114864349365,207
Torino,1950,7.709246234174249,45.071739242810494,687.6029052734375,207
Torino,1950,7.544448147018743,45.00677287023017,177.98330688476562,207
Torino,1950,7.656927761051546,45.118435890722495,511.00280570983887,207
Torino,1950,7.6715507378396985,45.048399153631934,660.6616058349609,207
Torino,1950,7.539324419170111,45.069852242308784,462.53497886657715,207
Torino,1950,7.622131158693255,45.008784785124476,82.27878189086914,207
Torino,1950,7.640964475746093,45.10899813498047,455.2773914337158,207
Torino,1950,7.699407945889071,45.06931967277005,1003.5278015136719,207
Torino,1950,7.692789694624197,45.06195680271698,511.2266311645508,207
Torino,1950,7.599302447322228,45.07619292286458,291.38883209228516,207
Torino,1950,7.604057378457931,45.068216593555675,323.1847801208496,207
Torino,1950,7.701471574754122,45.085605772163944,357.2248306274414,207
Torino,1950,7.72224472979538,45.065908319430534,399.1805953979492,207
Torino,1950,7.706767887893099,45.08558576253314,184.50966262817383,207
Torino,1950,7.640028778414537,45.08166933610414,764.5740814208984,207
Torino,1950,7.655213267948081,45.04945268241943,434.7334041595459,207
Torino,1950,7.653758830266207,45.109143674998464,1087.930160522461,207
Torino,1950,7.623266289653167,45.014614214413726,402.37026596069336,207
Torino,1950,7.667257717592139,45.09139197843474,389.67002868652344,207
Torino,1950,7.561857473548387,45.0751373068302,706.8230400085449,207
Torino,1950,7.536493810794097,45.11082895998689,88.18675422668457,207
Torino,1950,7.651830192738819,45.03419805267025,554.4040451049805,207
Torino,1950,7.583362196403827,45.0470989441679,117.82637405395508,207
Torino,1950,7.649850317920519,44.99248926260072,540.0748977661133,207
Torino,1950,7.704480065020161,44.99284764282269,274.1409397125244,207
Torino,1950,7.7234006103445765,45.06884485536738,469.8572692871094,207
Torino,1950,7.643628915136268,44.986878171456254,144.16449356079102,207
Torino,1950,7.551951878807336,45.09728545382181,318.73075103759766,207
Torino,1950,7.663302810358809,45.004343116733054,319.44648361206055,207
Torino,1950,7.608380776352703,45.0448055401746,122.82982063293457,207
Torino,1950,7.671692828060648,45.09210357561412,721.4053955078125,207
Torino,1950,7.641621211860711,45.11082701470934,269.27658462524414,207
Torino,1950,7.68221702319427,45.05702565162113,797.7023620605469,207
Torino,1950,7.585823350000196,45.047238929671266,185.7096767425537,207
Torino,1950,7.649305530442921,45.04449151633997,748.1437759399414,207
Torino,1950,7.675566869765149,45.080078296038984,726.710319519043,207
Torino,1950,7.577664334261142,45.06175992955894,509.79857635498047,207
Torino,1950,7.543094731706687,45.10779867909038,152.1494369506836,207
Torino,1950,7.669987991112985,45.06710124185285,868.110595703125,207
Torino,1950,7.670032499601186,45.109865053814154,258.9315242767334,207
Torino,1950,7.554504106973351,45.00388641089348,241.23586654663086,207
Torino,1950,7.665719530051556,45.0989228614861,695.3752517700195,207
Torino,1950,7.671807814636415,45.06877449029866,910.0989608764648,207
Torino,1950,7.6418905648716935,45.03514595129655,683.4323616027832,207
Torino,1950,7.625838063134083,45.03581911993199,371.3766574859619,207
Torino,1950,7.668428658770871,45.06095114811929,759.1555480957031,207
Torino,1950,7.64928939528104,45.038661498213486,624.4896450042725,207
Torino,1950,7.654154266971531,44.99497430615039,458.8529644012451,207
Torino,1950,7.658834161019199,45.07267478080766,456.5603332519531,207
Torino,1950,7.641541131246827,45.037599305483944,714.1649398803711,207
Torino,1950,7.660827468383665,45.08308025544469,679.7459411621094,207
Torino,1950,7.659065968270756,45.05325623797216,841.5010681152344,207
Torino,1950,7.6310989613929605,45.03433064491627,506.5855178833008,207
Torino,1950,7.7009502293389955,45.12055234214374,211.7768325805664,207
Torino,1950,7.62880932922572,45.08180235838023,718.7895584106445,207
Torino,1950,7.652718822999219,45.03670643080817,620.9865894317627,207
Torino,1950,7.554975056860793,45.064561846171934,164.13971138000488,207
Torino,1950,7.537680909821774,45.06488868966994,224.3477783203125,207
Torino,1950,7.583323627070158,45.06748751995906,498.97029876708984,207
Torino,1950,7.616302714271488,45.07030486355386,880.8941497802734,207
Torino,1950,7.716356376101835,45.07045303697473,312.45233154296875,207
Torino,1950,7.659266033946129,45.106928961472114,805.2573623657227,207
Torino,1950,7.710778124117431,45.06965551911459,450.1836853027344,207
Torino,1950,7.662455200082389,45.04171753835065,577.1494750976562,207
Torino,1950,7.62558259541998,45.09746306489593,145.1459732055664,207
Torino,1950,7.690415710603976,45.08565679198881,976.7100067138672,207
Torino,1950,7.673667062222631,45.07849865691901,469.1950225830078,207
Torino,1950,7.616748148650854,45.03828463966968,395.9237632751465,207
Torino,1950,7.651061863555517,45.06244411409079,984.3181762695312,207
Torino,1950,7.642905955071968,45.07849120147458,885.0181198120117,207
Torino,1950,7.618149369257444,45.076798235744164,598.0084381103516,207
Torino,1950,7.662580141419299,45.01747345139222,681.3143882751465,207
Torino,1950,7.652726198371796,45.05092109350925,810.1415729522705,207
Torino,1950,7.711411630409148,45.06581959863132,538.1459732055664,207
Torino,1950,7.623271670686557,45.05541247337871,286.37916374206543,207
Torino,1950,7.574762776676146,45.082741143852104,519.4621658325195,207
Torino,1950,7.706864860937773,45.071022353746926,418.1014404296875,207
Torino,1950,7.653143577899336,45.040812205585354,371.64271545410156,207
Torino,1950,7.587483161018679,45.070869057672276,297.255558013916,207
Torino,1950,7.675411212572364,45.07166157972929,450.2171401977539,207
Torino,1950,7.554726593914948,45.07504753936855,170.35652542114258,207
Torino,1950,7.656207278849607,45.08351156370121,729.5884132385254,207
Torino,1950,7.6314390575411695,45.064403327939715,955.2898902893066,207
Torino,1950,7.708114216831986,45.064133567479935,583.281494140625,207
Torino,1950,7.648369778172789,45.10411885610311,756.2091636657715,207
Torino,1950,7.656337123577992,45.06092162906897,436.1504383087158,207
Torino,1950,7.654846039432041,44.99287239531615,486.41602897644043,207
Torino,1950,7.584193110552072,45.07249495986377,537.9076881408691,207
Torino,1950,7.638639109116782,45.09709712299512,407.48395919799805,207
Torino,1950,7.651573905282142,45.069894301278474,770.3428726196289,207
Torino,1950,7.630600334084914,45.01819079442754,275.1764144897461,207
Torino,1950,7.68487685346984,45.09985554477668,423.3201484680176,207
Torino,1950,7.578698676444721,45.08576330776781,210.90563201904297,207
Torino,1950,7.666792917607858,45.10869759948252,563.7129783630371,207
Torino,1950,7.635449579940157,45.1205894416959,295.2461738586426,207
Torino,1950,7.694598972110654,45.07721970484047,1159.0880432128906,207
Torino,1950,7.682029049928966,45.02961351859147,90.51627922058105,207
Torino,1950,7.687851880657341,45.11152418992811,120.30733871459961,207
Torino,1950,7.671432851199191,45.02338827292562,264.0203227996826,207
Torino,1950,7.626076501355022,45.04868755445738,758.7084655761719,207
Torino,1950,7.55778673906618,45.07124383439161,425.86095809936523,207
Torino,1950,7.623206290606235,45.11956403546864,197.66864395141602,207
Torino,1950,7.544523337645776,45.068347498969764,212.92895889282227,207
Torino,1950,7.6880751789638895,45.02782604550145,235.93298721313477,207
Torino,1950,7.622917724425657,45.05748775479469,290.3468933105469,207
Torino,1950,7.639210191229094,45.037555611453605,745.6755981445312,207
Torino,1950,7.664469517413048,45.109880113965374,620.6943302154541,207
Torino,1950,7.623700757963232,45.05074782994171,550.2026290893555,207
Torino,1950,7.701993522405321,45.05305544411095,70.14493942260742,207
Torino,1950,7.626995466234672,45.11845755964766,319.38488578796387,207
Torino,1950,7.659872756387035,45.085107992698404,656.9798450469971,207
Torino,1950,7.630366225940544,45.09619390846824,215.68714141845703,207
Torino,1950,7.657144152043967,45.02398167034279,281.0397262573242,207
Torino,1950,7.6908980060916035,45.02907264433782,213.30562591552734,207
Torino,1950,7.722281751435698,45.105593653682384,393.9325485229492,207
Torino,1950,7.6323839733985075,45.044643519956104,907.6112594604492,207
Torino,1950,7.6378637211336935,45.01098567084092,206.54204940795898,207
Torino,1950,7.682635364607811,45.104108961616234,554.0226669311523,207
Torino,1950,7.622637630451954,45.062741410897196,442.3079376220703,207
Torino,1950,7.643179679601898,45.064079931213946,950.5841674804688,207
Torino,1950,7.628365025338204,45.04635123559714,778.040828704834,207
Torino,1950,7.724129592189156,45.075905247261,469.51113510131836,207
Torino,1950,7.689343905745083,45.08110504810599,823.8427047729492,207
Torino,1950,7.7055214000212136,45.04908020881288,124.24349021911621,207
Torino,1950,7.6473588117028335,45.10841173680975,672.8743438720703,207
Torino,1950,7.567482424247064,45.075818160239265,593.0563583374023,207
Torino,1950,7.6330235024643684,45.04728643514985,877.6351737976074,207
Torino,1950,7.637196342881778,44.98993885876639,363.2920951843262,207
Torino,1950,7.592467424491043,45.04743386082688,154.040678024292,207
Torino,1950,7.717762898677067,45.078328228825534,176.053373336792,207
Torino,1950,7.674197292976001,45.06870698783522,1122.8316116333008,207
Torino,1950,7.673052755142981,45.10143792010779,816.3175239562988,207
Torino,1950,7.7253632076761845,45.116248375283995,204.26421928405762,207
Torino,1950,7.662899015423628,45.01460478825181,550.5443458557129,207
Torino,1950,7.659515064621134,45.0409729495165,629.9485969543457,207
Torino,1950,7.631272134590893,45.03686897032195,766.9391784667969,207
Torino,1950,7.643375933153923,45.02153299829341,741.5511207580566,207
Torino,1950,7.645060096981245,45.02688585441758,752.5150299072266,207
Torino,1950,7.67004973614696,45.080719460135555,710.4226455688477,207
Torino,1950,7.635002623392136,45.102220529979796,512.6879844665527,207
Torino,1950,7.7239786819608565,45.07281077234169,562.9183387756348,207
Torino,1950,7.62140151430239,45.0841526107898,701.053825378418,207
Torino,1950,7.571195893655516,45.06944373497436,712.2467803955078,207
Torino,1950,7.625482271812971,45.08215985088608,719.501880645752,207
Torino,1950,7.64607789624767,45.09934441641791,476.7637634277344,207
Torino,1950,7.6268030694301485,45.10586026345475,427.33385467529297,207
Torino,1950,7.6494069436187395,45.09341721112009,330.6380157470703,207
Torino,1950,7.655073591504161,45.035756595849826,554.0960540771484,207
Torino,1950,7.665302508503091,45.003261272679126,448.6577262878418,207
Torino,1950,7.629310142683869,45.07069739803666,623.2061176300049,207
Torino,1950,7.681805036368146,45.10675382709285,557.4866142272949,207
Torino,1950,7.597953784887062,45.00206983371452,236.26239395141602,207
Torino,1950,7.655894254800378,45.07290864828228,552.1269073486328,207
Torino,1950,7.6856365853221185,45.06414124832503,815.8615493774414,207
Torino,1950,7.639569197090608,45.07165963622412,550.5401077270508,207
Torino,1950,7.663789383612584,45.092642127093946,440.6807403564453,207
Torino,1950,7.615908443235182,45.0833261413147,504.84927558898926,207
Torino,1950,7.631053241554013,45.102346164162725,442.0727996826172,207
Torino,1950,7.66229804545785,45.04402199849761,632.545825958252,207
Torino,1950,7.648636882994973,45.11981325585951,526.2271308898926,207
Torino,1950,7.660318095158,45.07230488984063,440.99639892578125,207
Torino,1950,7.65167255572639,45.113115786763544,384.20618629455566,207
Torino,1950,7.56990110084707,45.07151583238283,519.7381935119629,207
Torino,1950,7.691430339862,45.098954159959355,878.5593643188477,207
Torino,1950,7.596394314690343,45.003510287762154,302.96360206604004,207
Torino,1950,7.651153038166188,45.044394157123676,269.2094478607178,207
Torino,1950,7.5616638008893915,45.07273132879158,476.4711227416992,207
Torino,1950,7.621297776296103,45.041821132454565,563.7336502075195,207
Torino,1950,7.698369637314562,45.10154408455014,580.1771507263184,207
Torino,1950,7.5356096233565975,45.00070016808355,228.01441955566406,207
Torino,1950,7.706307399584614,45.06309105641557,615.3296203613281,207
Torino,1950,7.702342903608961,45.109763912721114,382.9553737640381,207
Torino,1950,7.687725296588286,44.99946419314937,361.20227813720703,207
Torino,1950,7.54700915308931,45.110560872152064,272.3079128265381,207
Torino,1950,7.573037110784148,45.08108423298663,491.51552963256836,207
Torino,1950,7.659077711552205,45.020497866291656,709.676139831543,207
Torino,1950,7.63872431857103,45.02164422291744,765.1420745849609,207
Torino,1950,7.579469152121767,45.02378016811512,324.4499931335449,207
Torino,1950,7.706611830132258,45.115125577749474,387.58949279785156,207
Torino,1950,7.65541903881856,45.114159524429326,424.26670837402344,207
Torino,1950,7.6782899610889865,45.06342032516897,667.7403182983398,207
Torino,1950,7.579210270875847,45.021822439278516,371.646333694458,207
Torino,1950,7.632586141602842,45.03837909756395,611.848949432373,207
Torino,1950,7.705055565658552,45.0800206791167,331.2306251525879,207
Torino,1950,7.6121103239091745,45.06640322526189,462.2870407104492,207
Torino,1950,7.639018202211821,44.991187978543486,368.26412200927734,207
Torino,1950,7.5428005287644115,45.110070593901085,159.35534286499023,207
Torino,1950,7.665851193785163,45.063308511613,855.4931564331055,207
Torino,1950,7.6275347054212235,45.04164776140639,517.7293853759766,207
Torino,1950,7.57505462992903,45.03087149959973,177.84442710876465,207
Torino,1950,7.686150624533148,45.02938337362033,337.9717273712158,207
Torino,1950,7.642521248727642,45.0314958774043,465.21046257019043,207
Torino,1950,7.639165916109997,45.088818621635085,42.59828758239746,207
Torino,1950,7.71228676970499,45.067471285624755,393.4440002441406,207
Torino,1950,7.65425027234029,45.05285028720168,817.8305282592773,207
Torino,1950,7.686390018455389,45.10237271090507,569.9915447235107,207
Torino,1950,7.6603344208157855,45.044324072409935,491.0320625305176,207
Torino,1950,7.56870054078546,45.08816293415418,319.3722686767578,207
Torino,1950,7.625812563958865,45.101054908456334,219.9296817779541,207
Torino,1950,7.709500279110206,44.996642764574155,284.5990581512451,207
Torino,1950,7.685688061808969,45.11352348172341,107.22676277160645,207
Torino,1950,7.722469165522703,45.10082779283505,622.4563312530518,207
Torino,1950,7.637579300874748,45.00165249022667,377.2545528411865,207
Torino,1950,7.653343611466786,45.01358006056447,561.6191787719727,207
Torino,1950,7.644664169949167,45.039121062138015,701.27392578125,207
Torino,1950,7.6306958626995005,45.02506295073935,385.8376884460449,207
Torino,1950,7.577715461344436,45.07253147750838,631.3192863464355,207
Torino,1950,7.642337553978003,45.09710653684312,580.287467956543,207
Torino,1950,7.628271247134536,45.02642147289261,343.80125427246094,207
Torino,1950,7.621567366127499,45.07988853773716,701.5680618286133,207
Torino,1950,7.624538488195631,45.04184745663547,429.5082416534424,207
Torino,1950,7.686651880235404,44.99738203046249,216.78436470031738,207
Torino,1950,7.647268030562571,45.0816910933513,560.1144714355469,207
Torino,1950,7.707089330778639,45.05134235484226,192.3750514984131,207
Torino,1950,7.692608761752472,45.0714731221028,935.801139831543,207
Torino,1950,7.5495502606667815,45.007987592686725,100.94212532043457,207
Torino,1950,7.6310246169819145,45.06081386312953,605.2695293426514,207
Torino,1950,7.673763636837274,45.071726187372924,502.49182891845703,207
Torino,1950,7.707038674478904,45.10001297054636,148.1231460571289,207
Torino,1950,7.6902809809448165,45.074457128463045,821.1460304260254,207
Torino,1950,7.643978292330373,45.12446552497302,270.0441188812256,207
Torino,1950,7.590597475265427,45.06881535200052,109.79390716552734,207
Torino,1950,7.673258789368149,45.08999286785555,413.08156394958496,207
Torino,1950,7.648300901120505,45.11062524123937,571.1152019500732,207
Torino,1950,7.566851853266698,45.0713010763163,621.8692169189453,207
Torino,1950,7.553165471959459,45.07247224929947,273.71182441711426,207
Torino,1950,7.652631113318602,45.10174567987884,761.4618301391602,207
Torino,1950,7.615991548123512,45.03303939933226,224.7185516357422,207
Torino,1950,7.706213635539995,44.99356856598245,294.1499996185303,207
Torino,1950,7.695824804115369,45.06626294102865,715.2631759643555,207
Torino,1950,7.636488594279113,45.08373017817084,360.3713626861572,207
Torino,1950,7.557810467217349,45.06462164770788,188.90205001831055,207
Torino,1950,7.667610431877173,45.05509067885373,736.9591445922852,207
Torino,1950,7.549127584336504,45.09828270447576,318.3718681335449,207
Torino,1950,7.667627297628,45.077057963327846,620.4570121765137,207
Torino,1950,7.6651250172902445,45.08402530539758,851.6783294677734,207
Torino,1950,7.684057864760639,45.07142254508846,531.1821937561035,207
Torino,1950,7.695583542926643,45.054106671527244,544.7024536132812,207
Torino,1950,7.720008354600759,44.986776847572585,129.12134742736816,207
Torino,1950,7.664953333090128,45.05710347513051,472.8626708984375,207
Torino,1950,7.590246898940697,45.02116793987244,286.08539390563965,207
Torino,1950,7.6777684314587855,45.057749702564045,802.6123962402344,207
Torino,1950,7.682230290684763,45.07211764805969,842.4520568847656,207
Torino,1950,7.630749153172361,45.012670088140545,656.9423694610596,207
Torino,1950,7.626731828810122,45.00335167282657,149.9508762359619,207
Torino,1950,7.6057680896377295,45.07566768867959,313.7770137786865,207
Torino,1950,7.701816396648559,45.101051915437495,309.36102867126465,207
Torino,1950,7.642562463658055,45.02518955948233,536.183422088623,207
Torino,1950,7.657215160186014,45.089501383157746,707.0918025970459,207
Torino,1950,7.559622555362556,45.076662455873,451.8345375061035,207
Torino,1950,7.639963107074932,45.062095159613555,773.904613494873,207
Torino,1950,7.655638469256166,45.0316906354373,576.4675636291504,207
Torino,1950,7.70480654362214,45.12348897329328,493.1206932067871,207
Torino,1950,7.627298002637434,45.098148543452275,326.3371868133545,207
Torino,1950,7.627515631446578,45.074301085353575,769.4716339111328,207
Torino,1950,7.62446811640588,45.11071826477394,313.5796928405762,207
Torino,1950,7.6288401838062665,45.03897489634239,791.4631576538086,207
Torino,1950,7.675663722655398,45.05928779897619,540.5313034057617,207
Torino,1950,7.672223050725749,45.062101948559466,530.0537719726562,207
Torino,1950,7.633640407148538,45.03564036378056,718.474967956543,207
Torino,1950,7.640704662650905,45.026701778072464,647.4176406860352,207
Torino,1950,7.6903057670564365,45.09620655493639,993.5894393920898,207
Torino,1950,7.645466417957872,45.12019703002178,317.39074325561523,207
Torino,1950,7.665892166228751,45.02107084975295,749.4704132080078,207
Torino,1950,7.685504857529122,45.09089164970248,336.91711807250977,207
Torino,1950,7.665414359970596,45.00605695479039,154.98090744018555,207
Torino,1950,7.62478278036316,45.103319587228924,193.6418514251709,207
Torino,1950,7.6428391071387995,45.083349384399035,845.5037994384766,207
Torino,1950,7.632912108836916,44.98416682272999,41.10472869873047,207
Torino,1950,7.6486435376496535,45.106593389388046,752.609073638916,207
Torino,1950,7.681026163662103,45.04076911433374,308.8720073699951,207
Torino,1950,7.636647551932857,45.10003107617593,433.56659507751465,207
Torino,1950,7.682086480271434,44.997532181543505,246.5366096496582,207
Torino,1950,7.6810428780416915,45.063349852979655,926.7039031982422,207
Torino,1950,7.570720871151523,45.08763622575836,343.6129779815674,207
Torino,1950,7.643101759691989,44.99086013677396,561.9156265258789,207
Torino,1950,7.646365790405247,45.03606473654875,830.6613121032715,207
Torino,1950,7.548523759105324,45.072633771348144,216.13010025024414,207
Torino,1950,7.7131115625905435,45.07395088703932,100.17293930053711,207
Torino,1950,7.65620710374458,45.06734370871807,647.7745018005371,207
Torino,1950,7.553136326106943,45.01208893559556,142.01337432861328,207
Torino,1950,7.646330374128665,45.01558255252386,280.6863555908203,207
Torino,1950,7.685222614969241,44.99537421861945,149.70060348510742,207
Torino,1950,7.633049065507229,45.05438112392819,439.3997459411621,207
Torino,1950,7.6433936942584575,45.01821111592735,533.4359321594238,207
Torino,1950,7.641031963008087,45.05163306748786,413.72283935546875,207
Torino,1950,7.585704727846557,45.0699501237602,442.36059951782227,207
Torino,1950,7.651612421358563,45.012419396615286,542.3971290588379,207
Torino,1950,7.624543329596723,45.046333935946784,569.6789245605469,207
Torino,1950,7.6282401194149365,45.0337302982627,234.9453353881836,207
Torino,1950,7.694994746019913,45.09166847887837,891.6236267089844,207
Torino,1950,7.650428559663265,45.10851673800211,872.4599533081055,207
Torino,1950,7.644094600823789,45.067004696396445,845.9704360961914,207
Torino,1950,7.685487767825326,45.07936241587279,867.7822914123535,207
Torino,1950,7.635887515665052,45.019723958119144,695.6469802856445,207
Torino,1950,7.682291693664684,45.08430580855867,475.2243423461914,207
Torino,1950,7.5407672313618805,45.00839566323965,269.285099029541,207
Torino,1950,7.650404255252379,45.08353395113718,409.28587341308594,207
Torino,1950,7.695640028019547,44.99370978612377,172.4178237915039,207
Torino,1950,7.672405586779759,45.09671274365902,728.2014064788818,207
Torino,1950,7.692695595697945,45.0926350284573,936.977897644043,207
Torino,1950,7.675139548534736,45.07755599049491,463.17089462280273,207
Torino,1950,7.6090298686415085,45.02203877562176,271.41504096984863,207
Torino,1950,7.579308551643986,45.01611394597229,135.38805389404297,207
Torino,1950,7.5440885011794245,45.112335999507245,206.2111988067627,207
Torino,1950,7.545629354852622,45.11358439250796,167.1571273803711,207
Torino,1950,7.595252227950649,45.07627341423329,182.16139602661133,207
Torino,1950,7.594763315915082,45.00320745399941,136.87637519836426,207
Torino,1950,7.677477335566903,45.07163616827824,786.7217636108398,207
Torino,1950,7.568378179548347,45.094573239096285,145.34910202026367,207
Torino,1950,7.6682829791248395,45.0989228837782,874.6833724975586,207
Torino,1950,7.669644652505241,45.10690923448544,342.1771945953369,207
Torino,1950,7.663333797290204,45.054771535576364,685.4054489135742,207
Torino,1950,7.571725006529109,45.07814618550122,579.2597885131836,207
Torino,1950,7.668246606908377,45.07503278995444,682.4363098144531,207
Torino,1950,7.644007148575572,45.05728031444369,735.8951797485352,207
Torino,1950,7.6543996677457145,45.09185996145989,768.5942459106445,207
Torino,1950,7.672153159556906,45.0396364088586,546.8663921356201,207
Torino,1950,7.66320437027415,45.0765241394482,590.2508163452148,207
Torino,1950,7.648985875424686,45.04706153026807,846.0338821411133,207
Torino,1950,7.622278620678603,45.03865593206612,547.046989440918,207
Torino,1950,7.6832953032806985,45.08026880647059,789.8199615478516,207
Torino,1950,7.656705672947305,45.077465128279826,797.4747924804688,207
Torino,1950,7.55256289890249,45.10575014430358,290.4848804473877,207
Torino,1950,7.598517867722736,44.99995091244793,196.7119960784912,207
Torino,1950,7.683091477808323,45.04042166245392,521.4898204803467,207
Torino,1950,7.663468010504855,45.02388597721139,666.9267139434814,207
Torino,1950,7.643428885087226,45.10590618174341,506.3775825500488,207
Torino,1950,7.706743815208773,45.0791898748437,470.27591705322266,207
Torino,1950,7.676451292883231,45.055774827438185,550.5102844238281,207
Torino,1950,7.690526253294835,45.050064723441615,227.2188777923584,207
Torino,1950,7.678301043300775,45.080867559171494,823.8611602783203,207
Torino,1950,7.710623473644978,45.0819435921478,284.6819438934326,207
Torino,1950,7.600568797207064,45.02740172878701,381.72071075439453,207
Torino,1950,7.677844511169274,45.088763439572375,1022.8851261138916,207
Torino,1950,7.715998559404321,45.07725927507766,177.69808387756348,207
Torino,1950,7.690744629210661,45.05282012124326,498.19476318359375,207
Torino,1950,7.619185900602281,45.014959123612485,601.9863777160645,207
Torino,1950,7.54889299678831,45.009248843969274,191.67503929138184,207
Torino,1950,7.669953949050217,45.05730163172817,530.4462127685547,207
Torino,1950,7.6386463466342285,45.067403625253,965.078727722168,207
Torino,1950,7.611440858834798,45.028232853029664,158.97342109680176,207
Torino,1950,7.679126463371783,45.052334116339495,773.7647171020508,207
Torino,1950,7.657616276836111,45.07153430797717,487.7484893798828,207
Torino,1950,7.663301474117205,45.046143047483966,417.50240325927734,207
Torino,1950,7.668489651739206,45.041598035253855,398.3445930480957,207
Torino,1950,7.677373793543612,45.01749674900707,197.0164394378662,207
Torino,1950,7.622806619112895,45.03496467965241,420.0868740081787,207
Torino,1950,7.714697024063402,44.993301182367894,339.2453098297119,207
Torino,1950,7.674226818430357,45.05698222996918,701.5336837768555,207
Torino,1950,7.650391497928761,45.03241212469061,750.8554382324219,207
Torino,1950,7.66915482956256,44.99700841890799,222.9145679473877,207
Torino,1950,7.655077299310862,44.99697162372701,543.265380859375,207
Torino,1950,7.663325796163962,45.06902119896491,476.3441925048828,207
Torino,1950,7.647634792514132,45.07186379619115,1168.6453094482422,207
Torino,1950,7.634450815367107,45.01725277122444,573.9070053100586,207
Torino,1950,7.653839828678549,45.05852414991017,889.9225769042969,207
Torino,1950,7.574257433460053,45.06949441803555,548.1012725830078,207
Torino,1950,7.653363020449422,45.08356130863781,551.217456817627,207
Torino,1950,7.686670608802859,45.109798663310926,161.76729202270508,207
Torino,1950,7.7077607223834566,45.0530432089104,300.63902282714844,207
Torino,1950,7.626037028999224,45.10984809043006,261.9890537261963,207
Torino,1950,7.622571360065556,45.06009655042358,599.1166610717773,207
Torino,1950,7.68708368974509,45.033029507606294,338.0359802246094,207
Torino,1950,7.717157559944511,45.109643202478075,190.69658660888672,207
Torino,1950,7.6765500671688365,45.099056337569124,752.0329055786133,207
Torino,1950,7.610801542357581,45.07932365113062,257.786075592041,207
Torino,1950,7.610557632996258,45.02984104087795,184.8500576019287,207
Torino,1950,7.664801501282056,44.98712533693489,100.53821754455566,207
Torino,1950,7.580673341821715,45.04884231387571,97.91372489929199,207
Torino,1950,7.579658014100737,45.07060361021585,651.6559295654297,207
Torino,1950,7.643337702618152,45.053125563674996,391.3510341644287,207
Torino,1950,7.703699895546811,45.12017243767358,362.6456699371338,207
Torino,1950,7.566669482547885,45.09292718783826,81.50911903381348,207
Torino,1950,7.69834092389919,45.085374279575596,319.3770065307617,207
Torino,1950,7.622659076471225,45.02468741547851,544.4235534667969,207
Torino,1950,7.666975762626546,45.082282277700415,770.1073837280273,207
Torino,1950,7.6650359198459155,45.072472387464416,642.9468040466309,207
Torino,1950,7.712505384658569,44.9948825009623,314.27090644836426,207
Torino,1950,7.535228362638552,45.10113134213453,64.66410064697266,207
Torino,1950,7.645845238705331,45.10644907341836,530.3083877563477,207
Torino,1950,7.674594293540547,45.07412376839228,540.8872375488281,207
Torino,1950,7.663366671848932,45.02207551427476,503.3059387207031,207
Torino,1950,7.669294262934682,44.995111758214094,281.5141944885254,207
Torino,1950,7.714093779339601,45.07035534882482,513.1118221282959,207
Torino,1950,7.62570827594315,45.04326171730169,222.92125701904297,207
Torino,1950,7.679433952192168,45.03230384988377,349.66493034362793,207
Torino,1950,7.697627022975824,45.057489143718485,465.71397399902344,207
Torino,1950,7.665003450854585,45.03212779707356,474.40602111816406,207
