N,seed,policy,best_score
80,1,closest_only,235.36133415713206
80,11,closest_only,226.69850814441563
80,21,closest_only,224.93960496906402
