N,seed,policy,best_score
20,1,closest_only,55.343494174008896
20,11,closest_only,48.63426842477487
20,21,closest_only,52.30685187061759
