site,load_exact,load_best,x_exact,x_best,diff_best_minus_exact
41,0.0,31.42114070045508,0,1,31.42114070045508
21,28.171435649443236,28.171435649442344,1,1,-8.917311333789257e-13
34,24.357576829784012,24.357576829784012,1,1,0.0
15,23.23485024517281,23.234850245172815,1,1,3.552713678800501e-15
69,22.22388915267128,22.22388915266684,1,1,-4.440892098500626e-12
63,0.0,21.937304134761366,0,1,21.937304134761366
55,0.0,20.188172501160135,0,1,20.188172501160135
51,14.796635711715469,14.796635711715469,1,1,0.0
23,20.18817250116014,0.0,1,0,-20.18817250116014
