{
  "MODE": "integer",
  "N": 80,
  "seed": 11,
  "policy": "closest_only",
  "P": 8,
  "Q": 34.285714285714285,
  "D": 1.5,
  "max_iter": 150,
  "dr_time_limit": 900.0,
  "greedy_mode": "W2",
  "destroy_mode": "demand_high",
  "exact_time_limit": 600.0,
  "exact_mip_gap": 0.005,
  "score_exact": 186.33100492517315,
  "score_LS": 181.2645543255986,
  "score_DR": 186.3310049251581,
  "time_exact": 2.39073279988952,
  "time_LS": 5.631112800212577,
  "max_chargers_per_site": 5
}