{
  "MODE": "integer",
  "N": 80,
  "seed": 11,
  "policy": "closest_only",
  "P": 21,
  "Q": 34.285714285714285,
  "D": 2.8,
  "max_iter": 60,
  "dr_time_limit": 600.0,
  "greedy_mode": "W2",
  "destroy_mode": "demand_high",
  "exact_time_limit": 120.0,
  "exact_mip_gap": 0.02,
  "score_exact": 238.97767742151822,
  "score_LS": 238.97767742151822,
  "score_DR": 238.97767742151822,
  "time_exact": 2.747884700074792,
  "time_LS": 11.277435599826276,
  "max_chargers_per_site": 5
}